-- phpMyAdmin SQL Dump
-- version 5.2.1
-- https://www.phpmyadmin.net/
--
-- Počítač: 127.0.0.1:3306
-- Vytvořeno: Stř 19. bře 2025, 20:36
-- Verze serveru: 10.11.10-MariaDB
-- Verze PHP: 7.2.34

SET SQL_MODE = "NO_AUTO_VALUE_ON_ZERO";
START TRANSACTION;
SET time_zone = "+00:00";


/*!40101 SET @OLD_CHARACTER_SET_CLIENT=@@CHARACTER_SET_CLIENT */;
/*!40101 SET @OLD_CHARACTER_SET_RESULTS=@@CHARACTER_SET_RESULTS */;
/*!40101 SET @OLD_COLLATION_CONNECTION=@@COLLATION_CONNECTION */;
/*!40101 SET NAMES utf8mb4 */;

--
-- Databáze: `u114951875_laplink`
--

DELIMITER $$
--
-- Procedury
--
CREATE DEFINER=`u114951875_lapdb`@`127.0.0.1` PROCEDURE `CreateActiveEventPhaseResult` (IN `EventId` INT, IN `EventPhaseId` INT)   BEGIN
    DECLARE v_result_type VARCHAR(4);

    SELECT ep.result_type 
      INTO v_result_type
      FROM event_phase ep
     WHERE ep.id = EventPhaseId;

    DELETE FROM event_result 
     WHERE event_phase_id = EventPhaseId
       AND event_registration_id IN (
           SELECT id 
             FROM event_registration 
            WHERE event_id = EventId
       );

    IF v_result_type = 'MIN' THEN
        INSERT INTO event_result (event_registration_id, event_phase_id, total_time, points, position)
        SELECT 
            er.id,
            EventPhaseId,
            MIN(el.laptime) AS total_time,

            CASE
                WHEN cc.name = 'S1+' THEN
                    0
                WHEN EventPhaseId = 2 THEN
                    CASE 
                      WHEN ROW_NUMBER() OVER (
                             PARTITION BY er.car_category_id 
                             ORDER BY 
                               CASE WHEN EventPhaseId = 3 AND er.dnf = 1 THEN 1 ELSE 0 END,
                               MIN(el.laptime)
                           ) = 1 THEN 6
                      WHEN ROW_NUMBER() OVER (
                             PARTITION BY er.car_category_id 
                             ORDER BY 
                               CASE WHEN EventPhaseId = 3 AND er.dnf = 1 THEN 1 ELSE 0 END,
                               MIN(el.laptime)
                           ) = 2 THEN 3
                      WHEN ROW_NUMBER() OVER (
                             PARTITION BY er.car_category_id 
                             ORDER BY 
                               CASE WHEN EventPhaseId = 3 AND er.dnf = 1 THEN 1 ELSE 0 END,
                               MIN(el.laptime)
                           ) = 3 THEN 1
                      ELSE 0
                    END
                ELSE
                    0
            END AS points,

            ROW_NUMBER() OVER (
                PARTITION BY er.car_category_id 
                ORDER BY 
                    CASE WHEN EventPhaseId = 3 AND er.dnf = 1 THEN 1 ELSE 0 END,
                    MIN(el.laptime)
            ) AS position

        FROM event_registration er
        INNER JOIN event_lap el 
                ON er.id = el.event_registration_id
        INNER JOIN car_category cc
                ON er.car_category_id = cc.id
        WHERE er.event_id = EventId
          AND el.event_phase_id = EventPhaseId
        GROUP BY er.id, er.car_category_id, cc.name
        HAVING MIN(el.laptime) IS NOT NULL
        ORDER BY er.car_category_id,
                 CASE WHEN EventPhaseId = 3 AND er.dnf = 1 THEN 1 ELSE 0 END,
                 MIN(el.laptime);

    ELSEIF v_result_type = 'SUM' THEN
        INSERT INTO event_result (event_registration_id, event_phase_id, total_time, points, position)
        SELECT 
            er.id,
            EventPhaseId,
            SEC_TO_TIME(
                FLOOR(SUM(TIME_TO_SEC(el.laptime)))
            ) + INTERVAL ROUND(MOD(SUM(TIME_TO_SEC(el.laptime)), 1), 3) SECOND,
            0,
            ROW_NUMBER() OVER (
                PARTITION BY er.car_category_id 
                ORDER BY 
                  CASE WHEN EventPhaseId = 3 AND er.dnf = 1 THEN 1 ELSE 0 END, 
                  SUM(TIME_TO_SEC(el.laptime))
            ) AS position
        FROM event_registration er
        INNER JOIN event_lap el 
                ON er.id = el.event_registration_id
        WHERE er.event_id = EventId
          AND el.event_phase_id = EventPhaseId
          AND el.laptime IS NOT NULL
        GROUP BY er.id, er.car_category_id
        HAVING SUM(TIME_TO_SEC(el.laptime)) IS NOT NULL
        ORDER BY er.car_category_id,
                 CASE WHEN EventPhaseId = 3 AND er.dnf = 1 THEN 1 ELSE 0 END,
                 SUM(TIME_TO_SEC(el.laptime));

        UPDATE event_result er
        INNER JOIN points_definition pd 
                ON er.position = pd.position
        INNER JOIN event_registration reg 
                ON er.event_registration_id = reg.id
        INNER JOIN car_category cc
                ON reg.car_category_id = cc.id
        SET er.points = pd.points
        WHERE reg.event_id = EventId
          AND er.event_phase_id = EventPhaseId
          AND cc.name <> 'S1+';
    END IF;

END$$

CREATE DEFINER=`u114951875_lapdb`@`127.0.0.1` PROCEDURE `DeleteCar` (IN `input_car_id` INT)   BEGIN
    DELETE FROM event_result
    WHERE event_registration_id IN (
        SELECT id FROM event_registration WHERE car_id = input_car_id
    );

    DELETE FROM event_lap
    WHERE event_registration_id IN (
        SELECT id FROM event_registration WHERE car_id = input_car_id
    );

    DELETE FROM event_registration
    WHERE car_id = input_car_id;

    DELETE FROM car
    WHERE id = input_car_id;
END$$

CREATE DEFINER=`u114951875_lapdb`@`127.0.0.1` PROCEDURE `DeleteDriver` (IN `input_driver_id` INT)   BEGIN
    DELETE FROM event_result
    WHERE event_registration_id IN (
        SELECT id FROM event_registration WHERE driver_id = input_driver_id
    );

    DELETE FROM event_lap
    WHERE event_registration_id IN (
        SELECT id FROM event_registration WHERE driver_id = input_driver_id
    );

    DELETE FROM event_registration
    WHERE driver_id = input_driver_id;

    DELETE FROM driver
    WHERE id = input_driver_id;
END$$

CREATE DEFINER=`u114951875_lapdb`@`127.0.0.1` PROCEDURE `DeleteEvent` (IN `in_event_id` SMALLINT)   BEGIN
    DELETE FROM event_result
    WHERE event_registration_id IN (
        SELECT id FROM event_registration WHERE event_id = in_event_id
    );

    DELETE FROM event_lap
    WHERE event_registration_id IN (
        SELECT id FROM event_registration WHERE event_id = in_event_id
    );

    DELETE FROM event_registration
    WHERE event_id = in_event_id;
    
    DELETE FROM event
    WHERE id = in_event_id;
END$$

CREATE DEFINER=`u114951875_lapdb`@`127.0.0.1` PROCEDURE `DeleteEventRegistration` (IN `registration_id` INT)   BEGIN
    DELETE FROM event_lap WHERE event_registration_id = registration_id;
    
    DELETE FROM event_result WHERE event_registration_id = registration_id;
    
    DELETE FROM event_registration WHERE id = registration_id;
END$$

CREATE DEFINER=`u114951875_lapdb`@`127.0.0.1` PROCEDURE `DeleteSeries` (IN `input_series_id` INT)   BEGIN
    DELETE FROM event_result
    WHERE event_registration_id IN (
        SELECT id FROM event_registration
        WHERE event_id IN (
            SELECT id FROM event WHERE series_id = input_series_id
        )
    );

    DELETE FROM event_lap
    WHERE event_registration_id IN (
        SELECT id FROM event_registration
        WHERE event_id IN (
            SELECT id FROM event WHERE series_id = input_series_id
        )
    );

    DELETE FROM event_registration
    WHERE event_id IN (
        SELECT id FROM event WHERE series_id = input_series_id
    );

    DELETE FROM event
    WHERE series_id = input_series_id;

    DELETE FROM series
    WHERE id = input_series_id;
END$$

CREATE DEFINER=`u114951875_lapdb`@`127.0.0.1` PROCEDURE `InsertLapTime` (IN `p_web_user` VARCHAR(64), IN `p_event_id` INT, IN `p_laptime` VARCHAR(12), IN `p_event_phase_id` INT)   BEGIN
    DECLARE v_event_registration_id INT;
    DECLARE v_driver_id INT;

    SELECT id INTO v_driver_id
    FROM driver
    WHERE web_user = p_web_user COLLATE utf8mb4_unicode_ci
    LIMIT 1;

    SELECT id INTO v_event_registration_id
    FROM event_registration
    WHERE driver_id = v_driver_id AND event_id = p_event_id
    LIMIT 1;

    INSERT INTO event_lap (event_registration_id, laptime, event_phase_id)
    VALUES (v_event_registration_id, p_laptime, p_event_phase_id);
END$$

CREATE DEFINER=`u114951875_lapdb`@`127.0.0.1` PROCEDURE `UpdateActiveEventPhaseResults` (IN `EventId` INT, IN `EventPhaseId` INT)   BEGIN
    DECLARE v_result_type VARCHAR(4);

    SELECT ep.result_type INTO v_result_type
    FROM event_phase ep
    WHERE ep.id = EventPhaseId;

    DELETE FROM event_result 
    WHERE event_phase_id = EventPhaseId
    AND event_registration_id IN (
        SELECT id FROM event_registration WHERE event_id = EventId
    );

    IF v_result_type = 'MIN' THEN
        INSERT INTO event_result (event_registration_id, event_phase_id, total_time, position)
        SELECT 
            er.id AS event_registration_id,
            EventPhaseId,
            MIN(el.laptime) AS total_time,
            ROW_NUMBER() OVER (
                PARTITION BY er.car_category_id 
                ORDER BY MIN(el.laptime)
            ) AS position
        FROM 
            event_registration er
        INNER JOIN event_lap el ON er.id = el.event_registration_id
        WHERE 
            er.event_id = EventId
            AND el.event_phase_id = EventPhaseId
        GROUP BY 
            er.id, er.car_category_id
        HAVING MIN(el.laptime) IS NOT NULL;

    ELSEIF v_result_type = 'SUM' THEN
        INSERT INTO event_result (event_registration_id, event_phase_id, total_time, position)
        SELECT 
            er.id AS event_registration_id,
            EventPhaseId,
            SEC_TO_TIME(SUM(TIME_TO_SEC(el.laptime))) AS total_time,
            ROW_NUMBER() OVER (
                PARTITION BY er.car_category_id 
                ORDER BY SUM(TIME_TO_SEC(el.laptime))
            ) AS position
        FROM 
            event_registration er
        INNER JOIN event_lap el ON er.id = el.event_registration_id
        WHERE 
            er.event_id = EventId
            AND el.event_phase_id = EventPhaseId
        GROUP BY 
            er.id, er.car_category_id
        HAVING SUM(TIME_TO_SEC(el.laptime)) IS NOT NULL;
    END IF;

END$$

DELIMITER ;

-- --------------------------------------------------------

--
-- Struktura tabulky `car`
--

CREATE TABLE `car` (
  `id` smallint(5) UNSIGNED NOT NULL,
  `maker` varchar(16) NOT NULL,
  `type` varchar(16) NOT NULL,
  `note` varchar(32) DEFAULT NULL,
  `default_driver_id` int(11) DEFAULT NULL
) ENGINE=InnoDB DEFAULT CHARSET=utf8mb4 COLLATE=utf8mb4_general_ci;

--
-- Vypisuji data pro tabulku `car`
--

INSERT INTO `car` (`id`, `maker`, `type`, `note`, `default_driver_id`) VALUES
(135, 'Peugeot', '206', NULL, 3),
(136, 'Toyota', 'Auris', NULL, 5),
(137, 'Subaru', 'BRZ', NULL, 7),
(138, 'Ford', 'Mustang', NULL, 351),
(139, 'Audi', 'RS6 GT', NULL, 351),
(140, 'Porsche', '911 GT3', NULL, 364),
(141, 'McLaren', '720S', NULL, 357),
(142, 'Opel', 'Astra', NULL, 363),
(143, 'Toyota', 'Supra mk.3', NULL, 360),
(144, 'Škoda', 'Octavia mk.2', NULL, 356),
(145, 'Caterha', 'CT01', NULL, 388);

-- --------------------------------------------------------

--
-- Struktura tabulky `car_category`
--

CREATE TABLE `car_category` (
  `id` tinyint(4) NOT NULL,
  `name` varchar(3) NOT NULL,
  `description` varchar(38) DEFAULT NULL
) ENGINE=InnoDB DEFAULT CHARSET=utf8mb4 COLLATE=utf8mb4_general_ci;

--
-- Vypisuji data pro tabulku `car_category`
--

INSERT INTO `car_category` (`id`, `name`, `description`) VALUES
(1, 'S1+', 'S1+ nad 238 se slickem, aero apod.'),
(2, 'S1', 'S1 nad 238'),
(3, 'S2', 'S2 209-238'),
(4, 'S3', 'S3 180-209'),
(5, 'S4', 'S4 150-180'),
(6, 'S5', 'S5 120-150'),
(7, 'S6', 'do 120');

-- --------------------------------------------------------

--
-- Struktura tabulky `car_configuration`
--

CREATE TABLE `car_configuration` (
  `id` smallint(11) NOT NULL,
  `note` varchar(256) DEFAULT NULL,
  `power` smallint(6) DEFAULT NULL,
  `weight` smallint(6) DEFAULT NULL,
  `power_weight_ratio` decimal(5,1) DEFAULT NULL,
  `aero_upgrade` decimal(4,3) DEFAULT NULL,
  `excessive_modifications` tinyint(1) DEFAULT NULL,
  `excessive_chamber` decimal(4,3) DEFAULT NULL,
  `liquid_leakage` tinyint(1) DEFAULT NULL,
  `rear_lights` tinyint(1) DEFAULT NULL,
  `safe` tinyint(1) DEFAULT NULL,
  `street_legal_tires` decimal(4,3) DEFAULT NULL,
  `seat` decimal(4,3) DEFAULT NULL,
  `seatbelt` decimal(4,3) DEFAULT NULL,
  `widebody` decimal(4,3) DEFAULT NULL,
  `wide_tires` decimal(4,3) DEFAULT NULL
) ENGINE=InnoDB DEFAULT CHARSET=utf8mb4 COLLATE=utf8mb4_general_ci;

--
-- Vypisuji data pro tabulku `car_configuration`
--

INSERT INTO `car_configuration` (`id`, `note`, `power`, `weight`, `power_weight_ratio`, `aero_upgrade`, `excessive_modifications`, `excessive_chamber`, `liquid_leakage`, `rear_lights`, `safe`, `street_legal_tires`, `seat`, `seatbelt`, `widebody`, `wide_tires`) VALUES
(181, NULL, 74, 1025, 7.0, 2.350, 0, 2.830, 0, 1, 1, 3.850, 4.800, 1.100, 4.600, 0.000),
(182, NULL, 620, 2740, 10.0, 2.350, 0, 2.830, 0, 1, 1, 3.850, 4.800, 1.100, 4.600, 0.000),
(183, 'Tomáš Toman, Toyota Auris', 60, 1300, 66.2, 0.005, 0, 0.000, 0, 1, 1, 0.000, 0.000, 0.000, 0.000, 0.015),
(184, '', 200, 1000, 251.0, 0.015, 0, 0.006, 0, 1, 1, 0.000, 0.002, 0.003, 0.010, 0.015),
(185, '', 130, 1100, 126.2, 0.003, 0, 0.000, 0, 0, 0, 0.000, 0.000, 0.000, 0.000, 0.005),
(186, '', 50, 1300, 46.5, 0.003, 0, 0.000, 0, 1, 1, 0.000, 0.000, 0.000, 0.000, 0.005),
(187, '', 251, 1300, 241.1, 0.003, 0, 0.000, 0, 1, 1, 0.030, 0.000, 0.000, 0.000, 0.015),
(188, 'test', 222, 1344, 183.2, 0.003, 0, 0.000, 1, 0, 1, 0.000, 0.000, 0.000, 0.000, 0.015),
(189, '', 150, 1300, 123.4, 0.003, 0, 0.000, 0, 0, 0, 0.000, 0.000, 0.000, 0.000, 0.005),
(190, '', 130, 1599, 89.3, 0.003, 0, 0.000, 0, 0, 0, 0.000, 0.000, 0.000, 0.000, 0.005),
(191, NULL, 1453, 1696, 0.9, 0.516, 1, 0.735, 1, 0, 0, 0.618, 0.898, 0.451, 0.431, 0.594),
(192, NULL, 1312, 1441, 0.9, 0.710, 1, 0.016, 0, 0, 0, 0.895, 0.895, 0.734, 0.387, 0.145),
(193, NULL, 992, 1104, 0.9, 0.380, 0, 0.230, 1, 1, 0, 1.000, 0.078, 0.780, 0.964, 0.201),
(194, NULL, 935, 1208, 0.8, 0.332, 0, 0.112, 1, 1, 0, 0.830, 0.847, 0.895, 0.018, 0.862),
(195, NULL, 1118, 1057, 1.1, 0.802, 0, 0.481, 0, 0, 1, 0.941, 0.627, 0.794, 0.812, 0.437),
(196, NULL, 973, 1731, 0.6, 0.337, 0, 0.432, 0, 0, 1, 0.424, 0.493, 0.765, 0.683, 0.062),
(197, NULL, 958, 1331, 0.7, 0.306, 1, 0.658, 0, 0, 1, 0.426, 0.869, 0.415, 0.723, 0.583),
(198, NULL, 722, 1666, 0.4, 0.396, 0, 0.858, 0, 0, 0, 0.684, 0.579, 0.510, 0.120, 0.644),
(199, NULL, 389, 1652, 0.2, 0.022, 0, 0.269, 0, 1, 0, 0.910, 0.534, 0.351, 0.599, 0.736),
(200, NULL, 1023, 1364, 0.8, 0.593, 0, 0.414, 1, 0, 0, 0.474, 0.272, 0.814, 0.316, 0.171),
(201, NULL, 1154, 1610, 0.7, 0.477, 0, 0.734, 1, 1, 0, 0.704, 0.047, 0.904, 0.114, 0.086),
(202, NULL, 593, 1634, 0.4, 0.432, 0, 0.062, 1, 1, 0, 0.689, 0.691, 0.220, 0.868, 0.983),
(203, NULL, 786, 1424, 0.6, 0.018, 1, 0.890, 1, 0, 1, 0.772, 0.644, 0.221, 0.411, 0.462),
(204, NULL, 465, 1068, 0.4, 0.184, 0, 0.557, 1, 1, 0, 0.043, 0.752, 0.165, 0.463, 0.257),
(205, NULL, 541, 1006, 0.5, 0.755, 0, 0.585, 0, 1, 1, 0.056, 0.982, 0.245, 0.417, 0.654),
(206, NULL, 291, 1036, 0.3, 0.628, 1, 0.590, 1, 0, 0, 0.604, 0.409, 0.110, 0.521, 0.622),
(207, NULL, 697, 1177, 0.6, 0.934, 1, 0.397, 0, 0, 0, 0.054, 0.208, 0.100, 0.040, 0.761),
(208, NULL, 589, 1624, 0.4, 0.036, 1, 0.131, 1, 1, 0, 0.743, 0.717, 0.635, 0.541, 0.026),
(209, NULL, 468, 1010, 0.5, 0.438, 1, 0.493, 0, 1, 0, 0.011, 0.320, 0.592, 0.684, 0.893),
(210, NULL, 161, 853, 0.2, 0.866, 0, 0.489, 1, 1, 0, 0.795, 0.304, 0.237, 0.010, 0.771),
(211, NULL, 1140, 1412, 0.8, 0.322, 1, 0.913, 0, 1, 0, 0.506, 0.456, 0.437, 0.956, 0.076),
(212, NULL, 1120, 1346, 0.8, 0.949, 1, 0.167, 0, 1, 0, 0.429, 0.967, 0.063, 0.224, 0.016),
(213, NULL, 545, 1290, 0.4, 0.352, 0, 0.723, 0, 0, 0, 0.768, 0.732, 0.779, 0.977, 0.774),
(214, NULL, 189, 862, 0.2, 0.538, 1, 0.246, 1, 1, 1, 0.235, 0.116, 0.611, 0.967, 0.515),
(215, NULL, 1376, 1006, 1.4, 0.907, 1, 0.316, 1, 0, 1, 0.073, 0.742, 0.324, 0.878, 0.134),
(216, NULL, 1419, 1568, 0.9, 0.803, 1, 0.696, 1, 0, 0, 0.088, 0.484, 0.484, 0.708, 0.898),
(217, NULL, 374, 1326, 0.3, 0.303, 0, 0.964, 0, 0, 0, 0.334, 0.646, 0.804, 0.917, 0.070),
(218, NULL, 513, 1044, 0.5, 0.977, 1, 0.701, 0, 1, 1, 0.454, 0.807, 0.963, 0.273, 0.431),
(219, NULL, 1478, 818, 1.8, 0.158, 1, 0.183, 0, 1, 1, 0.729, 0.563, 0.014, 0.676, 0.698),
(220, NULL, 859, 878, 1.0, 0.478, 1, 0.281, 1, 1, 1, 0.115, 0.920, 0.530, 0.036, 0.092),
(221, NULL, 175, 1578, 0.1, 0.519, 0, 0.466, 0, 0, 1, 0.365, 0.218, 0.873, 0.501, 0.759),
(222, NULL, 161, 1555, 0.1, 0.258, 1, 0.595, 0, 0, 0, 0.838, 0.001, 0.852, 0.368, 0.422),
(223, NULL, 924, 906, 1.0, 0.589, 1, 0.421, 1, 0, 1, 0.981, 0.559, 0.994, 0.007, 0.404),
(224, NULL, 449, 1536, 0.3, 0.704, 1, 0.962, 0, 1, 0, 0.885, 0.267, 0.934, 0.535, 0.347),
(225, NULL, 976, 1772, 0.6, 0.736, 1, 0.896, 0, 0, 1, 0.401, 0.237, 0.776, 0.425, 0.222),
(226, NULL, 1044, 1698, 0.6, 0.177, 1, 0.195, 0, 0, 1, 0.540, 0.082, 0.753, 0.768, 0.002),
(227, NULL, 130, 1462, 0.1, 0.382, 0, 0.530, 0, 0, 0, 0.434, 0.685, 0.558, 0.760, 0.029),
(228, NULL, 761, 805, 0.9, 0.781, 0, 0.832, 1, 0, 0, 0.637, 0.374, 0.089, 0.613, 0.831),
(229, NULL, 996, 1576, 0.6, 0.904, 1, 0.483, 0, 0, 1, 0.793, 0.531, 0.181, 0.592, 0.514),
(230, NULL, 488, 1612, 0.3, 0.217, 0, 0.373, 1, 1, 1, 0.799, 0.796, 0.969, 0.205, 0.868),
(231, NULL, 486, 1463, 0.3, 0.347, 0, 0.247, 0, 1, 0, 0.056, 0.954, 0.958, 0.481, 0.777),
(232, NULL, 1484, 1326, 1.1, 0.820, 1, 0.336, 1, 0, 1, 0.768, 0.203, 0.204, 0.784, 0.645),
(233, NULL, 334, 1063, 0.3, 0.115, 1, 0.000, 0, 0, 1, 0.524, 0.603, 0.547, 0.926, 0.300),
(234, NULL, 1415, 1156, 1.2, 0.530, 1, 0.799, 0, 1, 0, 0.251, 0.044, 0.957, 0.316, 0.584),
(235, NULL, 170, 1458, 0.1, 0.446, 0, 0.872, 1, 0, 1, 0.956, 0.980, 0.952, 0.386, 0.543),
(236, '', 135, 1250, 149.0, 0.003, 0, 0.000, 0, 1, 1, 0.030, 0.000, 0.003, 0.000, 0.005),
(237, '', 125, 1250, 108.0, 0.003, 0, 0.000, 0, 0, 0, 0.000, 0.000, 0.000, 0.000, 0.005),
(238, '', 435, 1750, 256.6, 0.003, 0, 0.000, 0, 0, 0, 0.000, 0.000, 0.000, 0.000, 0.005);

-- --------------------------------------------------------

--
-- Struktura tabulky `driver`
--

CREATE TABLE `driver` (
  `id` smallint(6) NOT NULL,
  `name` varchar(32) NOT NULL,
  `surname` varchar(32) NOT NULL,
  `city` varchar(32) DEFAULT NULL,
  `street` varchar(64) DEFAULT NULL,
  `postcode` varchar(16) DEFAULT NULL,
  `birth_date` date NOT NULL,
  `phone` varchar(16) DEFAULT NULL,
  `email` varchar(32) NOT NULL,
  `number` varchar(16) NOT NULL,
  `web_user` varchar(64) NOT NULL,
  `web_password` varchar(255) NOT NULL,
  `racebox_id` tinyint(4) DEFAULT NULL
) ENGINE=InnoDB DEFAULT CHARSET=utf8mb4 COLLATE=utf8mb4_general_ci;

--
-- Vypisuji data pro tabulku `driver`
--

INSERT INTO `driver` (`id`, `name`, `surname`, `city`, `street`, `postcode`, `birth_date`, `phone`, `email`, `number`, `web_user`, `web_password`, `racebox_id`) VALUES
(3, 'Dominik', 'Vinš', 'Ústí nad Labem', 'Valtířov', '40002', '2006-01-31', '777439499', 'domik.mbvins@seznam.cz', '31', 'dominik', '$5$rounds=535000$2/vWC.47/gkZL7WP$C0J9ivyM9J9FXH6AYUngru1gJPFYczGMKMAlA8QeBW5', NULL),
(5, 'Tomáš', 'Toman', 'Litoměřice', 'Alfonse Muchy 416/19', '41201', '2006-08-01', '725597675', 'tomastoman52@email.cz', '69', 'tomastoman', '$5$rounds=535000$ykN/3YWBmiVn39bG$NIkqp8JrBW31BfHxDE8kz5ptOmTh4AxsgjA0XZc0Y49', NULL),
(7, 'Jirka', 'Schovanec', 'Usti', 'sikma 2', '40340', '2000-01-01', '775164733', 'jiri@jiri.cz', '1', 'jirka', '$5$rounds=535000$4uL9OPe42kXmTAyP$hExjlV4niQGvpFW8cq3KuS4E8vqW2oNstUL9VS0.R7A', NULL),
(350, 'Jůlie Anna', 'Brejsova', 'Ústí nad Labem', 'Valtířov 123', '40002', '2004-05-11', '795613248', 'julieanna@seznam.cz', '965', 'julieanna', '$5$rounds=535000$vJEjH32V.Ui8ODHK$DWmyuf3mVgrCQHlKN1lCFt4Zs/SBZmQsMwMOP0z8Y/1', NULL),
(351, 'Eddie', 'Hall', 'Los Angeles', 'Vespucci Beach 322/12', '55523', '1990-07-05', '430928321', 'eddiehall@gmail.com', '291', 'eddiehall', '$5$rounds=535000$zYSRBBIyVCZsr7cO$bRYX9TlHdY2M5sgbFzs2pehV6CpiqkGT8iTfqz6rFjC', NULL),
(352, 'Ethan', 'Maddox', 'Boise', 'Durian Boulevard', '56000', '2000-01-01', '777654852', 'ethan.maddox0@gmail.com', '70', 'ethan0', '$5$rounds=535000$LP6yOLG3hE1GW37L$TsheXv7ULSX7Wgal1laKyXgDv2xFTbkubKZnmU5ZjrB', NULL),
(353, 'Isaac', 'Kirk', 'Irvine', 'Bamboo Road', '33000', '2000-01-01', '777654852', 'isaac.kirk1@gmail.com', '71', 'isaac1', '$5$rounds=535000$trNZsRHY8oy1GwHs$iv0gvScQGWxSVdk42aa/mZu6RLQUxH7CPH9g.BEFEB4', NULL),
(354, 'Patrick', 'Lambert', 'Jersey City', 'Pomegranate Place', '54000', '2000-01-01', '777654852', 'patrick.lambert2@gmail.com', '72', 'patrick2', '$5$rounds=535000$8iPwV7rpwDG3y/W6$ApoUXVQ4jdRjh3tsmZbvzh7PpDIdBHtqG9TLzoy0m.2', NULL),
(355, 'Ulysses', 'Manning', 'Reno', 'Guava Road', '70000', '2000-01-01', '777654852', 'ulysses.manning3@gmail.com', '73', 'ulysses3', '$5$rounds=535000$FCXKuIyWKLr7zKTz$7SdLk/m8xw0QAdmi.kx/AJ0lD5z1iwvpJccfHFqjHf3', NULL),
(356, 'Natalie', 'Rasmussen', 'Huntington Beach', 'Pine Road', '77000', '2000-01-01', '777654852', 'natalie.rasmussen4@gmail.com', '74', 'natalie4', '$5$rounds=535000$.SkJBVt1/RaLKgSb$gAJefaDNV3Go7HXQ4T1/z08l8bk65MWNr284gXhvbP4', NULL),
(357, 'Emily', 'Fisher', 'Bakersfield', 'Plum Avenue', '61000', '2000-01-01', '777654852', 'emily.fisher5@gmail.com', '75', 'emily5', '$5$rounds=535000$ufP42/OuKExLfh1M$P/Bw6Cv15YG2FUz8dRVfVf0lNS5vudjssLrId.2H7v.', NULL),
(358, 'Vincent', 'Palmer', 'Laredo', 'Tangerine Boulevard', '19000', '2000-01-01', '777654852', 'vincent.palmer6@gmail.com', '76', 'vincent6', '$5$rounds=535000$Dw5ADqVQETTMQqxv$Ea6L.WnQYS6fZPuQsWXKCXfGKb0b8Nac8CCAur4p2B2', NULL),
(359, 'Grace', 'Stewart', 'Anchorage', 'Lemon Drive', '97000', '2000-01-01', '777654852', 'grace.stewart7@gmail.com', '77', 'grace7', '$5$rounds=535000$uBOIQcczujop1rFy$yNfTxMmi0Za7qk3tmeeKpXq/FUsKlRpm/thB37Nbem6', NULL),
(360, 'Lily', 'Chase', 'Chattanooga', 'Willow Drive', '18000', '2000-01-01', '777654852', 'lily.chase8@gmail.com', '78', 'lily8', '$5$rounds=535000$iDO6zgL4wjwSN/Xs$.ug0unVu84iV0GhdgURCMPc6WqSmz0HVcvvLgXtq/s.', NULL),
(361, 'Arthur', 'Chandler', 'Spokane', 'Elderberry Terrace', '39000', '2000-01-01', '777654852', 'arthur.chandler9@gmail.com', '79', 'arthur9', '$5$rounds=535000$STM.hT3dbagZXeI0$wHMMWtXNION1tv7fsxbo1dJgJnXJ4a/0RUnXCC2o/kC', NULL),
(362, 'Daniel', 'Gibson', 'Fresno', 'Pear Street', '70000', '2000-01-01', '777654852', 'daniel.gibson10@gmail.com', '80', 'daniel10', '$5$rounds=535000$rZrcm01D0GInwIgK$ZeIa6gUHjoB.CXzIGpOyKejc.IisDSK0HrQqfJvrr32', NULL),
(363, 'Zane', 'Gates', 'Fremont', 'Date Street', '64000', '2000-01-01', '777654852', 'zane.gates11@gmail.com', '81', 'zane11', '$5$rounds=535000$hKDS4iynzMIHohna$MOCrnWY7JtcX7RdBQJD0JaDpaLMobw4pIHjZEVhpea/', NULL),
(364, 'Leonard', 'Holland', 'Lincoln', 'Blackberry Path', '45000', '2000-01-01', '777654852', 'leonard.holland12@gmail.com', '82', 'leonard12', '$5$rounds=535000$yeHoQM3Hl545FphS$Yw2YBw0oRdPqcc7wDnVDsfMJsfpa/aJo3sgRlFRmBTC', NULL),
(365, 'Penelope', 'Serrano', 'Yonkers', 'Redwood Terrace', '21000', '2000-01-01', '777654852', 'penelope.serrano13@gmail.com', '83', 'penelope13', '$5$rounds=535000$zdaLUTkN9ivK.lTy$qS7D7BWxVBNhOfPwbKEQ8uO3YLh4XA6ra/cJJ7Jp199', NULL),
(366, 'Diana', 'Davenport', 'Glendale', 'Loquat Avenue', '17000', '2000-01-01', '777654852', 'diana.davenport14@gmail.com', '84', 'diana14', '$5$rounds=535000$bjPfOW4Cy1BCbqCD$zYTyQfntP0w6CgGg2zIUXxtZIman20sgC3r1K/Bi6aC', NULL),
(367, 'Megan', 'Hoffman', 'Plano', 'Raspberry Court', '56000', '2000-01-01', '777654852', 'megan.hoffman15@gmail.com', '85', 'megan15', '$5$rounds=535000$58XseD.3AuCgD7bc$9suel.yeFQIiTpTV/dPp7kA/50ugky97mHlNM3PKov7', NULL),
(368, 'Bianca', 'Bowman', 'Montgomery', 'Gooseberry Place', '64000', '2000-01-01', '777654852', 'bianca.bowman16@gmail.com', '86', 'bianca16', '$5$rounds=535000$jMjrVtZWwZxOd9zd$2nRDf.1td9vqjJtHl65BJE6sWTAzQNBkQHLyOQzTm..', NULL),
(369, 'Franklin', 'Newton', 'Aurora', 'Apricot Road', '54000', '2000-01-01', '777654852', 'franklin.newton17@gmail.com', '87', 'franklin17', '$5$rounds=535000$0FZYbM9V.nczoRZ6$goBHqBsv.7Z57Gxxvgl2.x1JiuuviXTc8f44OB7o.f7', NULL),
(370, 'Kevin', 'Grimes', 'St. Petersburg', 'Mahogany Court', '16000', '2000-01-01', '777654852', 'kevin.grimes18@gmail.com', '88', 'kevin18', '$5$rounds=535000$WWDQX4KtYBGBlSrx$U3IoAZIgjwMM7WvqAEcHM6WxE1Rb0MRckMAGTw/5Su0', NULL),
(371, 'Rebecca', 'Drake', 'Buffalo', 'Coconut Lane', '54000', '2000-01-01', '777654852', 'rebecca.drake19@gmail.com', '89', 'rebecca19', '$5$rounds=535000$1YX1JWbjdkSj4sec$0vL63IHg../swaMJztYHZa1X7qeCPFS7uySUNjAZgC3', NULL),
(372, 'Jasmine', 'Hogan', 'Orlando', 'Sandalwood Street', '64000', '2000-01-01', '777654852', 'jasmine.hogan20@gmail.com', '90', 'jasmine20', '$5$rounds=535000$TfEFikFdCtiwXwnD$QJJ.laAjQ2xIhuA5P1cDjVjmao9up80U08guo42i0y5', NULL),
(373, 'Oscar', 'Tyler', 'Des Moines', 'Elm Street', '19000', '2000-01-01', '777654852', 'oscar.tyler21@gmail.com', '91', 'oscar21', '$5$rounds=535000$TRXs9k7q3NDhpAcG$wkqKNLD0gfUt5bojwvyODYlgxd.nhWuemXfwtU479C2', NULL),
(374, 'Hannah', 'Snow', 'Lubbock', 'Cactus Way', '73000', '2000-01-01', '777654852', 'hannah.snow22@gmail.com', '92', 'hannah22', '$5$rounds=535000$n5bFIaoK2nYyLT12$5ZP.jSdZrIDd.IxZWBa/M1fQkTDm6e6AfeuGoo4BBy.', NULL),
(375, 'Steven', 'Fleming', 'Garland', 'Mango Drive', '86000', '2000-01-01', '777654852', 'steven.fleming23@gmail.com', '93', 'steven23', '$5$rounds=535000$vVQMfSgJJ4v6VdXr$cv1e/1ueCnj7DrWcV7J7Qz/zo8wMdpQYPbxpKHH44Y2', NULL),
(376, 'Quincy', 'Hardy', 'Chula Vista', 'Fig Street', '79000', '2000-01-01', '777654852', 'quincy.hardy24@gmail.com', '94', 'quincy24', '$5$rounds=535000$U/wRqjMQMPQBI1zH$Y1kYSUO4UPAfY.BgVXSVicol.N6b5QuZZ4SKJv6VuX0', NULL),
(377, 'Jacob', 'Barnes', 'Toledo', 'Grape Boulevard', '54000', '2000-01-01', '777654852', 'jacob.barnes25@gmail.com', '95', 'jacob25', '$5$rounds=535000$Qpjd4IU5zGPcJpk1$7IfTgLcjDxftks8op.N/2pleOjAd8Ucj.WZRSgKsK10', NULL),
(378, 'Wanda', 'Jennings', 'Scottsdale', 'Nectarine Way', '61000', '2000-01-01', '777654852', 'wanda.jennings26@gmail.com', '96', 'wanda26', '$5$rounds=535000$01cSqIogkULgIAZP$.wn4kEd.19inR7Y5hH6/zD7MFA6BToRhy2Ty.bEEyp8', NULL),
(379, 'Kelly', 'Bryant', 'St. Paul', 'Blueberry Road', '61000', '2000-01-01', '777654852', 'kelly.bryant27@gmail.com', '97', 'kelly27', '$5$rounds=535000$LO7qrGnOv3iJHm43$pPJqP2A49xk45voYlmHYdAvL5QDjeduvh27wuq.m8KC', NULL),
(380, 'Quinton', 'Mosley', 'Mobile', 'Aspen Lane', '86000', '2000-01-01', '777654852', 'quinton.mosley28@gmail.com', '98', 'quinton28', '$5$rounds=535000$8kXhRU49e8DmJlk9$SYneqG8dUghx6XfRI.Xqeqx1MOb/kiAoW1MG1h7rNK6', NULL),
(381, 'Ivy', 'Carter', 'Stockton', 'Peach Street', '86000', '2000-01-01', '777654852', 'ivy.carter29@gmail.com', '99', 'ivy29', '$5$rounds=535000$rQk3ZMVMJ0gokxHw$Vdlk4kpiEqr6eINpEtqao5wfctlTDSlBVDlNwn23sj/', NULL),
(382, 'Matthew', 'Dalton', 'Salt Lake City', 'Cedar Avenue', '30000', '2000-01-01', '777654852', 'matthew.dalton30@gmail.com', '100', 'matthew30', '$5$rounds=535000$jDTiFYW/3aBctQ.J$i2F1kZmn3B/BpfSNvIllirT4UwFSAYK9D6Proi6pMQB', NULL),
(383, 'Xavier', 'Stevenson', 'Chesapeake', 'Kiwi Path', '64000', '2000-01-01', '777654852', 'xavier.stevenson31@gmail.com', '101', 'xavier31', '$5$rounds=535000$7JGSXpjlGZDxqyRB$5Tc1ZEyCZQQT1TgNpNpT6amx96aZnhooIu7dPIIE2I/', NULL),
(384, 'Gavin', 'Horne', 'Durham', 'Starfruit Lane', '74000', '2000-01-01', '777654852', 'gavin.horne32@gmail.com', '102', 'gavin32', '$5$rounds=535000$ul1mAsQRj56NwOqL$YLRql1LPjvEaj11bR501Q3wrVkGQG2xMljvg9BpE9A/', NULL),
(385, 'Harrison', 'Stone', 'Lexington', 'Cherry Lane', '92000', '2000-01-01', '777654852', 'harrison.stone33@gmail.com', '103', 'harrison33', '$5$rounds=535000$v0LlawX5Yhd2k5AD$KXwuPPAPVrrLvvVXmsWx7sZrTOvQUFoF27FcCphdBi6', NULL),
(386, 'Caleb', 'McKenzie', 'Gilbert', 'Lychee Road', '53000', '2000-01-01', '777654852', 'caleb.mckenzie34@gmail.com', '104', 'caleb34', '$5$rounds=535000$cORQcRMqs9G8Afcz$eG2DGoV6PNLee3nd6b6ozD6rgqO6jRuirrHAeg/Hpf1', NULL),
(387, 'Yasmine', 'Vaughn', 'Norfolk', 'Persimmon Court', '18000', '2000-01-01', '777654852', 'yasmine.vaughn35@gmail.com', '105', 'yasmine35', '$5$rounds=535000$IyiNzux26I40MaHu$J55thiOC4FhNaHHvT6NWxQzsIg9L7FlRvAKuVSHPn62', NULL),
(388, 'Theresa', 'Gilbert', 'Madison', 'Papaya Avenue', '92000', '2000-01-01', '777654852', 'theresa.gilbert36@gmail.com', '106', 'theresa36', '$5$rounds=535000$ZLvpBjrquZoViuFL$IhRbzkGqcvOt6iXMlyrR34pVa7eKM1Vd0x/De76Y7m6', NULL),
(389, 'Felicia', 'Brock', 'Winston-Salem', 'Mangosteen Drive', '19000', '2000-01-01', '777654852', 'felicia.brock37@gmail.com', '107', 'felicia37', '$5$rounds=535000$qHX4cW1sOcIC7rLS$hq1hw1o0FexDLYGcq4coN8mzs8oM7HthbJjGOXFwd90', NULL),
(390, 'Olga', 'Saunders', 'Fort Wayne', 'Mulberry Way', '29000', '2000-01-01', '777654852', 'olga.saunders38@gmail.com', '108', 'olga38', '$5$rounds=535000$daD.LFEyTv..ws5r$YOulSnLKpkrTDNk8YSS2Sv1PiJ8JpRFSQs.KvvJFsy4', NULL),
(391, 'Nolan', 'Reeves', 'Henderson', 'Cranberry Terrace', '88000', '2000-01-01', '777654852', 'nolan.reeves39@gmail.com', '109', 'nolan39', '$5$rounds=535000$lVlbwB074bxvSMZe$EC3xq5UjHbhzkL7Ucpgf1grVjIgVsCYX/rp6wUtbLC7', NULL),
(395, 'Kelly', 'Bryant', 'St. Paul', 'Blueberry Road', '17000', '2000-01-01', '777654852', 'kelly.bryant0@gmail.com', '110', 'kelly0', '$5$rounds=535000$ttr0JrrUd8JmxiGK$5uCNUXPj6rF0oXTHJiDg6Xve75ncav60XnBLt3GX4V7', NULL),
(396, 'Arthur', 'Chandler', 'Spokane', 'Elderberry Terrace', '97000', '2000-01-01', '777654852', 'arthur.chandler1@gmail.com', '111', 'arthur1', '$5$rounds=535000$Ouc6Bf8U3huMtbgb$mJZCyOWaUf5Zb7xLq5y.VOjBkGtjuJQKNm4IVTdS4Z.', NULL),
(397, 'Franklin', 'Newton', 'Aurora', 'Apricot Road', '17000', '2000-01-01', '777654852', 'franklin.newton2@gmail.com', '112', 'franklin2', '$5$rounds=535000$S6MyXYkKu7q1U/VL$iYpgYlagVGMCBAfkk2PZRDw4BDT2pQOfIP45Y56Y4D9', NULL),
(398, 'Vincent', 'Palmer', 'Laredo', 'Tangerine Boulevard', '92000', '2000-01-01', '777654852', 'vincent.palmer3@gmail.com', '113', 'vincent3', '$5$rounds=535000$h/YkKH5OttmnNTp8$tvOtU76nC9Xc9Mkj2qevYP5bLM3d0yJD2XkA3dk2or3', NULL),
(399, 'Oscar', 'Tyler', 'Des Moines', 'Elm Street', '76000', '2000-01-01', '777654852', 'oscar.tyler4@gmail.com', '114', 'oscar4', '$5$rounds=535000$TTgNXsEkZGl0LSF.$WsFoc5jD5f9gFjwqsBOJzVcuflLVdSNdyhTdi9J9xy7', NULL),
(400, 'Test123', 'Test123', 'Prague, Czech Republic', 'Pražská 198', '10001', '2025-03-26', '794538794', 'test123@gmail.com', '8', 'test-123', '$5$rounds=535000$YHrnPV2IJjtrxATc$SfxAbQygC5hzUCoPor8i8iNpnzc4Q2oc.CNVCZCrnqA', NULL);

-- --------------------------------------------------------

--
-- Struktura tabulky `event`
--

CREATE TABLE `event` (
  `id` mediumint(8) UNSIGNED NOT NULL,
  `name` varchar(64) NOT NULL,
  `number_of_laps` tinyint(4) DEFAULT NULL,
  `date` date NOT NULL,
  `location` varchar(128) NOT NULL,
  `start_coordinates` varchar(128) NOT NULL,
  `end_coordinates` varchar(128) NOT NULL,
  `image` varchar(64) DEFAULT NULL,
  `delete_hash` varchar(255) DEFAULT NULL,
  `event_phase_id` tinyint(4) NOT NULL,
  `series_id` tinyint(4) NOT NULL
) ENGINE=InnoDB DEFAULT CHARSET=utf8mb4 COLLATE=utf8mb4_general_ci;

--
-- Vypisuji data pro tabulku `event`
--

INSERT INTO `event` (`id`, `name`, `number_of_laps`, `date`, `location`, `start_coordinates`, `end_coordinates`, `image`, `delete_hash`, `event_phase_id`, `series_id`) VALUES
(50, 'Pískovna Fun', 3, '2025-03-12', 'Valtířov, Velké Březno, Pískovna', '50.67456956104153,14.12816047693785;50.67472329653835,14.128121092117924', '50.67456956104153,14.12816047693785;50.67472329653835,14.128121092117924', NULL, NULL, 3, 17),
(51, 'Street day', 3, '2025-03-12', 'Valtířov, Velké Březno', '50.67450496932047,14.12630438766637;50.67453896497422,14.126577973809031', '50.67450496932047,14.12630438766637;50.67453896497422,14.126577973809031', NULL, NULL, 3, 17),
(53, 'Malé Březno Fun', 3, '2025-03-14', 'Malé Březno, Velké Březno', '50.667144317348885,14.159905203436521;50.66696411505477,14.160157343578849', '50.667144317348885,14.159905203436521;50.66696411505477,14.160157343578849', NULL, NULL, 3, 17),
(54, 'Generováno - Ford Island', 5, '2025-03-15', 'Ford Island, Honolulu, Hawai', '21.364175440037577,-157.95934111000642;21.36400059032722,-157.9591587107545', '21.364175440037577,-157.95934111000642;21.36400059032722,-157.9591587107545', NULL, NULL, 3, 18),
(55, 'Circuit of the Americas', 10, '2025-03-16', '9201 Circuit of the Americas Blvd, Del Valle, TX 78617, Spojené státy', '30.13362669844563,-97.64216835739438;30.133445762916462,-97.64232393322688', '30.13362669844563,-97.64216835739438;30.133445762916462,-97.64232393322688', NULL, NULL, 2, 18),
(56, 'WeatherTech Raceway Laguna Seca', 8, '2025-03-17', '1021 Monterey Salinas Hwy, Salinas, CA 93908, Spojené státy', '36.584872943478764,-121.75519995386531;36.584536964525,-121.75531261222675', '36.584872943478764,-121.75519995386531;36.584536964525,-121.75531261222675', NULL, NULL, 1, 18);

--
-- Triggery `event`
--
DELIMITER $$
CREATE TRIGGER `after_event_phase_id_update` AFTER UPDATE ON `event` FOR EACH ROW BEGIN
    IF OLD.event_phase_id <> NEW.event_phase_id THEN
        CALL CreateActiveEventPhaseResult(OLD.id, 				OLD.event_phase_id);
    END IF;
END
$$
DELIMITER ;

-- --------------------------------------------------------

--
-- Struktura tabulky `event_lap`
--

CREATE TABLE `event_lap` (
  `id` mediumint(9) NOT NULL,
  `event_registration_id` smallint(6) NOT NULL,
  `laptime` varchar(12) NOT NULL,
  `event_phase_id` tinyint(4) NOT NULL
) ENGINE=InnoDB DEFAULT CHARSET=utf8mb4 COLLATE=utf8mb4_general_ci;

--
-- Vypisuji data pro tabulku `event_lap`
--

INSERT INTO `event_lap` (`id`, `event_registration_id`, `laptime`, `event_phase_id`) VALUES
(19431, 1236, '00:00:24.62', 1),
(19432, 1236, '00:00:32.94', 1),
(19433, 1236, '00:00:23.95', 1),
(19434, 1236, '00:00:45.16', 1),
(19435, 1236, '00:00:23.90', 1),
(19436, 1238, '00:00:23.86', 1),
(19437, 1236, '00:00:23.00', 1),
(19438, 1238, '00:00:25.79', 1),
(19439, 1236, '00:00:25.87', 1),
(19440, 1238, '00:00:23.62', 1),
(19441, 1236, '00:00:23.35', 1),
(19442, 1238, '00:00:22.53', 1),
(19443, 1236, '00:00:22.68', 1),
(19444, 1238, '00:00:23.81', 1),
(19445, 1236, '00:00:23.55', 1),
(19446, 1236, '00:00:22.96', 1),
(19447, 1236, '00:00:29.25', 1),
(19448, 1236, '00:00:22.29', 1),
(19449, 1236, '00:00:29.55', 1),
(19450, 1236, '00:00:22.21', 1),
(19451, 1236, '00:00:23.39', 1),
(19452, 1236, '00:00:23.21', 1),
(19453, 1236, '00:00:23.35', 1),
(19454, 1236, '00:00:21.72', 1),
(19455, 1236, '00:00:21.40', 1),
(19456, 1236, '00:00:22.04', 1),
(19457, 1236, '00:00:21.86', 2),
(19458, 1238, '00:00:22.83', 2),
(19459, 1236, '00:00:23.64', 2),
(19460, 1236, '00:00:21.12', 2),
(19461, 1238, '00:00:21.38', 2),
(19462, 1236, '00:00:20.99', 2),
(19463, 1238, '00:00:19.97', 2),
(19464, 1236, '00:00:20.30', 2),
(19465, 1238, '00:00:20.22', 2),
(19466, 1236, '00:00:21.30', 2),
(19467, 1236, '00:00:17.63', 2),
(19468, 1238, '00:00:18.78', 2),
(19469, 1238, '00:00:19.76', 2),
(19470, 1236, '00:00:19.45', 2),
(19471, 1236, '00:00:20.02', 2),
(19472, 1236, '00:00:20.07', 2),
(19473, 1236, '00:00:34.03', 2),
(19474, 1236, '00:00:35.76', 2),
(19475, 1236, '00:00:20.22', 2),
(19476, 1235, '00:00:25.30', 1),
(19477, 1235, '00:00:28.92', 1),
(19478, 1235, '00:00:28.95', 1),
(19479, 1235, '00:00:40.70', 1),
(19480, 1235, '00:00:29.99', 1),
(19481, 1235, '00:00:29.89', 1),
(19482, 1235, '00:00:21.46', 1),
(19483, 1259, '00:01:39.20', 1),
(19484, 1252, '00:01:36.61', 1),
(19485, 1256, '00:02:48.37', 1),
(19486, 1260, '00:01:00.39', 1),
(19487, 1258, '00:01:45.47', 1),
(19488, 1257, '00:01:10.04', 1),
(19489, 1259, '00:01:38.34', 1),
(19490, 1256, '00:01:07.17', 1),
(19491, 1252, '00:02:57.00', 1),
(19492, 1253, '00:01:50.66', 1),
(19493, 1258, '00:02:23.97', 1),
(19494, 1259, '00:01:28.68', 1),
(19495, 1261, '00:02:08.26', 1),
(19496, 1260, '00:01:46.55', 1),
(19497, 1257, '00:01:57.52', 1),
(19498, 1256, '00:01:23.40', 1),
(19499, 1255, '00:01:43.69', 1),
(19500, 1258, '00:01:21.33', 1),
(19501, 1261, '00:01:23.53', 1),
(19502, 1253, '00:02:24.84', 1),
(19503, 1254, '00:02:27.66', 1),
(19504, 1259, '00:01:15.71', 1),
(19505, 1260, '00:01:46.56', 1),
(19506, 1252, '00:02:05.84', 1),
(19507, 1258, '00:02:43.34', 1),
(19508, 1254, '00:02:05.98', 1),
(19509, 1257, '00:01:56.95', 1),
(19510, 1259, '00:01:28.61', 1),
(19511, 1261, '00:01:22.65', 1),
(19512, 1260, '00:03:00.54', 1),
(19513, 1256, '00:01:23.86', 1),
(19514, 1258, '00:02:08.91', 1),
(19515, 1253, '00:01:33.60', 1),
(19516, 1252, '00:02:22.78', 1),
(19517, 1255, '00:01:52.91', 1),
(19518, 1257, '00:02:15.89', 1),
(19519, 1256, '00:02:44.14', 1),
(19520, 1254, '00:01:52.84', 1),
(19521, 1263, '00:01:28.39', 1),
(19522, 1255, '00:01:35.48', 1),
(19523, 1252, '00:02:06.03', 1),
(19524, 1262, '00:01:35.76', 1),
(19525, 1253, '00:03:00.16', 1),
(19526, 1257, '00:01:54.86', 1),
(19527, 1263, '00:01:49.18', 1),
(19528, 1261, '00:01:21.92', 1),
(19529, 1255, '00:02:55.06', 1),
(19530, 1264, '00:02:55.48', 1),
(19531, 1265, '00:02:57.75', 1),
(19532, 1260, '00:01:00.97', 1),
(19533, 1266, '00:01:27.16', 1),
(19534, 1254, '00:02:53.90', 1),
(19535, 1262, '00:01:43.46', 1),
(19536, 1263, '00:01:50.77', 1),
(19537, 1265, '00:01:36.38', 1),
(19538, 1253, '00:01:34.46', 1),
(19539, 1266, '00:02:31.03', 1),
(19540, 1255, '00:01:48.59', 1),
(19541, 1254, '00:02:22.71', 1),
(19542, 1263, '00:02:47.59', 1),
(19543, 1267, '00:02:57.65', 1),
(19544, 1261, '00:02:29.33', 1),
(19545, 1262, '00:01:33.29', 1),
(19546, 1265, '00:01:09.42', 1),
(19547, 1270, '00:01:48.18', 1),
(19548, 1264, '00:01:34.29', 1),
(19549, 1267, '00:02:22.77', 1),
(19550, 1268, '00:01:21.82', 1),
(19551, 1271, '00:01:54.66', 1),
(19552, 1265, '00:01:02.17', 1),
(19553, 1263, '00:02:23.90', 1),
(19554, 1266, '00:01:45.80', 1),
(19555, 1262, '00:01:27.00', 1),
(19556, 1268, '00:02:26.93', 1),
(19557, 1271, '00:02:06.71', 1),
(19558, 1269, '00:01:39.35', 1),
(19559, 1270, '00:02:53.99', 1),
(19560, 1272, '00:01:52.93', 1),
(19561, 1266, '00:02:03.13', 1),
(19562, 1262, '00:02:23.73', 1),
(19563, 1264, '00:02:01.08', 1),
(19564, 1271, '00:02:43.22', 1),
(19565, 1269, '00:02:30.83', 1),
(19566, 1268, '00:01:33.47', 1),
(19567, 1267, '00:01:34.08', 1),
(19568, 1270, '00:02:11.08', 1),
(19569, 1273, '00:01:35.78', 1),
(19570, 1265, '00:01:16.84', 1),
(19571, 1271, '00:01:08.49', 1),
(19572, 1272, '00:01:00.36', 1),
(19573, 1264, '00:01:18.96', 1),
(19574, 1269, '00:01:07.07', 1),
(19575, 1273, '00:02:31.25', 1),
(19576, 1266, '00:01:19.58', 1),
(19577, 1274, '00:01:27.79', 1),
(19578, 1267, '00:02:17.65', 1),
(19579, 1272, '00:01:11.23', 1),
(19580, 1269, '00:02:52.85', 1),
(19581, 1271, '00:02:18.09', 1),
(19582, 1268, '00:02:54.05', 1),
(19583, 1264, '00:02:22.80', 1),
(19584, 1273, '00:02:52.02', 1),
(19585, 1272, '00:01:50.58', 1),
(19586, 1270, '00:01:46.28', 1),
(19587, 1276, '00:02:26.32', 1),
(19588, 1275, '00:01:17.51', 1),
(19589, 1268, '00:01:25.44', 1),
(19590, 1277, '00:01:49.87', 1),
(19591, 1269, '00:02:23.98', 1),
(19592, 1274, '00:01:34.90', 1),
(19593, 1273, '00:01:14.78', 1),
(19594, 1276, '00:01:12.46', 1),
(19595, 1278, '00:01:34.53', 1),
(19596, 1267, '00:02:30.64', 1),
(19597, 1272, '00:01:54.86', 1),
(19598, 1275, '00:01:13.05', 1),
(19599, 1277, '00:02:02.54', 1),
(19600, 1270, '00:01:16.48', 1),
(19601, 1276, '00:02:11.70', 1),
(19602, 1278, '00:01:55.24', 1),
(19603, 1279, '00:02:08.33', 1),
(19604, 1281, '00:01:24.16', 1),
(19605, 1277, '00:01:03.66', 1),
(19606, 1280, '00:02:06.27', 1),
(19607, 1274, '00:02:23.96', 1),
(19608, 1275, '00:01:53.38', 1),
(19609, 1276, '00:01:52.30', 1),
(19610, 1279, '00:01:20.23', 1),
(19611, 1273, '00:02:00.35', 1),
(19612, 1281, '00:02:20.96', 1),
(19613, 1282, '00:02:16.81', 1),
(19614, 1274, '00:02:55.96', 1),
(19615, 1275, '00:02:35.07', 1),
(19616, 1277, '00:01:45.46', 1),
(19617, 1278, '00:02:09.94', 1),
(19618, 1276, '00:02:00.76', 1),
(19619, 1281, '00:02:45.85', 1),
(19620, 1280, '00:01:57.08', 1),
(19621, 1282, '00:01:44.87', 1),
(19622, 1279, '00:02:51.64', 1),
(19623, 1277, '00:02:22.05', 1),
(19624, 1278, '00:02:28.70', 1),
(19625, 1274, '00:01:39.00', 1),
(19626, 1283, '00:01:14.46', 1),
(19627, 1280, '00:01:45.04', 1),
(19628, 1284, '00:01:06.50', 1),
(19629, 1275, '00:01:10.28', 1),
(19630, 1282, '00:01:21.47', 1),
(19631, 1278, '00:01:22.60', 1),
(19632, 1281, '00:01:46.27', 1),
(19633, 1280, '00:01:16.98', 1),
(19634, 1279, '00:01:17.85', 1),
(19635, 1286, '00:01:34.68', 1),
(19636, 1284, '00:02:16.40', 1),
(19637, 1288, '00:02:03.48', 1),
(19638, 1285, '00:01:54.24', 1),
(19639, 1283, '00:02:40.08', 1),
(19640, 1287, '00:01:51.05', 1),
(19641, 1281, '00:01:55.51', 1),
(19642, 1286, '00:01:30.78', 1),
(19643, 1284, '00:02:06.10', 1),
(19644, 1282, '00:01:19.13', 1),
(19645, 1280, '00:02:59.80', 1),
(19646, 1283, '00:01:36.19', 1),
(19647, 1287, '00:01:40.72', 1),
(19648, 1288, '00:01:19.87', 1),
(19649, 1279, '00:02:58.90', 1),
(19650, 1284, '00:01:53.36', 1),
(19651, 1289, '00:01:14.11', 1),
(19652, 1285, '00:02:07.43', 1),
(19653, 1290, '00:01:48.45', 1),
(19654, 1282, '00:01:37.26', 1),
(19655, 1286, '00:01:14.04', 1),
(19656, 1288, '00:01:19.13', 1),
(19657, 1283, '00:02:51.51', 1),
(19658, 1285, '00:01:09.76', 1),
(19659, 1290, '00:02:30.20', 1),
(19660, 1287, '00:02:37.43', 1),
(19661, 1292, '00:02:22.54', 1),
(19662, 1289, '00:01:18.70', 1),
(19663, 1283, '00:01:12.40', 1),
(19664, 1291, '00:02:26.01', 1),
(19665, 1285, '00:01:31.35', 1),
(19666, 1286, '00:02:48.71', 1),
(19667, 1292, '00:02:24.54', 1),
(19668, 1284, '00:02:54.11', 1),
(19669, 1289, '00:02:10.29', 1),
(19670, 1288, '00:02:07.82', 1),
(19671, 1291, '00:01:43.61', 1),
(19672, 1286, '00:01:04.46', 1),
(19673, 1292, '00:01:23.40', 1),
(19674, 1287, '00:02:37.47', 1),
(19675, 1293, '00:02:15.01', 1),
(19676, 1289, '00:01:14.48', 1),
(19677, 1288, '00:02:01.91', 1),
(19678, 1290, '00:01:16.78', 1),
(19679, 1285, '00:02:32.85', 1),
(19680, 1291, '00:01:36.01', 1),
(19681, 1293, '00:02:42.57', 1),
(19682, 1294, '00:02:44.11', 1),
(19683, 1289, '00:02:31.76', 1),
(19684, 1295, '00:02:49.34', 1),
(19685, 1296, '00:02:36.81', 1),
(19686, 1291, '00:01:38.09', 1),
(19687, 1293, '00:01:44.03', 1),
(19688, 1292, '00:01:03.59', 1),
(19689, 1290, '00:02:53.79', 1),
(19690, 1294, '00:02:55.24', 1),
(19691, 1296, '00:01:36.48', 1),
(19692, 1287, '00:01:04.52', 1),
(19693, 1291, '00:02:01.65', 1),
(19694, 1295, '00:01:29.04', 1),
(19695, 1293, '00:01:45.75', 1),
(19696, 1290, '00:02:12.30', 1),
(19697, 1294, '00:02:01.43', 1),
(19698, 1296, '00:01:07.87', 1),
(19699, 1292, '00:01:18.75', 1),
(19700, 1295, '00:01:37.50', 1),
(19701, 1293, '00:01:57.51', 1),
(19702, 1294, '00:02:45.02', 1),
(19703, 1296, '00:01:39.15', 1),
(19704, 1295, '00:02:00.92', 1),
(19705, 1294, '00:01:35.07', 1),
(19706, 1296, '00:01:24.38', 1),
(19707, 1295, '00:01:15.54', 1),
(19708, 1298, '00:02:55.06', 1),
(19709, 1299, '00:02:48.02', 1),
(19710, 1302, '00:02:10.46', 1),
(19711, 1297, '00:02:50.86', 1),
(19712, 1304, '00:02:48.19', 1),
(19713, 1298, '00:01:29.66', 1),
(19714, 1299, '00:01:44.17', 1),
(19715, 1302, '00:02:02.02', 1),
(19716, 1303, '00:01:31.80', 1),
(19717, 1304, '00:01:44.18', 1),
(19718, 1306, '00:01:28.86', 1),
(19719, 1299, '00:01:12.49', 1),
(19720, 1302, '00:01:55.39', 1),
(19721, 1303, '00:02:05.31', 1),
(19722, 1301, '00:02:43.18', 1),
(19723, 1304, '00:02:05.75', 1),
(19724, 1298, '00:01:00.99', 1),
(19725, 1306, '00:01:42.76', 1),
(19726, 1305, '00:02:29.38', 1),
(19727, 1302, '00:02:19.88', 1),
(19728, 1303, '00:02:10.43', 1),
(19729, 1301, '00:01:30.13', 1),
(19730, 1300, '00:01:02.85', 1),
(19731, 1299, '00:02:26.90', 1),
(19732, 1298, '00:02:42.41', 1),
(19733, 1304, '00:02:58.99', 1),
(19734, 1297, '00:01:33.45', 1),
(19735, 1301, '00:01:11.40', 1),
(19736, 1299, '00:01:33.76', 1),
(19737, 1306, '00:01:27.06', 1),
(19738, 1304, '00:01:45.99', 1),
(19739, 1297, '00:02:45.52', 1),
(19740, 1300, '00:02:43.42', 1),
(19741, 1302, '00:01:14.73', 1),
(19742, 1307, '00:01:49.93', 1),
(19743, 1308, '00:02:32.95', 1),
(19744, 1298, '00:02:53.33', 1),
(19745, 1305, '00:02:01.74', 1),
(19746, 1297, '00:02:04.69', 1),
(19747, 1301, '00:01:41.52', 1),
(19748, 1306, '00:02:26.99', 1),
(19749, 1303, '00:02:51.20', 1),
(19750, 1307, '00:02:23.04', 1),
(19751, 1300, '00:02:52.48', 1),
(19752, 1308, '00:02:31.86', 1),
(19753, 1297, '00:01:35.15', 1),
(19754, 1301, '00:01:05.52', 1),
(19755, 1309, '00:01:47.15', 1),
(19756, 1310, '00:03:00.48', 1),
(19757, 1305, '00:02:28.76', 1),
(19758, 1306, '00:01:33.84', 1),
(19759, 1311, '00:02:21.39', 1),
(19760, 1312, '00:02:47.80', 1),
(19761, 1307, '00:02:29.35', 1),
(19762, 1310, '00:01:11.25', 1),
(19763, 1309, '00:02:19.68', 1),
(19764, 1313, '00:01:26.77', 1),
(19765, 1303, '00:01:35.07', 1),
(19766, 1311, '00:01:05.47', 1),
(19767, 1305, '00:01:04.41', 1),
(19768, 1312, '00:02:21.65', 1),
(19769, 1300, '00:02:51.99', 1),
(19770, 1309, '00:01:50.84', 1),
(19771, 1313, '00:02:30.06', 1),
(19772, 1310, '00:01:23.74', 1),
(19773, 1308, '00:01:24.21', 1),
(19774, 1311, '00:01:31.00', 1),
(19775, 1312, '00:01:18.56', 1),
(19776, 1307, '00:02:02.56', 1),
(19777, 1300, '00:02:43.46', 1),
(19778, 1314, '00:01:56.14', 1),
(19779, 1313, '00:01:55.75', 1),
(19780, 1308, '00:01:30.27', 1),
(19781, 1309, '00:02:21.56', 1),
(19782, 1305, '00:02:53.63', 1),
(19783, 1310, '00:02:08.62', 1),
(19784, 1311, '00:02:48.54', 1),
(19785, 1313, '00:01:25.09', 1),
(19786, 1308, '00:01:05.38', 1),
(19787, 1309, '00:01:40.86', 1),
(19788, 1312, '00:01:29.30', 1),
(19789, 1316, '00:02:11.09', 1),
(19790, 1311, '00:02:49.73', 1),
(19791, 1313, '00:01:54.52', 1),
(19792, 1307, '00:01:00.10', 1),
(19793, 1310, '00:02:59.36', 1),
(19794, 1317, '00:02:51.85', 1),
(19795, 1316, '00:02:29.40', 1),
(19796, 1315, '00:02:15.18', 1),
(19797, 1319, '00:01:03.76', 1),
(19798, 1318, '00:01:39.02', 1),
(19799, 1320, '00:01:34.39', 1),
(19800, 1314, '00:01:53.99', 1),
(19801, 1317, '00:01:07.06', 1),
(19802, 1312, '00:02:46.98', 1),
(19803, 1321, '00:01:09.19', 1),
(19804, 1316, '00:01:46.87', 1),
(19805, 1318, '00:01:26.99', 1),
(19806, 1314, '00:01:56.30', 1),
(19807, 1322, '00:02:48.65', 1),
(19808, 1315, '00:02:04.87', 1),
(19809, 1320, '00:01:20.44', 1),
(19810, 1323, '00:01:08.16', 1),
(19811, 1316, '00:02:05.10', 1),
(19812, 1319, '00:01:45.84', 1),
(19813, 1317, '00:02:10.90', 1),
(19814, 1321, '00:01:19.80', 1),
(19815, 1322, '00:01:37.82', 1),
(19816, 1320, '00:01:48.93', 1),
(19817, 1318, '00:02:29.01', 1),
(19818, 1323, '00:01:17.58', 1),
(19819, 1315, '00:01:10.46', 1),
(19820, 1317, '00:02:33.93', 1),
(19821, 1314, '00:01:11.16', 1),
(19822, 1316, '00:02:11.34', 1),
(19823, 1322, '00:02:56.96', 1),
(19824, 1318, '00:02:46.69', 1),
(19825, 1315, '00:02:17.02', 1),
(19826, 1321, '00:02:08.02', 1),
(19827, 1319, '00:03:00.29', 1),
(19828, 1317, '00:02:57.11', 1),
(19829, 1323, '00:02:29.95', 1),
(19830, 1320, '00:01:33.05', 1),
(19831, 1322, '00:02:37.16', 1),
(19832, 1314, '00:01:06.06', 1),
(19833, 1315, '00:02:51.44', 1),
(19834, 1324, '00:02:57.52', 1),
(19835, 1319, '00:02:33.89', 1),
(19836, 1323, '00:01:16.38', 1),
(19837, 1320, '00:01:30.26', 1),
(19838, 1321, '00:02:27.21', 1),
(19839, 1318, '00:02:06.93', 1),
(19840, 1322, '00:01:56.92', 1),
(19841, 1324, '00:02:42.35', 1),
(19842, 1325, '00:02:44.87', 1),
(19843, 1319, '00:02:11.97', 1),
(19844, 1326, '00:02:16.05', 1),
(19845, 1328, '00:02:58.43', 1),
(19846, 1330, '00:02:01.43', 1),
(19847, 1323, '00:02:00.33', 1),
(19848, 1327, '00:02:03.22', 1),
(19849, 1321, '00:01:43.76', 1),
(19850, 1324, '00:02:56.72', 1),
(19851, 1328, '00:01:10.96', 1),
(19852, 1330, '00:01:01.99', 1),
(19853, 1329, '00:01:32.22', 1),
(19854, 1325, '00:02:09.95', 1),
(19855, 1332, '00:02:28.08', 1),
(19856, 1333, '00:01:42.82', 1),
(19857, 1324, '00:01:38.29', 1),
(19858, 1331, '00:01:17.22', 1),
(19859, 1327, '00:01:10.65', 1),
(19860, 1328, '00:01:07.43', 1),
(19861, 1325, '00:02:59.37', 1),
(19862, 1326, '00:01:55.93', 1),
(19863, 1332, '00:01:03.46', 1),
(19864, 1330, '00:01:49.34', 1),
(19865, 1331, '00:02:04.31', 1),
(19866, 1327, '00:02:39.89', 1),
(19867, 1333, '00:02:09.91', 1),
(19868, 1329, '00:01:03.28', 1),
(19869, 1328, '00:02:33.55', 1),
(19870, 1332, '00:01:31.98', 1),
(19871, 1324, '00:02:34.10', 1),
(19872, 1331, '00:02:14.14', 1),
(19873, 1325, '00:02:41.01', 1),
(19874, 1330, '00:02:21.34', 1),
(19875, 1327, '00:01:27.66', 1),
(19876, 1332, '00:02:18.26', 1),
(19877, 1326, '00:01:55.86', 1),
(19878, 1334, '00:01:31.55', 1),
(19879, 1333, '00:02:08.16', 1),
(19880, 1331, '00:01:02.73', 1),
(19881, 1327, '00:01:09.81', 1),
(19882, 1329, '00:01:26.87', 1),
(19883, 1332, '00:01:37.18', 1),
(19884, 1325, '00:01:13.78', 1),
(19885, 1334, '00:02:24.64', 1),
(19886, 1328, '00:02:24.82', 1),
(19887, 1326, '00:01:14.16', 1),
(19888, 1330, '00:01:34.59', 1),
(19889, 1333, '00:01:08.79', 1),
(19890, 1331, '00:01:49.07', 1),
(19891, 1335, '00:03:00.34', 1),
(19892, 1334, '00:02:41.68', 1),
(19893, 1326, '00:01:41.80', 1),
(19894, 1339, '00:02:45.09', 1),
(19895, 1329, '00:02:44.58', 1),
(19896, 1333, '00:01:19.15', 1),
(19897, 1338, '00:02:52.83', 1),
(19898, 1335, '00:02:30.92', 1),
(19899, 1336, '00:01:27.41', 1),
(19900, 1341, '00:01:57.66', 1),
(19901, 1339, '00:01:30.28', 1),
(19902, 1340, '00:02:32.42', 1),
(19903, 1337, '00:01:20.92', 1),
(19904, 1338, '00:03:00.18', 1),
(19905, 1329, '00:02:15.21', 1),
(19906, 1334, '00:01:37.78', 1),
(19907, 1341, '00:02:30.00', 1),
(19908, 1339, '00:01:53.76', 1),
(19909, 1335, '00:01:42.24', 1),
(19910, 1338, '00:02:13.46', 1),
(19911, 1334, '00:02:05.66', 1),
(19912, 1336, '00:01:00.14', 1),
(19913, 1341, '00:01:24.06', 1),
(19914, 1339, '00:02:51.38', 1),
(19915, 1335, '00:01:45.62', 1),
(19916, 1340, '00:01:27.22', 1),
(19917, 1336, '00:03:00.03', 1),
(19918, 1341, '00:01:20.97', 1),
(19919, 1337, '00:01:32.06', 1),
(19920, 1339, '00:01:11.73', 1),
(19921, 1335, '00:01:01.41', 1),
(19922, 1338, '00:01:20.47', 1),
(19923, 1341, '00:02:56.55', 1),
(19924, 1340, '00:01:19.36', 1),
(19925, 1337, '00:01:04.39', 1),
(19926, 1336, '00:02:53.47', 1),
(19927, 1338, '00:01:27.42', 1),
(19928, 1340, '00:01:50.74', 1),
(19929, 1337, '00:02:55.00', 1),
(19930, 1336, '00:02:55.60', 1),
(19931, 1340, '00:02:17.67', 1),
(19932, 1337, '00:01:14.12', 1),
(19933, 1344, '00:02:36.38', 1),
(19934, 1346, '00:01:34.77', 1),
(19935, 1343, '00:01:45.97', 1),
(19936, 1351, '00:01:38.91', 1),
(19937, 1350, '00:01:24.27', 1),
(19938, 1342, '00:03:00.68', 1),
(19939, 1345, '00:02:40.15', 1),
(19940, 1351, '00:02:21.76', 1),
(19941, 1346, '00:01:56.82', 1),
(19942, 1348, '00:02:17.20', 1),
(19943, 1347, '00:02:10.97', 1),
(19944, 1343, '00:03:00.84', 1),
(19945, 1344, '00:01:23.85', 1),
(19946, 1349, '00:01:36.04', 1),
(19947, 1350, '00:02:22.09', 1),
(19948, 1345, '00:01:16.92', 1),
(19949, 1343, '00:02:07.39', 1),
(19950, 1342, '00:02:03.95', 1),
(19951, 1351, '00:01:57.99', 1),
(19952, 1344, '00:01:58.96', 1),
(19953, 1349, '00:01:51.82', 1),
(19954, 1343, '00:01:54.22', 1),
(19955, 1348, '00:02:17.71', 1),
(19956, 1350, '00:02:54.08', 1),
(19957, 1342, '00:02:47.84', 1),
(19958, 1351, '00:02:18.51', 1),
(19959, 1345, '00:02:14.59', 1),
(19960, 1346, '00:02:17.37', 1),
(19961, 1344, '00:02:08.91', 1),
(19962, 1349, '00:01:35.45', 1),
(19963, 1348, '00:01:50.59', 1),
(19964, 1351, '00:01:10.67', 1),
(19965, 1347, '00:01:02.47', 1),
(19966, 1350, '00:01:57.00', 1),
(19967, 1343, '00:02:42.56', 1),
(19968, 1345, '00:01:11.68', 1),
(19969, 1342, '00:01:20.61', 1),
(19970, 1346, '00:01:51.85', 1),
(19971, 1350, '00:02:13.05', 1),
(19972, 1352, '00:02:03.62', 1),
(19973, 1353, '00:02:29.46', 1),
(19974, 1345, '00:01:07.65', 1),
(19975, 1344, '00:01:07.83', 1),
(19976, 1342, '00:02:55.49', 1),
(19977, 1354, '00:02:39.80', 1),
(19978, 1347, '00:02:14.93', 1),
(19979, 1346, '00:01:30.27', 1),
(19980, 1349, '00:01:38.73', 1),
(19981, 1352, '00:01:39.13', 1),
(19982, 1354, '00:01:56.04', 1),
(19983, 1357, '00:02:33.06', 1),
(19984, 1353, '00:01:20.25', 1),
(19985, 1348, '00:01:35.44', 1),
(19986, 1347, '00:02:02.84', 1),
(19987, 1358, '00:01:58.76', 1),
(19988, 1355, '00:02:16.08', 1),
(19989, 1357, '00:02:57.04', 1),
(19990, 1353, '00:01:44.18', 1),
(19991, 1349, '00:01:06.28', 1),
(19992, 1356, '00:01:41.93', 1),
(19993, 1354, '00:02:02.69', 1),
(19994, 1352, '00:01:06.72', 1),
(19995, 1348, '00:01:43.14', 1),
(19996, 1355, '00:01:41.31', 1),
(19997, 1347, '00:01:10.79', 1),
(19998, 1353, '00:02:16.10', 1),
(19999, 1354, '00:02:11.97', 1),
(20000, 1357, '00:02:55.87', 1),
(20001, 1358, '00:02:47.28', 1),
(20002, 1359, '00:02:49.29', 1),
(20003, 1352, '00:01:18.60', 1),
(20004, 1361, '00:01:55.82', 1),
(20005, 1353, '00:02:29.10', 1),
(20006, 1356, '00:01:54.57', 1),
(20007, 1360, '00:01:01.53', 1),
(20008, 1354, '00:02:59.61', 1),
(20009, 1359, '00:01:34.22', 1),
(20010, 1352, '00:02:16.18', 1),
(20011, 1355, '00:01:05.30', 1),
(20012, 1357, '00:02:10.16', 1),
(20013, 1362, '00:02:59.51', 1),
(20014, 1361, '00:02:45.67', 1),
(20015, 1360, '00:02:06.29', 1),
(20016, 1358, '00:01:10.03', 1),
(20017, 1356, '00:01:15.72', 1),
(20018, 1364, '00:02:22.15', 1),
(20019, 1363, '00:02:14.40', 1),
(20020, 1361, '00:01:06.40', 1),
(20021, 1360, '00:02:21.42', 1),
(20022, 1355, '00:01:31.98', 1),
(20023, 1359, '00:01:06.21', 1),
(20024, 1356, '00:01:18.90', 1),
(20025, 1358, '00:02:13.10', 1),
(20026, 1357, '00:01:53.95', 1),
(20027, 1361, '00:01:39.98', 1),
(20028, 1360, '00:02:31.42', 1),
(20029, 1363, '00:02:24.62', 1),
(20030, 1362, '00:02:58.69', 1),
(20031, 1355, '00:02:42.56', 1),
(20032, 1358, '00:01:44.17', 1),
(20033, 1364, '00:01:07.37', 1),
(20034, 1365, '00:02:47.29', 1),
(20035, 1359, '00:02:33.94', 1),
(20036, 1360, '00:02:16.48', 1),
(20037, 1366, '00:02:09.77', 1),
(20038, 1361, '00:01:27.74', 1),
(20039, 1356, '00:01:36.94', 1),
(20040, 1363, '00:02:57.83', 1),
(20041, 1362, '00:01:00.91', 1),
(20042, 1367, '00:01:03.04', 1),
(20043, 1366, '00:01:39.11', 1),
(20044, 1369, '00:01:49.87', 1),
(20045, 1370, '00:02:33.92', 1),
(20046, 1364, '00:01:08.29', 1),
(20047, 1363, '00:01:36.27', 1),
(20048, 1362, '00:02:03.87', 1),
(20049, 1367, '00:02:02.59', 1),
(20050, 1365, '00:01:23.51', 1),
(20051, 1366, '00:01:45.55', 1),
(20052, 1364, '00:01:33.22', 1),
(20053, 1363, '00:01:10.17', 1),
(20054, 1359, '00:01:49.07', 1),
(20055, 1369, '00:01:31.30', 1),
(20056, 1362, '00:02:02.61', 1),
(20057, 1365, '00:02:36.79', 1),
(20058, 1368, '00:02:36.45', 1),
(20059, 1370, '00:01:01.33', 1),
(20060, 1367, '00:02:35.62', 1),
(20061, 1366, '00:02:27.76', 1),
(20062, 1365, '00:01:12.10', 1),
(20063, 1364, '00:01:30.98', 1),
(20064, 1368, '00:01:54.44', 1),
(20065, 1370, '00:02:18.98', 1),
(20066, 1371, '00:02:59.78', 1),
(20067, 1367, '00:01:24.96', 1),
(20068, 1365, '00:01:29.61', 1),
(20069, 1368, '00:01:02.98', 1),
(20070, 1372, '00:01:14.58', 1),
(20071, 1366, '00:02:47.42', 1),
(20072, 1374, '00:01:40.82', 1),
(20073, 1369, '00:01:36.32', 1),
(20074, 1368, '00:01:58.04', 1),
(20075, 1372, '00:02:58.88', 1),
(20076, 1370, '00:01:54.40', 1),
(20077, 1373, '00:02:19.79', 1),
(20078, 1375, '00:02:52.94', 1),
(20079, 1369, '00:02:05.00', 1),
(20080, 1371, '00:02:41.20', 1),
(20081, 1368, '00:02:17.35', 1),
(20082, 1370, '00:02:01.46', 1),
(20083, 1374, '00:01:42.77', 1),
(20084, 1367, '00:02:07.61', 1),
(20085, 1372, '00:02:22.47', 1),
(20086, 1375, '00:01:00.07', 1),
(20087, 1373, '00:01:36.51', 1),
(20088, 1376, '00:02:26.36', 1),
(20089, 1378, '00:03:00.10', 1),
(20090, 1372, '00:02:27.76', 1),
(20091, 1369, '00:02:15.90', 1),
(20092, 1371, '00:02:14.13', 1),
(20093, 1376, '00:02:47.06', 1),
(20094, 1379, '00:01:58.96', 1),
(20095, 1377, '00:01:00.92', 1),
(20096, 1380, '00:02:48.91', 1),
(20097, 1378, '00:02:21.23', 1),
(20098, 1371, '00:02:53.75', 1),
(20099, 1374, '00:02:13.01', 1),
(20100, 1372, '00:02:51.55', 1),
(20101, 1379, '00:02:28.65', 1),
(20102, 1380, '00:02:43.26', 1),
(20103, 1375, '00:02:54.99', 1),
(20104, 1376, '00:01:06.62', 1),
(20105, 1377, '00:01:23.84', 1),
(20106, 1371, '00:02:24.75', 1),
(20107, 1373, '00:02:56.28', 1),
(20108, 1378, '00:02:30.78', 1),
(20109, 1380, '00:02:44.04', 1),
(20110, 1374, '00:01:46.01', 1),
(20111, 1376, '00:01:25.58', 1),
(20112, 1379, '00:01:14.94', 1),
(20113, 1375, '00:02:47.38', 1),
(20114, 1381, '00:02:04.03', 1),
(20115, 1382, '00:02:54.05', 1),
(20116, 1377, '00:01:19.50', 1),
(20117, 1374, '00:01:08.27', 1),
(20118, 1379, '00:02:41.73', 1),
(20119, 1373, '00:01:39.82', 1),
(20120, 1380, '00:02:47.86', 1),
(20121, 1376, '00:02:03.87', 1),
(20122, 1381, '00:02:33.04', 1),
(20123, 1378, '00:02:37.79', 1),
(20124, 1375, '00:01:28.70', 1),
(20125, 1379, '00:02:17.48', 1),
(20126, 1382, '00:01:10.93', 1),
(20127, 1380, '00:01:40.32', 1),
(20128, 1383, '00:02:06.49', 1),
(20129, 1373, '00:02:03.39', 1),
(20130, 1377, '00:01:49.61', 1),
(20131, 1381, '00:01:39.81', 1),
(20132, 1384, '00:02:52.02', 1),
(20133, 1382, '00:01:32.94', 1),
(20134, 1383, '00:01:39.64', 1),
(20135, 1378, '00:01:57.20', 1),
(20136, 1386, '00:01:27.93', 1),
(20137, 1377, '00:01:23.93', 1),
(20138, 1384, '00:02:06.68', 1),
(20139, 1385, '00:02:09.86', 1),
(20140, 1382, '00:02:34.69', 1),
(20141, 1381, '00:01:15.81', 1),
(20142, 1383, '00:02:51.22', 1),
(20143, 1384, '00:02:43.59', 1),
(20144, 1382, '00:02:05.05', 1),
(20145, 1386, '00:01:05.82', 1),
(20146, 1381, '00:01:25.06', 1),
(20147, 1385, '00:02:23.45', 1),
(20148, 1384, '00:02:18.04', 1),
(20149, 1383, '00:02:07.76', 1),
(20150, 1386, '00:01:25.49', 1),
(20151, 1385, '00:01:32.93', 1),
(20152, 1384, '00:01:50.15', 1),
(20153, 1383, '00:01:23.99', 1),
(20154, 1385, '00:01:28.00', 1),
(20155, 1386, '00:02:56.47', 1),
(20156, 1385, '00:01:15.93', 1),
(20157, 1386, '00:01:34.51', 1),
(20158, 1252, '00:01:04.84', 2),
(20159, 1256, '00:01:19.62', 2),
(20160, 1259, '00:02:19.38', 2),
(20161, 1255, '00:02:24.54', 2),
(20162, 1253, '00:02:05.27', 2),
(20163, 1261, '00:02:12.07', 2),
(20164, 1257, '00:02:29.36', 2),
(20165, 1258, '00:01:01.25', 2),
(20166, 1259, '00:02:33.86', 2),
(20167, 1252, '00:01:28.36', 2),
(20168, 1255, '00:02:24.56', 2),
(20169, 1254, '00:01:46.74', 2),
(20170, 1253, '00:01:35.32', 2),
(20171, 1256, '00:02:55.53', 2),
(20172, 1258, '00:01:40.89', 2),
(20173, 1260, '00:01:20.70', 2),
(20174, 1257, '00:02:35.16', 2),
(20175, 1252, '00:02:10.77', 2),
(20176, 1253, '00:02:27.71', 2),
(20177, 1258, '00:02:25.58', 2),
(20178, 1261, '00:01:39.90', 2),
(20179, 1259, '00:01:21.21', 2),
(20180, 1260, '00:02:26.03', 2),
(20181, 1256, '00:02:39.28', 2),
(20182, 1252, '00:01:59.00', 2),
(20183, 1255, '00:01:44.43', 2),
(20184, 1258, '00:01:15.17', 2),
(20185, 1261, '00:02:36.22', 2),
(20186, 1257, '00:02:39.29', 2),
(20187, 1254, '00:02:46.92', 2),
(20188, 1260, '00:02:02.22', 2),
(20189, 1259, '00:02:22.09', 2),
(20190, 1253, '00:01:49.58', 2),
(20191, 1256, '00:02:26.11', 2),
(20192, 1257, '00:01:03.25', 2),
(20193, 1254, '00:01:47.51', 2),
(20194, 1260, '00:01:48.30', 2),
(20195, 1252, '00:01:25.98', 2),
(20196, 1261, '00:01:17.46', 2),
(20197, 1259, '00:02:32.41', 2),
(20198, 1257, '00:02:08.20', 2),
(20199, 1255, '00:01:31.85', 2),
(20200, 1253, '00:01:18.83', 2),
(20201, 1262, '00:02:02.35', 2),
(20202, 1256, '00:01:28.53', 2),
(20203, 1258, '00:02:46.99', 2),
(20204, 1254, '00:02:28.22', 2),
(20205, 1261, '00:01:36.85', 2),
(20206, 1264, '00:02:41.02', 2),
(20207, 1267, '00:02:07.27', 2),
(20208, 1260, '00:01:58.95', 2),
(20209, 1255, '00:02:02.03', 2),
(20210, 1262, '00:02:37.45', 2),
(20211, 1254, '00:01:05.39', 2),
(20212, 1263, '00:01:01.91', 2),
(20213, 1265, '00:02:15.58', 2),
(20214, 1266, '00:02:19.33', 2),
(20215, 1267, '00:01:52.99', 2),
(20216, 1264, '00:01:49.21', 2),
(20217, 1271, '00:02:04.72', 2),
(20218, 1265, '00:02:11.33', 2),
(20219, 1269, '00:02:06.40', 2),
(20220, 1268, '00:02:46.50', 2),
(20221, 1263, '00:01:41.12', 2),
(20222, 1264, '00:01:25.50', 2),
(20223, 1262, '00:02:42.49', 2),
(20224, 1271, '00:02:48.27', 2),
(20225, 1266, '00:01:53.16', 2),
(20226, 1270, '00:02:51.23', 2),
(20227, 1263, '00:02:09.34', 2),
(20228, 1264, '00:01:01.63', 2),
(20229, 1267, '00:02:42.43', 2),
(20230, 1262, '00:02:18.57', 2),
(20231, 1266, '00:02:25.53', 2),
(20232, 1270, '00:01:56.22', 2),
(20233, 1265, '00:02:02.93', 2),
(20234, 1271, '00:02:58.80', 2),
(20235, 1263, '00:02:35.63', 2),
(20236, 1262, '00:02:25.56', 2),
(20237, 1269, '00:01:50.46', 2),
(20238, 1266, '00:02:11.05', 2),
(20239, 1264, '00:02:23.10', 2),
(20240, 1265, '00:02:12.07', 2),
(20241, 1268, '00:02:09.88', 2),
(20242, 1271, '00:02:42.41', 2),
(20243, 1267, '00:02:14.94', 2),
(20244, 1270, '00:02:34.80', 2),
(20245, 1263, '00:02:41.59', 2),
(20246, 1273, '00:01:20.98', 2),
(20247, 1265, '00:01:22.87', 2),
(20248, 1271, '00:02:07.63', 2),
(20249, 1272, '00:01:59.80', 2),
(20250, 1267, '00:03:00.77', 2),
(20251, 1268, '00:01:41.94', 2),
(20252, 1269, '00:01:21.01', 2),
(20253, 1270, '00:01:39.77', 2),
(20254, 1275, '00:01:40.94', 2),
(20255, 1276, '00:02:29.43', 2),
(20256, 1266, '00:02:30.31', 2),
(20257, 1274, '00:01:30.41', 2),
(20258, 1277, '00:02:13.03', 2),
(20259, 1272, '00:02:42.82', 2),
(20260, 1268, '00:02:14.19', 2),
(20261, 1270, '00:01:35.21', 2),
(20262, 1273, '00:02:02.04', 2),
(20263, 1276, '00:02:55.68', 2),
(20264, 1269, '00:01:39.09', 2),
(20265, 1274, '00:02:16.06', 2),
(20266, 1268, '00:01:00.82', 2),
(20267, 1279, '00:01:03.63', 2),
(20268, 1275, '00:02:40.82', 2),
(20269, 1277, '00:01:32.91', 2),
(20270, 1273, '00:01:39.53', 2),
(20271, 1269, '00:01:27.30', 2),
(20272, 1278, '00:01:28.94', 2),
(20273, 1274, '00:02:45.18', 2),
(20274, 1276, '00:02:47.74', 2),
(20275, 1275, '00:01:04.10', 2),
(20276, 1272, '00:01:50.19', 2),
(20277, 1273, '00:01:42.63', 2),
(20278, 1279, '00:01:20.61', 2),
(20279, 1277, '00:01:36.08', 2),
(20280, 1278, '00:02:57.20', 2),
(20281, 1276, '00:01:39.12', 2),
(20282, 1280, '00:01:00.22', 2),
(20283, 1275, '00:01:21.16', 2),
(20284, 1274, '00:02:25.66', 2),
(20285, 1279, '00:01:30.15', 2),
(20286, 1281, '00:01:52.69', 2),
(20287, 1272, '00:01:20.89', 2),
(20288, 1278, '00:01:45.97', 2),
(20289, 1280, '00:02:34.32', 2),
(20290, 1277, '00:01:12.95', 2),
(20291, 1273, '00:01:58.73', 2),
(20292, 1276, '00:01:42.39', 2),
(20293, 1275, '00:01:09.40', 2),
(20294, 1274, '00:02:57.88', 2),
(20295, 1280, '00:02:58.00', 2),
(20296, 1277, '00:01:56.79', 2),
(20297, 1282, '00:02:58.50', 2),
(20298, 1279, '00:02:49.48', 2),
(20299, 1284, '00:01:15.12', 2),
(20300, 1285, '00:02:21.27', 2),
(20301, 1280, '00:02:59.94', 2),
(20302, 1281, '00:01:11.92', 2),
(20303, 1286, '00:01:22.17', 2),
(20304, 1279, '00:02:53.88', 2),
(20305, 1272, '00:02:38.54', 2),
(20306, 1284, '00:02:36.69', 2),
(20307, 1282, '00:01:37.57', 2),
(20308, 1285, '00:02:34.47', 2),
(20309, 1278, '00:01:55.48', 2),
(20310, 1286, '00:02:19.26', 2),
(20311, 1287, '00:02:51.15', 2),
(20312, 1280, '00:01:15.48', 2),
(20313, 1283, '00:01:21.69', 2),
(20314, 1282, '00:01:54.75', 2),
(20315, 1285, '00:02:29.40', 2),
(20316, 1281, '00:02:54.32', 2),
(20317, 1288, '00:01:30.55', 2),
(20318, 1287, '00:01:04.15', 2),
(20319, 1289, '00:02:20.91', 2),
(20320, 1282, '00:01:15.57', 2),
(20321, 1284, '00:02:18.58', 2),
(20322, 1285, '00:01:03.64', 2),
(20323, 1283, '00:01:58.53', 2),
(20324, 1281, '00:01:03.70', 2),
(20325, 1278, '00:02:12.08', 2),
(20326, 1282, '00:01:04.71', 2),
(20327, 1284, '00:02:29.33', 2),
(20328, 1288, '00:02:52.02', 2),
(20329, 1286, '00:02:49.93', 2),
(20330, 1289, '00:02:26.31', 2),
(20331, 1285, '00:02:59.22', 2),
(20332, 1287, '00:01:03.20', 2),
(20333, 1281, '00:01:41.39', 2),
(20334, 1288, '00:01:44.81', 2),
(20335, 1289, '00:01:50.31', 2),
(20336, 1286, '00:01:32.75', 2),
(20337, 1283, '00:01:24.48', 2),
(20338, 1292, '00:02:27.10', 2),
(20339, 1288, '00:01:28.56', 2),
(20340, 1293, '00:01:41.25', 2),
(20341, 1290, '00:02:56.58', 2),
(20342, 1287, '00:01:51.62', 2),
(20343, 1286, '00:01:20.75', 2),
(20344, 1291, '00:02:18.05', 2),
(20345, 1288, '00:02:34.46', 2),
(20346, 1293, '00:01:30.15', 2),
(20347, 1284, '00:01:43.92', 2),
(20348, 1289, '00:02:29.24', 2),
(20349, 1294, '00:01:20.53', 2),
(20350, 1287, '00:02:38.36', 2),
(20351, 1283, '00:01:49.80', 2),
(20352, 1291, '00:02:04.84', 2),
(20353, 1290, '00:01:49.44', 2),
(20354, 1289, '00:01:05.00', 2),
(20355, 1292, '00:02:28.16', 2),
(20356, 1295, '00:01:45.23', 2),
(20357, 1296, '00:01:43.10', 2),
(20358, 1293, '00:01:33.69', 2),
(20359, 1294, '00:01:20.78', 2),
(20360, 1283, '00:02:40.01', 2),
(20361, 1291, '00:01:32.60', 2),
(20362, 1290, '00:02:35.57', 2),
(20363, 1294, '00:01:30.00', 2),
(20364, 1291, '00:01:47.80', 2),
(20365, 1292, '00:02:58.47', 2),
(20366, 1290, '00:02:31.17', 2),
(20367, 1293, '00:02:55.26', 2),
(20368, 1295, '00:02:06.14', 2),
(20369, 1291, '00:02:53.11', 2),
(20370, 1292, '00:01:51.11', 2),
(20371, 1296, '00:01:50.99', 2),
(20372, 1290, '00:02:54.55', 2),
(20373, 1294, '00:02:24.30', 2),
(20374, 1295, '00:02:51.66', 2),
(20375, 1293, '00:01:28.93', 2),
(20376, 1292, '00:01:40.40', 2),
(20377, 1296, '00:02:26.01', 2),
(20378, 1294, '00:02:29.38', 2),
(20379, 1295, '00:01:48.44', 2),
(20380, 1296, '00:02:18.30', 2),
(20381, 1295, '00:01:43.62', 2),
(20382, 1296, '00:01:49.54', 2),
(20383, 1297, '00:02:26.79', 2),
(20384, 1305, '00:01:37.24', 2),
(20385, 1300, '00:02:40.63', 2),
(20386, 1303, '00:01:21.76', 2),
(20387, 1302, '00:02:02.55', 2),
(20388, 1304, '00:01:43.37', 2),
(20389, 1306, '00:02:02.95', 2),
(20390, 1301, '00:02:42.01', 2),
(20391, 1298, '00:02:15.88', 2),
(20392, 1297, '00:01:09.96', 2),
(20393, 1306, '00:01:45.27', 2),
(20394, 1302, '00:01:47.11', 2),
(20395, 1299, '00:02:43.12', 2),
(20396, 1305, '00:01:51.41', 2),
(20397, 1301, '00:01:55.74', 2),
(20398, 1297, '00:01:08.80', 2),
(20399, 1298, '00:01:22.38', 2),
(20400, 1303, '00:01:20.16', 2),
(20401, 1299, '00:02:25.06', 2),
(20402, 1304, '00:01:54.77', 2),
(20403, 1306, '00:02:25.72', 2),
(20404, 1300, '00:02:53.65', 2),
(20405, 1305, '00:01:19.69', 2),
(20406, 1298, '00:01:10.26', 2),
(20407, 1302, '00:01:54.97', 2),
(20408, 1299, '00:01:21.47', 2),
(20409, 1304, '00:02:21.81', 2),
(20410, 1297, '00:02:17.69', 2),
(20411, 1303, '00:01:39.17', 2),
(20412, 1302, '00:02:40.28', 2),
(20413, 1306, '00:02:56.89', 2),
(20414, 1301, '00:01:12.79', 2),
(20415, 1305, '00:01:14.09', 2),
(20416, 1304, '00:01:54.75', 2),
(20417, 1298, '00:01:36.23', 2),
(20418, 1300, '00:02:04.78', 2),
(20419, 1303, '00:02:19.48', 2),
(20420, 1301, '00:02:19.92', 2),
(20421, 1299, '00:01:51.40', 2),
(20422, 1297, '00:02:40.16', 2),
(20423, 1304, '00:02:01.91', 2),
(20424, 1306, '00:02:24.93', 2),
(20425, 1303, '00:01:59.64', 2),
(20426, 1302, '00:02:43.28', 2),
(20427, 1301, '00:02:50.77', 2),
(20428, 1305, '00:02:28.90', 2),
(20429, 1298, '00:02:57.15', 2),
(20430, 1299, '00:02:29.92', 2),
(20431, 1309, '00:01:59.63', 2),
(20432, 1310, '00:02:34.28', 2),
(20433, 1307, '00:01:04.69', 2),
(20434, 1300, '00:02:25.25', 2),
(20435, 1312, '00:02:35.79', 2),
(20436, 1311, '00:01:57.37', 2),
(20437, 1308, '00:01:40.84', 2),
(20438, 1315, '00:02:26.03', 2),
(20439, 1313, '00:02:40.37', 2),
(20440, 1310, '00:01:47.62', 2),
(20441, 1312, '00:02:03.69', 2),
(20442, 1314, '00:02:51.90', 2),
(20443, 1311, '00:01:03.22', 2),
(20444, 1307, '00:01:08.03', 2),
(20445, 1308, '00:01:39.89', 2),
(20446, 1309, '00:02:56.30', 2),
(20447, 1310, '00:01:00.58', 2),
(20448, 1300, '00:02:18.64', 2),
(20449, 1315, '00:01:27.18', 2),
(20450, 1312, '00:01:41.11', 2),
(20451, 1307, '00:02:02.96', 2),
(20452, 1308, '00:01:44.91', 2),
(20453, 1313, '00:01:08.05', 2),
(20454, 1314, '00:02:12.54', 2),
(20455, 1310, '00:02:38.50', 2),
(20456, 1309, '00:01:53.69', 2),
(20457, 1315, '00:02:29.22', 2),
(20458, 1311, '00:02:04.72', 2),
(20459, 1316, '00:01:04.19', 2),
(20460, 1308, '00:02:41.70', 2),
(20461, 1312, '00:01:07.82', 2),
(20462, 1310, '00:01:36.88', 2),
(20463, 1309, '00:02:55.48', 2),
(20464, 1313, '00:01:51.75', 2),
(20465, 1307, '00:02:59.79', 2),
(20466, 1311, '00:02:57.22', 2),
(20467, 1308, '00:01:07.30', 2),
(20468, 1314, '00:01:58.75', 2),
(20469, 1312, '00:02:11.53', 2),
(20470, 1315, '00:01:16.19', 2),
(20471, 1309, '00:01:12.73', 2),
(20472, 1313, '00:02:22.25', 2),
(20473, 1317, '00:02:17.73', 2),
(20474, 1316, '00:02:19.85', 2),
(20475, 1318, '00:01:26.50', 2),
(20476, 1307, '00:02:50.01', 2),
(20477, 1314, '00:01:38.26', 2),
(20478, 1313, '00:01:06.85', 2),
(20479, 1316, '00:01:08.28', 2),
(20480, 1311, '00:01:44.27', 2),
(20481, 1319, '00:01:20.23', 2),
(20482, 1317, '00:02:32.47', 2),
(20483, 1314, '00:02:27.75', 2),
(20484, 1322, '00:02:14.68', 2),
(20485, 1315, '00:01:03.11', 2),
(20486, 1318, '00:01:13.50', 2),
(20487, 1316, '00:02:02.42', 2),
(20488, 1317, '00:01:59.22', 2),
(20489, 1320, '00:01:57.02', 2),
(20490, 1321, '00:01:32.80', 2),
(20491, 1323, '00:01:55.50', 2),
(20492, 1324, '00:02:30.46', 2),
(20493, 1316, '00:02:13.01', 2),
(20494, 1317, '00:02:31.79', 2),
(20495, 1319, '00:02:28.16', 2),
(20496, 1325, '00:01:18.12', 2),
(20497, 1320, '00:01:27.71', 2),
(20498, 1323, '00:02:12.78', 2),
(20499, 1322, '00:02:25.13', 2),
(20500, 1321, '00:02:20.93', 2),
(20501, 1319, '00:02:35.61', 2),
(20502, 1326, '00:01:33.44', 2),
(20503, 1318, '00:01:57.37', 2),
(20504, 1325, '00:02:21.71', 2),
(20505, 1317, '00:02:02.60', 2),
(20506, 1324, '00:01:16.83', 2),
(20507, 1322, '00:02:46.41', 2),
(20508, 1320, '00:02:11.87', 2),
(20509, 1326, '00:01:07.09', 2),
(20510, 1318, '00:02:09.60', 2),
(20511, 1321, '00:02:29.20', 2),
(20512, 1323, '00:02:24.26', 2),
(20513, 1325, '00:02:52.04', 2),
(20514, 1322, '00:02:49.97', 2),
(20515, 1319, '00:01:23.58', 2),
(20516, 1326, '00:02:06.78', 2),
(20517, 1327, '00:01:26.19', 2),
(20518, 1318, '00:02:32.23', 2),
(20519, 1320, '00:01:50.83', 2),
(20520, 1323, '00:01:42.42', 2),
(20521, 1324, '00:01:06.11', 2),
(20522, 1321, '00:02:10.40', 2),
(20523, 1322, '00:02:36.44', 2),
(20524, 1325, '00:01:07.55', 2),
(20525, 1328, '00:01:53.25', 2),
(20526, 1320, '00:01:17.25', 2),
(20527, 1319, '00:01:54.18', 2),
(20528, 1324, '00:02:47.76', 2),
(20529, 1321, '00:02:56.70', 2),
(20530, 1323, '00:02:42.43', 2),
(20531, 1326, '00:01:27.04', 2),
(20532, 1329, '00:01:23.61', 2),
(20533, 1331, '00:01:08.62', 2),
(20534, 1324, '00:01:05.31', 2),
(20535, 1327, '00:01:24.81', 2),
(20536, 1325, '00:02:51.64', 2),
(20537, 1329, '00:01:35.43', 2),
(20538, 1332, '00:01:29.15', 2),
(20539, 1328, '00:02:33.88', 2),
(20540, 1334, '00:02:43.53', 2),
(20541, 1333, '00:01:12.75', 2),
(20542, 1327, '00:02:00.40', 2),
(20543, 1330, '00:01:59.57', 2),
(20544, 1331, '00:01:57.70', 2),
(20545, 1326, '00:02:23.73', 2),
(20546, 1335, '00:02:13.19', 2),
(20547, 1334, '00:01:03.96', 2),
(20548, 1332, '00:02:07.95', 2),
(20549, 1327, '00:02:36.68', 2),
(20550, 1328, '00:02:57.21', 2),
(20551, 1331, '00:01:58.44', 2),
(20552, 1329, '00:02:42.50', 2),
(20553, 1333, '00:02:55.16', 2),
(20554, 1335, '00:01:48.84', 2),
(20555, 1332, '00:02:57.92', 2),
(20556, 1330, '00:02:13.11', 2),
(20557, 1336, '00:02:26.05', 2),
(20558, 1331, '00:02:38.56', 2),
(20559, 1327, '00:02:11.32', 2),
(20560, 1333, '00:02:06.57', 2),
(20561, 1334, '00:03:00.71', 2),
(20562, 1329, '00:02:48.76', 2),
(20563, 1328, '00:01:29.36', 2),
(20564, 1335, '00:01:44.94', 2),
(20565, 1330, '00:02:54.35', 2),
(20566, 1332, '00:02:27.13', 2),
(20567, 1337, '00:01:07.08', 2),
(20568, 1329, '00:02:51.39', 2),
(20569, 1336, '00:01:40.01', 2),
(20570, 1328, '00:02:49.14', 2),
(20571, 1334, '00:02:00.52', 2),
(20572, 1335, '00:01:24.88', 2),
(20573, 1331, '00:02:21.96', 2),
(20574, 1337, '00:01:27.61', 2),
(20575, 1333, '00:01:48.47', 2),
(20576, 1330, '00:02:40.44', 2),
(20577, 1338, '00:02:17.45', 2),
(20578, 1334, '00:02:55.07', 2),
(20579, 1335, '00:02:36.92', 2),
(20580, 1332, '00:02:52.23', 2),
(20581, 1336, '00:02:01.05', 2),
(20582, 1340, '00:02:01.64', 2),
(20583, 1330, '00:02:06.20', 2),
(20584, 1338, '00:01:50.37', 2),
(20585, 1339, '00:01:31.27', 2),
(20586, 1337, '00:02:12.31', 2),
(20587, 1340, '00:02:29.37', 2),
(20588, 1341, '00:02:10.23', 2),
(20589, 1333, '00:02:43.75', 2),
(20590, 1338, '00:01:23.31', 2),
(20591, 1336, '00:02:27.02', 2),
(20592, 1337, '00:01:09.81', 2),
(20593, 1340, '00:02:35.39', 2),
(20594, 1341, '00:02:20.17', 2),
(20595, 1339, '00:01:23.42', 2),
(20596, 1338, '00:02:54.49', 2),
(20597, 1336, '00:02:50.81', 2),
(20598, 1337, '00:01:00.40', 2),
(20599, 1340, '00:02:28.67', 2),
(20600, 1341, '00:01:52.38', 2),
(20601, 1339, '00:02:45.99', 2),
(20602, 1338, '00:01:58.28', 2),
(20603, 1340, '00:02:30.59', 2),
(20604, 1341, '00:01:57.29', 2),
(20605, 1339, '00:01:57.42', 2),
(20606, 1341, '00:01:55.02', 2),
(20607, 1339, '00:02:57.20', 2),
(20608, 1347, '00:01:03.98', 2),
(20609, 1344, '00:01:40.41', 2),
(20610, 1346, '00:02:08.48', 2),
(20611, 1350, '00:02:14.93', 2),
(20612, 1345, '00:02:38.50', 2),
(20613, 1343, '00:02:10.50', 2),
(20614, 1342, '00:02:20.19', 2),
(20615, 1347, '00:02:17.40', 2),
(20616, 1351, '00:01:15.94', 2),
(20617, 1348, '00:01:02.71', 2),
(20618, 1343, '00:02:18.44', 2),
(20619, 1342, '00:01:35.24', 2),
(20620, 1344, '00:01:56.88', 2),
(20621, 1349, '00:02:31.36', 2),
(20622, 1345, '00:01:13.97', 2),
(20623, 1346, '00:01:29.66', 2),
(20624, 1343, '00:02:14.45', 2),
(20625, 1342, '00:01:22.42', 2),
(20626, 1351, '00:02:24.99', 2),
(20627, 1350, '00:02:44.58', 2),
(20628, 1349, '00:01:16.16', 2),
(20629, 1345, '00:01:15.60', 2),
(20630, 1348, '00:02:40.03', 2),
(20631, 1347, '00:02:06.82', 2),
(20632, 1351, '00:01:11.22', 2),
(20633, 1344, '00:01:13.87', 2),
(20634, 1350, '00:02:49.14', 2),
(20635, 1346, '00:02:44.80', 2),
(20636, 1348, '00:01:16.95', 2),
(20637, 1349, '00:01:03.27', 2),
(20638, 1347, '00:02:33.44', 2),
(20639, 1351, '00:02:04.69', 2),
(20640, 1343, '00:01:22.15', 2),
(20641, 1350, '00:02:46.40', 2),
(20642, 1348, '00:01:49.07', 2),
(20643, 1342, '00:02:29.42', 2),
(20644, 1349, '00:02:06.87', 2),
(20645, 1344, '00:02:35.19', 2),
(20646, 1343, '00:02:55.84', 2),
(20647, 1345, '00:02:00.23', 2),
(20648, 1347, '00:01:12.43', 2),
(20649, 1346, '00:01:35.13', 2),
(20650, 1349, '00:01:31.03', 2),
(20651, 1351, '00:01:27.80', 2),
(20652, 1352, '00:01:46.04', 2),
(20653, 1342, '00:01:38.23', 2),
(20654, 1353, '00:01:50.26', 2),
(20655, 1346, '00:01:27.22', 2),
(20656, 1350, '00:01:10.85', 2),
(20657, 1345, '00:01:52.58', 2),
(20658, 1354, '00:01:15.37', 2),
(20659, 1348, '00:03:00.69', 2),
(20660, 1353, '00:02:54.94', 2),
(20661, 1356, '00:02:38.70', 2),
(20662, 1352, '00:02:55.07', 2),
(20663, 1344, '00:02:25.21', 2),
(20664, 1359, '00:02:40.96', 2),
(20665, 1358, '00:02:04.15', 2),
(20666, 1355, '00:02:10.22', 2),
(20667, 1354, '00:01:36.42', 2),
(20668, 1352, '00:02:21.34', 2),
(20669, 1357, '00:02:30.87', 2),
(20670, 1361, '00:02:00.46', 2),
(20671, 1360, '00:01:59.67', 2),
(20672, 1356, '00:01:42.71', 2),
(20673, 1359, '00:02:09.71', 2),
(20674, 1354, '00:02:54.05', 2),
(20675, 1353, '00:02:15.99', 2),
(20676, 1352, '00:01:11.86', 2),
(20677, 1358, '00:02:18.63', 2),
(20678, 1360, '00:01:13.09', 2),
(20679, 1356, '00:02:13.25', 2),
(20680, 1357, '00:02:17.69', 2),
(20681, 1355, '00:02:55.09', 2),
(20682, 1359, '00:02:30.39', 2),
(20683, 1353, '00:02:40.47', 2),
(20684, 1361, '00:02:37.19', 2),
(20685, 1360, '00:02:18.98', 2),
(20686, 1354, '00:02:58.06', 2),
(20687, 1352, '00:02:41.77', 2),
(20688, 1356, '00:03:00.81', 2),
(20689, 1353, '00:01:14.15', 2),
(20690, 1361, '00:01:27.16', 2),
(20691, 1358, '00:01:47.88', 2),
(20692, 1357, '00:02:36.25', 2),
(20693, 1360, '00:01:26.03', 2),
(20694, 1362, '00:01:41.72', 2),
(20695, 1356, '00:02:14.12', 2),
(20696, 1355, '00:02:32.09', 2),
(20697, 1354, '00:02:09.78', 2),
(20698, 1363, '00:01:18.17', 2),
(20699, 1357, '00:01:00.89', 2),
(20700, 1359, '00:01:14.43', 2),
(20701, 1360, '00:02:58.31', 2),
(20702, 1361, '00:02:30.52', 2),
(20703, 1355, '00:02:44.68', 2),
(20704, 1365, '00:01:27.09', 2),
(20705, 1362, '00:01:19.09', 2),
(20706, 1358, '00:02:41.06', 2),
(20707, 1363, '00:02:10.13', 2),
(20708, 1366, '00:02:50.01', 2),
(20709, 1364, '00:03:00.49', 2),
(20710, 1361, '00:02:18.41', 2),
(20711, 1357, '00:01:46.03', 2),
(20712, 1362, '00:01:37.52', 2),
(20713, 1358, '00:01:27.32', 2),
(20714, 1355, '00:01:37.26', 2),
(20715, 1359, '00:01:55.56', 2),
(20716, 1366, '00:01:19.19', 2),
(20717, 1363, '00:01:45.41', 2),
(20718, 1365, '00:01:42.09', 2),
(20719, 1367, '00:01:14.52', 2),
(20720, 1364, '00:01:29.46', 2),
(20721, 1369, '00:02:00.66', 2),
(20722, 1368, '00:02:18.69', 2),
(20723, 1363, '00:01:11.67', 2),
(20724, 1365, '00:02:34.20', 2),
(20725, 1370, '00:02:43.26', 2),
(20726, 1362, '00:02:25.84', 2),
(20727, 1367, '00:01:03.29', 2),
(20728, 1369, '00:01:24.47', 2),
(20729, 1371, '00:02:29.14', 2),
(20730, 1368, '00:02:37.84', 2),
(20731, 1364, '00:01:40.76', 2),
(20732, 1365, '00:01:37.40', 2),
(20733, 1366, '00:02:33.68', 2),
(20734, 1362, '00:01:51.93', 2),
(20735, 1371, '00:01:00.14', 2),
(20736, 1363, '00:02:36.30', 2),
(20737, 1368, '00:01:22.37', 2),
(20738, 1367, '00:01:24.22', 2),
(20739, 1364, '00:01:31.65', 2),
(20740, 1370, '00:01:51.78', 2),
(20741, 1372, '00:02:16.96', 2),
(20742, 1369, '00:01:00.91', 2),
(20743, 1365, '00:01:59.26', 2),
(20744, 1373, '00:01:33.55', 2),
(20745, 1367, '00:02:57.42', 2),
(20746, 1370, '00:01:22.28', 2),
(20747, 1366, '00:01:53.95', 2),
(20748, 1371, '00:02:10.01', 2),
(20749, 1372, '00:02:49.78', 2),
(20750, 1364, '00:02:45.17', 2),
(20751, 1374, '00:01:51.78', 2),
(20752, 1368, '00:01:44.29', 2),
(20753, 1369, '00:01:37.09', 2),
(20754, 1367, '00:02:10.14', 2),
(20755, 1373, '00:02:10.88', 2),
(20756, 1372, '00:02:46.47', 2),
(20757, 1375, '00:01:46.04', 2),
(20758, 1370, '00:01:31.32', 2),
(20759, 1374, '00:02:46.84', 2),
(20760, 1369, '00:02:19.81', 2),
(20761, 1376, '00:01:39.83', 2),
(20762, 1371, '00:02:50.37', 2),
(20763, 1368, '00:02:24.84', 2),
(20764, 1373, '00:01:59.56', 2),
(20765, 1370, '00:02:40.65', 2),
(20766, 1366, '00:01:43.19', 2),
(20767, 1374, '00:02:40.88', 2),
(20768, 1372, '00:02:07.02', 2),
(20769, 1376, '00:02:24.15', 2),
(20770, 1378, '00:02:50.54', 2),
(20771, 1377, '00:01:20.68', 2),
(20772, 1375, '00:01:59.11', 2),
(20773, 1371, '00:01:01.81', 2),
(20774, 1373, '00:01:53.04', 2),
(20775, 1379, '00:02:45.89', 2),
(20776, 1378, '00:02:52.65', 2),
(20777, 1377, '00:01:49.02', 2),
(20778, 1375, '00:01:34.68', 2),
(20779, 1380, '00:02:51.59', 2),
(20780, 1381, '00:01:44.40', 2),
(20781, 1373, '00:01:01.90', 2),
(20782, 1374, '00:02:00.75', 2),
(20783, 1377, '00:01:15.15', 2),
(20784, 1380, '00:02:54.38', 2),
(20785, 1379, '00:02:08.10', 2),
(20786, 1372, '00:01:08.94', 2),
(20787, 1381, '00:01:04.94', 2),
(20788, 1378, '00:01:46.50', 2),
(20789, 1382, '00:02:18.64', 2),
(20790, 1376, '00:02:29.84', 2),
(20791, 1375, '00:01:51.12', 2),
(20792, 1374, '00:01:31.00', 2),
(20793, 1383, '00:02:19.32', 2),
(20794, 1378, '00:01:01.58', 2),
(20795, 1376, '00:02:53.68', 2),
(20796, 1377, '00:02:30.67', 2),
(20797, 1381, '00:02:26.27', 2),
(20798, 1382, '00:01:08.75', 2),
(20799, 1384, '00:01:16.44', 2),
(20800, 1379, '00:01:42.95', 2),
(20801, 1378, '00:01:16.02', 2),
(20802, 1375, '00:01:17.17', 2),
(20803, 1383, '00:02:55.67', 2),
(20804, 1380, '00:02:02.99', 2),
(20805, 1381, '00:02:01.82', 2),
(20806, 1377, '00:02:37.49', 2),
(20807, 1379, '00:01:20.19', 2),
(20808, 1386, '00:02:55.66', 2),
(20809, 1382, '00:01:15.80', 2),
(20810, 1376, '00:01:57.31', 2),
(20811, 1385, '00:02:44.35', 2),
(20812, 1383, '00:02:47.23', 2),
(20813, 1384, '00:01:53.51', 2),
(20814, 1379, '00:02:22.35', 2),
(20815, 1382, '00:01:06.44', 2),
(20816, 1380, '00:01:29.59', 2),
(20817, 1386, '00:01:23.81', 2),
(20818, 1385, '00:02:07.82', 2),
(20819, 1381, '00:01:01.33', 2),
(20820, 1384, '00:01:10.20', 2),
(20821, 1383, '00:02:03.81', 2),
(20822, 1382, '00:01:54.02', 2),
(20823, 1386, '00:02:42.60', 2),
(20824, 1385, '00:02:55.80', 2),
(20825, 1380, '00:02:59.58', 2),
(20826, 1384, '00:01:10.13', 2),
(20827, 1383, '00:01:36.20', 2),
(20828, 1386, '00:01:36.49', 2),
(20829, 1384, '00:01:58.46', 2),
(20830, 1385, '00:02:05.10', 2),
(20831, 1386, '00:02:12.89', 2),
(20832, 1385, '00:01:36.42', 2),
(20833, 1255, '00:01:34.75', 3),
(20834, 1256, '00:02:30.84', 3),
(20835, 1252, '00:01:34.20', 3),
(20836, 1253, '00:02:24.88', 3),
(20837, 1259, '00:02:23.34', 3),
(20838, 1258, '00:01:57.12', 3),
(20839, 1252, '00:01:56.93', 3),
(20840, 1253, '00:01:19.33', 3),
(20841, 1261, '00:02:31.09', 3),
(20842, 1259, '00:02:34.56', 3),
(20843, 1256, '00:02:22.58', 3),
(20844, 1255, '00:01:15.00', 3),
(20845, 1260, '00:02:26.11', 3),
(20846, 1252, '00:01:26.28', 3),
(20847, 1258, '00:02:46.04', 3),
(20848, 1254, '00:02:45.74', 3),
(20849, 1256, '00:01:12.35', 3),
(20850, 1253, '00:02:15.94', 3),
(20851, 1261, '00:02:48.22', 3),
(20852, 1257, '00:02:09.54', 3),
(20853, 1258, '00:01:54.22', 3),
(20854, 1254, '00:01:02.06', 3),
(20855, 1259, '00:01:09.82', 3),
(20856, 1256, '00:01:57.75', 3),
(20857, 1261, '00:01:27.77', 3),
(20858, 1257, '00:02:57.11', 3),
(20859, 1255, '00:02:55.13', 3),
(20860, 1253, '00:01:19.72', 3),
(20861, 1259, '00:02:38.26', 3),
(20862, 1256, '00:02:54.38', 3),
(20863, 1260, '00:02:52.02', 3),
(20864, 1261, '00:01:13.81', 3),
(20865, 1255, '00:02:39.79', 3),
(20866, 1253, '00:01:20.90', 3),
(20867, 1257, '00:02:43.13', 3),
(20868, 1252, '00:01:54.15', 3),
(20869, 1259, '00:02:17.11', 3),
(20870, 1255, '00:02:06.68', 3),
(20871, 1261, '00:01:20.86', 3),
(20872, 1258, '00:01:09.43', 3),
(20873, 1257, '00:02:50.23', 3),
(20874, 1262, '00:01:32.49', 3),
(20875, 1264, '00:01:32.71', 3),
(20876, 1254, '00:01:02.50', 3),
(20877, 1252, '00:01:43.35', 3),
(20878, 1260, '00:02:18.08', 3),
(20879, 1265, '00:02:55.92', 3),
(20880, 1263, '00:02:04.66', 3),
(20881, 1257, '00:02:53.26', 3),
(20882, 1254, '00:02:19.41', 3),
(20883, 1266, '00:02:50.05', 3),
(20884, 1258, '00:01:04.84', 3),
(20885, 1262, '00:02:34.69', 3),
(20886, 1260, '00:01:24.65', 3),
(20887, 1263, '00:02:42.52', 3),
(20888, 1267, '00:02:59.20', 3),
(20889, 1264, '00:01:41.35', 3),
(20890, 1265, '00:02:48.03', 3),
(20891, 1254, '00:02:47.58', 3),
(20892, 1268, '00:02:58.88', 3),
(20893, 1260, '00:02:29.68', 3),
(20894, 1267, '00:01:05.10', 3),
(20895, 1266, '00:02:29.90', 3),
(20896, 1262, '00:01:44.11', 3),
(20897, 1263, '00:01:08.53', 3),
(20898, 1265, '00:02:27.34', 3),
(20899, 1269, '00:02:32.94', 3),
(20900, 1264, '00:01:29.71', 3),
(20901, 1267, '00:01:37.01', 3),
(20902, 1270, '00:01:33.66', 3),
(20903, 1266, '00:01:56.62', 3),
(20904, 1268, '00:01:44.65', 3),
(20905, 1265, '00:02:35.04', 3),
(20906, 1269, '00:03:00.20', 3),
(20907, 1262, '00:01:07.32', 3),
(20908, 1271, '00:02:08.95', 3),
(20909, 1264, '00:01:27.27', 3),
(20910, 1266, '00:02:53.56', 3),
(20911, 1263, '00:01:50.39', 3),
(20912, 1268, '00:02:26.56', 3),
(20913, 1267, '00:01:42.62', 3),
(20914, 1269, '00:01:01.56', 3),
(20915, 1264, '00:02:26.88', 3),
(20916, 1265, '00:01:02.29', 3),
(20917, 1270, '00:02:59.70', 3),
(20918, 1262, '00:01:14.59', 3),
(20919, 1266, '00:02:24.50', 3),
(20920, 1269, '00:02:24.18', 3),
(20921, 1273, '00:01:52.21', 3),
(20922, 1271, '00:02:39.74', 3),
(20923, 1263, '00:01:04.26', 3),
(20924, 1272, '00:01:47.13', 3),
(20925, 1274, '00:01:40.21', 3),
(20926, 1269, '00:01:04.03', 3),
(20927, 1268, '00:01:36.94', 3),
(20928, 1270, '00:01:27.46', 3),
(20929, 1275, '00:01:37.56', 3),
(20930, 1273, '00:01:54.53', 3),
(20931, 1267, '00:01:59.05', 3),
(20932, 1272, '00:01:01.69', 3),
(20933, 1268, '00:01:06.79', 3),
(20934, 1271, '00:01:32.69', 3),
(20935, 1270, '00:02:52.06', 3),
(20936, 1274, '00:02:45.98', 3),
(20937, 1273, '00:01:10.75', 3),
(20938, 1276, '00:01:28.30', 3),
(20939, 1275, '00:02:36.23', 3),
(20940, 1277, '00:02:12.39', 3),
(20941, 1278, '00:02:26.69', 3),
(20942, 1270, '00:01:01.89', 3),
(20943, 1274, '00:01:29.33', 3),
(20944, 1273, '00:02:42.37', 3),
(20945, 1272, '00:01:36.42', 3),
(20946, 1275, '00:01:33.42', 3),
(20947, 1277, '00:02:28.36', 3),
(20948, 1276, '00:01:03.37', 3),
(20949, 1279, '00:01:20.67', 3),
(20950, 1280, '00:02:27.31', 3),
(20951, 1278, '00:02:05.52', 3),
(20952, 1273, '00:01:41.77', 3),
(20953, 1271, '00:02:15.97', 3),
(20954, 1274, '00:02:50.00', 3),
(20955, 1277, '00:02:59.65', 3),
(20956, 1272, '00:02:03.87', 3),
(20957, 1280, '00:01:13.34', 3),
(20958, 1278, '00:01:50.98', 3),
(20959, 1276, '00:01:29.48', 3),
(20960, 1275, '00:02:51.33', 3),
(20961, 1281, '00:01:12.96', 3),
(20962, 1277, '00:01:09.71', 3),
(20963, 1279, '00:02:44.39', 3),
(20964, 1272, '00:02:55.70', 3),
(20965, 1271, '00:02:04.13', 3),
(20966, 1276, '00:01:18.14', 3),
(20967, 1275, '00:01:27.30', 3),
(20968, 1280, '00:02:17.04', 3),
(20969, 1274, '00:02:40.53', 3),
(20970, 1279, '00:02:17.95', 3),
(20971, 1281, '00:01:51.79', 3),
(20972, 1278, '00:01:23.12', 3),
(20973, 1282, '00:01:15.57', 3),
(20974, 1284, '00:02:15.69', 3),
(20975, 1277, '00:01:32.36', 3),
(20976, 1280, '00:02:05.72', 3),
(20977, 1283, '00:01:04.83', 3),
(20978, 1281, '00:02:42.30', 3),
(20979, 1278, '00:01:34.39', 3),
(20980, 1285, '00:02:22.72', 3),
(20981, 1276, '00:02:45.31', 3),
(20982, 1284, '00:02:41.68', 3),
(20983, 1282, '00:01:46.13', 3),
(20984, 1279, '00:02:04.47', 3),
(20985, 1283, '00:01:29.27', 3),
(20986, 1286, '00:02:22.27', 3),
(20987, 1287, '00:01:12.24', 3),
(20988, 1281, '00:02:53.09', 3),
(20989, 1284, '00:02:47.53', 3),
(20990, 1280, '00:02:51.41', 3),
(20991, 1288, '00:01:21.60', 3),
(20992, 1282, '00:02:32.36', 3),
(20993, 1287, '00:02:00.88', 3),
(20994, 1285, '00:02:21.07', 3),
(20995, 1281, '00:01:20.71', 3),
(20996, 1279, '00:02:51.26', 3),
(20997, 1289, '00:02:50.50', 3),
(20998, 1282, '00:02:24.63', 3),
(20999, 1284, '00:01:53.60', 3),
(21000, 1283, '00:01:34.14', 3),
(21001, 1288, '00:02:47.64', 3),
(21002, 1287, '00:01:24.25', 3),
(21003, 1289, '00:02:14.20', 3),
(21004, 1286, '00:01:14.49', 3),
(21005, 1284, '00:02:20.48', 3),
(21006, 1285, '00:01:11.04', 3),
(21007, 1282, '00:02:42.89', 3),
(21008, 1288, '00:02:26.18', 3),
(21009, 1289, '00:01:20.79', 3),
(21010, 1283, '00:01:35.45', 3),
(21011, 1290, '00:02:44.93', 3),
(21012, 1287, '00:01:05.58', 3),
(21013, 1285, '00:01:48.05', 3),
(21014, 1288, '00:02:49.19', 3),
(21015, 1291, '00:02:13.34', 3),
(21016, 1286, '00:01:33.36', 3),
(21017, 1293, '00:01:04.22', 3),
(21018, 1287, '00:01:51.42', 3),
(21019, 1285, '00:01:42.54', 3),
(21020, 1292, '00:02:40.15', 3),
(21021, 1289, '00:01:51.06', 3),
(21022, 1291, '00:01:25.74', 3),
(21023, 1293, '00:02:11.70', 3),
(21024, 1294, '00:01:41.09', 3),
(21025, 1283, '00:01:05.13', 3),
(21026, 1288, '00:02:10.40', 3),
(21027, 1295, '00:02:06.21', 3),
(21028, 1289, '00:02:40.33', 3),
(21029, 1290, '00:01:05.80', 3),
(21030, 1286, '00:01:21.50', 3),
(21031, 1292, '00:02:42.78', 3),
(21032, 1291, '00:01:33.06', 3),
(21033, 1293, '00:02:26.93', 3),
(21034, 1295, '00:01:05.26', 3),
(21035, 1290, '00:02:33.93', 3),
(21036, 1286, '00:01:55.77', 3),
(21037, 1294, '00:02:26.92', 3),
(21038, 1292, '00:02:43.25', 3),
(21039, 1291, '00:01:27.32', 3);
INSERT INTO `event_lap` (`id`, `event_registration_id`, `laptime`, `event_phase_id`) VALUES
(21040, 1296, '00:02:00.79', 3),
(21041, 1295, '00:02:15.30', 3),
(21042, 1290, '00:02:39.46', 3),
(21043, 1293, '00:02:42.53', 3),
(21044, 1294, '00:01:49.48', 3),
(21045, 1291, '00:02:33.35', 3),
(21046, 1296, '00:01:00.71', 3),
(21047, 1292, '00:01:30.71', 3),
(21048, 1293, '00:01:42.33', 3),
(21049, 1290, '00:02:53.71', 3),
(21050, 1295, '00:02:56.97', 3),
(21051, 1294, '00:01:52.51', 3),
(21052, 1296, '00:02:06.88', 3),
(21053, 1292, '00:01:32.50', 3),
(21054, 1295, '00:01:07.27', 3),
(21055, 1294, '00:02:25.72', 3),
(21056, 1296, '00:01:15.47', 3),
(21057, 1296, '00:02:50.42', 3),
(21058, 1298, '00:02:10.39', 3),
(21059, 1303, '00:01:11.62', 3),
(21060, 1299, '00:02:26.31', 3),
(21061, 1304, '00:02:30.05', 3),
(21062, 1297, '00:02:13.57', 3),
(21063, 1306, '00:02:14.12', 3),
(21064, 1302, '00:01:57.48', 3),
(21065, 1303, '00:02:14.06', 3),
(21066, 1300, '00:02:58.45', 3),
(21067, 1298, '00:02:37.66', 3),
(21068, 1301, '00:01:02.66', 3),
(21069, 1306, '00:02:31.18', 3),
(21070, 1302, '00:01:23.61', 3),
(21071, 1299, '00:02:56.28', 3),
(21072, 1305, '00:01:38.45', 3),
(21073, 1297, '00:01:51.28', 3),
(21074, 1304, '00:01:43.07', 3),
(21075, 1303, '00:02:48.27', 3),
(21076, 1306, '00:02:02.61', 3),
(21077, 1302, '00:01:01.33', 3),
(21078, 1305, '00:02:35.46', 3),
(21079, 1300, '00:01:49.52', 3),
(21080, 1297, '00:02:45.49', 3),
(21081, 1299, '00:03:00.74', 3),
(21082, 1304, '00:01:41.87', 3),
(21083, 1298, '00:02:07.57', 3),
(21084, 1302, '00:02:05.25', 3),
(21085, 1300, '00:02:09.70', 3),
(21086, 1303, '00:02:29.06', 3),
(21087, 1301, '00:02:37.80', 3),
(21088, 1305, '00:02:22.79', 3),
(21089, 1297, '00:01:36.66', 3),
(21090, 1306, '00:02:09.64', 3),
(21091, 1300, '00:02:00.13', 3),
(21092, 1301, '00:01:23.15', 3),
(21093, 1299, '00:02:17.71', 3),
(21094, 1297, '00:02:17.60', 3),
(21095, 1306, '00:02:18.31', 3),
(21096, 1303, '00:01:16.79', 3),
(21097, 1304, '00:01:22.41', 3),
(21098, 1300, '00:01:32.04', 3),
(21099, 1299, '00:02:54.88', 3),
(21100, 1305, '00:02:48.91', 3),
(21101, 1298, '00:01:51.11', 3),
(21102, 1301, '00:02:19.14', 3),
(21103, 1307, '00:02:40.46', 3),
(21104, 1302, '00:01:30.64', 3),
(21105, 1310, '00:02:19.84', 3),
(21106, 1305, '00:02:02.40', 3),
(21107, 1309, '00:02:51.39', 3),
(21108, 1298, '00:01:57.55', 3),
(21109, 1301, '00:02:53.98', 3),
(21110, 1311, '00:01:24.44', 3),
(21111, 1308, '00:02:53.62', 3),
(21112, 1307, '00:02:06.99', 3),
(21113, 1313, '00:01:53.81', 3),
(21114, 1309, '00:02:38.48', 3),
(21115, 1304, '00:01:34.31', 3),
(21116, 1312, '00:01:33.45', 3),
(21117, 1314, '00:01:52.88', 3),
(21118, 1308, '00:01:11.35', 3),
(21119, 1307, '00:01:44.28', 3),
(21120, 1310, '00:02:36.35', 3),
(21121, 1315, '00:02:58.02', 3),
(21122, 1309, '00:01:09.29', 3),
(21123, 1313, '00:01:23.77', 3),
(21124, 1314, '00:02:14.48', 3),
(21125, 1311, '00:01:08.56', 3),
(21126, 1316, '00:02:32.53', 3),
(21127, 1308, '00:02:53.62', 3),
(21128, 1309, '00:01:16.27', 3),
(21129, 1313, '00:02:24.68', 3),
(21130, 1312, '00:01:23.26', 3),
(21131, 1307, '00:02:58.96', 3),
(21132, 1314, '00:01:16.13', 3),
(21133, 1308, '00:02:53.38', 3),
(21134, 1309, '00:01:10.98', 3),
(21135, 1310, '00:01:14.37', 3),
(21136, 1311, '00:02:23.44', 3),
(21137, 1313, '00:01:22.28', 3),
(21138, 1307, '00:01:56.15', 3),
(21139, 1315, '00:02:26.29', 3),
(21140, 1316, '00:02:41.76', 3),
(21141, 1312, '00:02:25.63', 3),
(21142, 1314, '00:01:43.90', 3),
(21143, 1311, '00:02:04.99', 3),
(21144, 1313, '00:02:50.93', 3),
(21145, 1315, '00:01:34.68', 3),
(21146, 1308, '00:01:38.17', 3),
(21147, 1316, '00:01:34.84', 3),
(21148, 1312, '00:02:45.55', 3),
(21149, 1318, '00:02:46.14', 3),
(21150, 1317, '00:02:27.50', 3),
(21151, 1311, '00:02:13.74', 3),
(21152, 1315, '00:01:27.81', 3),
(21153, 1320, '00:01:09.98', 3),
(21154, 1310, '00:01:17.62', 3),
(21155, 1314, '00:01:22.32', 3),
(21156, 1312, '00:01:44.28', 3),
(21157, 1316, '00:02:33.29', 3),
(21158, 1319, '00:01:35.22', 3),
(21159, 1317, '00:01:30.74', 3),
(21160, 1318, '00:02:25.86', 3),
(21161, 1320, '00:02:10.71', 3),
(21162, 1323, '00:02:54.70', 3),
(21163, 1321, '00:02:36.63', 3),
(21164, 1316, '00:02:29.56', 3),
(21165, 1310, '00:02:15.70', 3),
(21166, 1317, '00:02:17.36', 3),
(21167, 1315, '00:01:36.19', 3),
(21168, 1322, '00:01:47.09', 3),
(21169, 1323, '00:02:09.06', 3),
(21170, 1319, '00:02:29.34', 3),
(21171, 1320, '00:01:52.89', 3),
(21172, 1325, '00:02:19.32', 3),
(21173, 1317, '00:02:20.08', 3),
(21174, 1318, '00:01:20.39', 3),
(21175, 1321, '00:01:46.53', 3),
(21176, 1324, '00:01:07.88', 3),
(21177, 1326, '00:01:59.63', 3),
(21178, 1323, '00:01:00.42', 3),
(21179, 1322, '00:01:02.61', 3),
(21180, 1317, '00:02:51.02', 3),
(21181, 1318, '00:02:41.97', 3),
(21182, 1319, '00:02:45.24', 3),
(21183, 1324, '00:01:07.74', 3),
(21184, 1326, '00:02:38.73', 3),
(21185, 1321, '00:02:24.42', 3),
(21186, 1320, '00:01:56.37', 3),
(21187, 1323, '00:01:10.00', 3),
(21188, 1318, '00:01:16.56', 3),
(21189, 1324, '00:02:43.07', 3),
(21190, 1325, '00:02:38.25', 3),
(21191, 1322, '00:02:38.81', 3),
(21192, 1326, '00:02:59.87', 3),
(21193, 1319, '00:01:48.15', 3),
(21194, 1320, '00:02:31.79', 3),
(21195, 1327, '00:01:06.57', 3),
(21196, 1321, '00:01:20.62', 3),
(21197, 1328, '00:02:18.90', 3),
(21198, 1323, '00:02:59.97', 3),
(21199, 1326, '00:01:56.90', 3),
(21200, 1319, '00:02:54.44', 3),
(21201, 1324, '00:01:59.80', 3),
(21202, 1329, '00:01:13.50', 3),
(21203, 1321, '00:01:20.02', 3),
(21204, 1328, '00:01:34.20', 3),
(21205, 1325, '00:02:20.52', 3),
(21206, 1327, '00:01:41.72', 3),
(21207, 1326, '00:01:56.97', 3),
(21208, 1330, '00:02:04.16', 3),
(21209, 1322, '00:02:16.76', 3),
(21210, 1324, '00:02:08.79', 3),
(21211, 1331, '00:01:50.04', 3),
(21212, 1325, '00:02:04.10', 3),
(21213, 1333, '00:02:50.36', 3),
(21214, 1329, '00:01:43.56', 3),
(21215, 1330, '00:01:38.20', 3),
(21216, 1327, '00:01:47.96', 3),
(21217, 1322, '00:01:43.00', 3),
(21218, 1332, '00:02:30.12', 3),
(21219, 1331, '00:01:16.72', 3),
(21220, 1333, '00:02:54.81', 3),
(21221, 1334, '00:01:55.83', 3),
(21222, 1328, '00:02:29.08', 3),
(21223, 1325, '00:02:54.70', 3),
(21224, 1329, '00:01:48.90', 3),
(21225, 1332, '00:01:49.43', 3),
(21226, 1333, '00:02:50.87', 3),
(21227, 1334, '00:01:36.71', 3),
(21228, 1330, '00:02:35.78', 3),
(21229, 1331, '00:01:12.56', 3),
(21230, 1328, '00:02:29.48', 3),
(21231, 1332, '00:01:49.61', 3),
(21232, 1327, '00:01:24.34', 3),
(21233, 1333, '00:02:01.66', 3),
(21234, 1336, '00:02:36.23', 3),
(21235, 1330, '00:02:24.47', 3),
(21236, 1335, '00:01:23.75', 3),
(21237, 1334, '00:02:13.39', 3),
(21238, 1329, '00:01:12.08', 3),
(21239, 1331, '00:01:32.34', 3),
(21240, 1328, '00:01:27.42', 3),
(21241, 1336, '00:02:40.02', 3),
(21242, 1335, '00:01:48.83', 3),
(21243, 1334, '00:02:31.38', 3),
(21244, 1332, '00:02:07.02', 3),
(21245, 1330, '00:02:40.87', 3),
(21246, 1329, '00:01:01.87', 3),
(21247, 1336, '00:02:53.37', 3),
(21248, 1327, '00:01:37.82', 3),
(21249, 1335, '00:01:01.51', 3),
(21250, 1331, '00:02:41.88', 3),
(21251, 1334, '00:01:18.26', 3),
(21252, 1333, '00:01:35.44', 3),
(21253, 1332, '00:01:37.80', 3),
(21254, 1337, '00:02:44.91', 3),
(21255, 1340, '00:01:21.51', 3),
(21256, 1335, '00:02:43.73', 3),
(21257, 1338, '00:01:37.77', 3),
(21258, 1341, '00:01:44.42', 3),
(21259, 1337, '00:02:32.56', 3),
(21260, 1340, '00:01:14.58', 3),
(21261, 1339, '00:02:59.20', 3),
(21262, 1335, '00:01:56.90', 3),
(21263, 1338, '00:02:58.15', 3),
(21264, 1336, '00:02:58.52', 3),
(21265, 1337, '00:02:26.95', 3),
(21266, 1340, '00:01:03.40', 3),
(21267, 1341, '00:02:52.58', 3),
(21268, 1339, '00:02:57.05', 3),
(21269, 1338, '00:02:31.68', 3),
(21270, 1336, '00:02:45.22', 3),
(21271, 1337, '00:01:23.12', 3),
(21272, 1340, '00:01:14.40', 3),
(21273, 1341, '00:01:43.42', 3),
(21274, 1339, '00:02:52.59', 3),
(21275, 1338, '00:01:35.58', 3),
(21276, 1337, '00:01:28.60', 3),
(21277, 1340, '00:01:40.18', 3),
(21278, 1341, '00:02:45.52', 3),
(21279, 1339, '00:02:16.42', 3),
(21280, 1338, '00:01:20.36', 3),
(21281, 1341, '00:01:41.19', 3),
(21282, 1339, '00:01:35.55', 3),
(21283, 1344, '00:02:08.24', 3),
(21284, 1347, '00:01:45.23', 3),
(21285, 1349, '00:02:05.73', 3),
(21286, 1351, '00:01:04.16', 3),
(21287, 1342, '00:02:36.83', 3),
(21288, 1347, '00:02:35.29', 3),
(21289, 1344, '00:02:54.44', 3),
(21290, 1343, '00:02:58.90', 3),
(21291, 1342, '00:01:59.49', 3),
(21292, 1349, '00:03:00.24', 3),
(21293, 1345, '00:01:57.86', 3),
(21294, 1344, '00:01:21.18', 3),
(21295, 1347, '00:01:13.08', 3),
(21296, 1351, '00:01:04.31', 3),
(21297, 1348, '00:02:06.58', 3),
(21298, 1342, '00:01:39.48', 3),
(21299, 1343, '00:02:32.44', 3),
(21300, 1349, '00:02:38.23', 3),
(21301, 1346, '00:02:17.46', 3),
(21302, 1347, '00:02:51.43', 3),
(21303, 1351, '00:01:04.61', 3),
(21304, 1345, '00:02:41.91', 3),
(21305, 1350, '00:01:44.57', 3),
(21306, 1348, '00:01:04.08', 3),
(21307, 1349, '00:01:33.29', 3),
(21308, 1344, '00:01:41.07', 3),
(21309, 1346, '00:01:52.82', 3),
(21310, 1342, '00:01:48.43', 3),
(21311, 1351, '00:01:18.37', 3),
(21312, 1350, '00:01:41.52', 3),
(21313, 1347, '00:01:05.74', 3),
(21314, 1343, '00:02:39.49', 3),
(21315, 1345, '00:02:52.14', 3),
(21316, 1348, '00:01:32.95', 3),
(21317, 1342, '00:02:52.30', 3),
(21318, 1344, '00:02:58.51', 3),
(21319, 1351, '00:01:03.97', 3),
(21320, 1343, '00:01:35.61', 3),
(21321, 1346, '00:01:24.41', 3),
(21322, 1349, '00:02:34.04', 3),
(21323, 1350, '00:01:58.65', 3),
(21324, 1354, '00:01:29.32', 3),
(21325, 1343, '00:01:27.83', 3),
(21326, 1355, '00:01:09.05', 3),
(21327, 1352, '00:01:20.52', 3),
(21328, 1350, '00:01:35.39', 3),
(21329, 1346, '00:01:44.95', 3),
(21330, 1345, '00:01:46.89', 3),
(21331, 1354, '00:02:48.82', 3),
(21332, 1356, '00:01:44.38', 3),
(21333, 1352, '00:02:51.97', 3),
(21334, 1348, '00:01:02.96', 3),
(21335, 1350, '00:01:17.68', 3),
(21336, 1357, '00:01:19.93', 3),
(21337, 1345, '00:01:05.50', 3),
(21338, 1353, '00:02:32.58', 3),
(21339, 1356, '00:02:54.14', 3),
(21340, 1355, '00:01:08.41', 3),
(21341, 1354, '00:01:03.88', 3),
(21342, 1352, '00:01:51.91', 3),
(21343, 1357, '00:01:17.69', 3),
(21344, 1346, '00:01:41.68', 3),
(21345, 1348, '00:02:42.22', 3),
(21346, 1355, '00:01:48.71', 3),
(21347, 1354, '00:02:21.22', 3),
(21348, 1353, '00:01:40.98', 3),
(21349, 1358, '00:01:06.84', 3),
(21350, 1360, '00:02:51.19', 3),
(21351, 1352, '00:02:16.32', 3),
(21352, 1359, '00:01:45.69', 3),
(21353, 1361, '00:01:06.18', 3),
(21354, 1353, '00:01:58.36', 3),
(21355, 1358, '00:02:36.49', 3),
(21356, 1356, '00:01:28.31', 3),
(21357, 1355, '00:02:08.70', 3),
(21358, 1360, '00:01:08.65', 3),
(21359, 1359, '00:02:33.53', 3),
(21360, 1357, '00:02:01.49', 3),
(21361, 1354, '00:02:45.77', 3),
(21362, 1352, '00:02:16.85', 3),
(21363, 1361, '00:01:41.27', 3),
(21364, 1353, '00:01:07.93', 3),
(21365, 1360, '00:02:41.48', 3),
(21366, 1359, '00:02:13.72', 3),
(21367, 1362, '00:01:09.24', 3),
(21368, 1358, '00:01:46.40', 3),
(21369, 1363, '00:02:29.10', 3),
(21370, 1357, '00:02:32.46', 3),
(21371, 1361, '00:01:15.26', 3),
(21372, 1356, '00:01:37.48', 3),
(21373, 1359, '00:01:37.54', 3),
(21374, 1362, '00:01:37.48', 3),
(21375, 1353, '00:01:12.77', 3),
(21376, 1355, '00:02:58.79', 3),
(21377, 1363, '00:01:32.78', 3),
(21378, 1358, '00:02:38.47', 3),
(21379, 1360, '00:01:44.30', 3),
(21380, 1361, '00:01:49.67', 3),
(21381, 1357, '00:02:00.64', 3),
(21382, 1362, '00:01:09.72', 3),
(21383, 1363, '00:01:13.01', 3),
(21384, 1356, '00:02:36.19', 3),
(21385, 1358, '00:01:14.84', 3),
(21386, 1364, '00:01:04.89', 3),
(21387, 1360, '00:01:05.58', 3),
(21388, 1359, '00:02:24.70', 3),
(21389, 1366, '00:02:04.47', 3),
(21390, 1365, '00:01:39.42', 3),
(21391, 1361, '00:02:21.41', 3),
(21392, 1363, '00:01:44.27', 3),
(21393, 1362, '00:01:45.02', 3),
(21394, 1364, '00:02:55.78', 3),
(21395, 1370, '00:02:32.04', 3),
(21396, 1367, '00:01:10.98', 3),
(21397, 1365, '00:01:37.38', 3),
(21398, 1369, '00:01:01.54', 3),
(21399, 1366, '00:01:01.34', 3),
(21400, 1368, '00:01:08.21', 3),
(21401, 1371, '00:01:50.15', 3),
(21402, 1370, '00:02:58.05', 3),
(21403, 1367, '00:01:31.58', 3),
(21404, 1365, '00:01:52.80', 3),
(21405, 1363, '00:02:12.13', 3),
(21406, 1369, '00:01:06.23', 3),
(21407, 1368, '00:02:41.54', 3),
(21408, 1370, '00:01:57.94', 3),
(21409, 1362, '00:01:44.58', 3),
(21410, 1366, '00:01:13.23', 3),
(21411, 1371, '00:02:23.88', 3),
(21412, 1367, '00:01:42.36', 3),
(21413, 1364, '00:01:35.76', 3),
(21414, 1369, '00:01:47.27', 3),
(21415, 1370, '00:01:53.14', 3),
(21416, 1365, '00:01:21.84', 3),
(21417, 1373, '00:01:08.45', 3),
(21418, 1368, '00:02:56.78', 3),
(21419, 1371, '00:01:02.63', 3),
(21420, 1372, '00:01:21.64', 3),
(21421, 1366, '00:01:06.61', 3),
(21422, 1364, '00:01:38.70', 3),
(21423, 1367, '00:02:12.15', 3),
(21424, 1365, '00:02:04.16', 3),
(21425, 1368, '00:02:09.07', 3),
(21426, 1369, '00:01:37.61', 3),
(21427, 1371, '00:02:49.01', 3),
(21428, 1373, '00:01:09.57', 3),
(21429, 1366, '00:02:46.25', 3),
(21430, 1370, '00:01:58.01', 3),
(21431, 1372, '00:02:50.00', 3),
(21432, 1367, '00:02:14.67', 3),
(21433, 1364, '00:02:12.49', 3),
(21434, 1371, '00:02:27.71', 3),
(21435, 1373, '00:02:06.00', 3),
(21436, 1374, '00:01:32.71', 3),
(21437, 1375, '00:01:11.74', 3),
(21438, 1372, '00:02:40.50', 3),
(21439, 1377, '00:02:39.61', 3),
(21440, 1368, '00:01:20.25', 3),
(21441, 1376, '00:02:40.56', 3),
(21442, 1379, '00:01:28.88', 3),
(21443, 1378, '00:02:21.71', 3),
(21444, 1369, '00:01:31.41', 3),
(21445, 1374, '00:02:30.20', 3),
(21446, 1373, '00:01:16.18', 3),
(21447, 1377, '00:02:08.61', 3),
(21448, 1379, '00:01:42.57', 3),
(21449, 1375, '00:02:04.17', 3),
(21450, 1378, '00:02:07.60', 3),
(21451, 1380, '00:02:46.70', 3),
(21452, 1372, '00:01:44.95', 3),
(21453, 1381, '00:01:11.19', 3),
(21454, 1377, '00:02:36.92', 3),
(21455, 1376, '00:02:24.78', 3),
(21456, 1375, '00:02:01.73', 3),
(21457, 1374, '00:01:04.09', 3),
(21458, 1380, '00:01:49.09', 3),
(21459, 1381, '00:01:19.08', 3),
(21460, 1379, '00:01:31.76', 3),
(21461, 1373, '00:01:53.76', 3),
(21462, 1377, '00:02:07.90', 3),
(21463, 1372, '00:01:08.73', 3),
(21464, 1378, '00:02:07.64', 3),
(21465, 1375, '00:01:31.62', 3),
(21466, 1376, '00:02:59.32', 3),
(21467, 1381, '00:02:03.16', 3),
(21468, 1377, '00:01:19.92', 3),
(21469, 1374, '00:02:34.63', 3),
(21470, 1383, '00:01:37.88', 3),
(21471, 1382, '00:02:25.81', 3),
(21472, 1375, '00:01:43.75', 3),
(21473, 1380, '00:01:19.63', 3),
(21474, 1381, '00:01:49.76', 3),
(21475, 1379, '00:02:34.23', 3),
(21476, 1378, '00:01:45.58', 3),
(21477, 1384, '00:02:56.20', 3),
(21478, 1382, '00:02:53.79', 3),
(21479, 1385, '00:02:13.05', 3),
(21480, 1376, '00:02:48.58', 3),
(21481, 1374, '00:01:37.76', 3),
(21482, 1381, '00:02:20.85', 3),
(21483, 1380, '00:01:07.19', 3),
(21484, 1378, '00:01:41.87', 3),
(21485, 1383, '00:02:40.69', 3),
(21486, 1379, '00:02:57.25', 3),
(21487, 1382, '00:01:56.68', 3),
(21488, 1384, '00:01:20.56', 3),
(21489, 1380, '00:01:31.16', 3),
(21490, 1383, '00:01:01.50', 3),
(21491, 1385, '00:01:09.18', 3),
(21492, 1382, '00:02:41.26', 3),
(21493, 1384, '00:01:00.35', 3),
(21494, 1376, '00:01:26.98', 3),
(21495, 1385, '00:01:46.83', 3),
(21496, 1386, '00:01:48.75', 3),
(21497, 1382, '00:01:09.18', 3),
(21498, 1384, '00:02:42.62', 3),
(21499, 1383, '00:01:36.55', 3),
(21500, 1385, '00:01:54.48', 3),
(21501, 1386, '00:01:24.40', 3),
(21502, 1384, '00:02:02.17', 3),
(21503, 1383, '00:01:02.02', 3),
(21504, 1385, '00:02:29.26', 3),
(21505, 1386, '00:01:32.43', 3),
(21506, 1386, '00:01:43.69', 3),
(21507, 1386, '00:01:59.99', 3),
(21508, 1235, '00:00:00.78', 1),
(21509, 1235, '00:00:01.68', 1),
(21510, 1235, '00:00:01.94', 1),
(21511, 1235, '00:00:02.60', 1),
(21512, 1235, '00:00:02.45', 1),
(21513, 1235, '00:00:02.20', 1),
(21514, 1235, '00:00:00.18', 1),
(21515, 1235, '00:00:01.03', 1),
(21516, 1235, '00:00:00.70', 1),
(21517, 1235, '00:00:00.47', 1),
(21518, 1235, '00:00:00.63', 1),
(21519, 1235, '00:00:00.48', 1),
(21520, 1235, '00:00:00.44', 1),
(21521, 1236, '00:00:01.72', 2),
(21522, 1236, '00:00:01.43', 2),
(21523, 1236, '00:00:02.42', 2),
(21524, 1236, '00:00:03.34', 2),
(21525, 1235, '00:00:51.70', 1),
(21526, 1237, '00:00:51.60', 1),
(21527, 1237, '00:02:29.56', 1),
(21528, 1235, '00:02:29.55', 1),
(21529, 1237, '00:03:45.58', 1),
(21530, 1235, '00:03:44.92', 1),
(21531, 1237, '00:00:54.86', 3),
(21532, 1235, '00:00:54.82', 3),
(21533, 1237, '00:00:49.87', 3),
(21534, 1235, '00:00:49.79', 3),
(21535, 1236, '00:01:37.61', 2),
(21536, 1236, '00:01:28.69', 2),
(21537, 1236, '00:01:33.52', 3),
(21538, 1236, '00:01:31.80', 3),
(21539, 1236, '00:01:36.45', 3);

-- --------------------------------------------------------

--
-- Struktura tabulky `event_phase`
--

CREATE TABLE `event_phase` (
  `id` tinyint(4) NOT NULL,
  `phase_name` varchar(16) NOT NULL,
  `result_type` varchar(4) DEFAULT NULL
) ENGINE=InnoDB DEFAULT CHARSET=utf8mb4 COLLATE=utf8mb4_general_ci;

--
-- Vypisuji data pro tabulku `event_phase`
--

INSERT INTO `event_phase` (`id`, `phase_name`, `result_type`) VALUES
(1, 'Trénink', 'MIN'),
(2, 'Kvalifikace', 'MIN'),
(3, 'Závod', 'SUM'),
(4, 'Příprava', NULL),
(5, 'Ukončen', NULL);

-- --------------------------------------------------------

--
-- Struktura tabulky `event_registration`
--

CREATE TABLE `event_registration` (
  `id` smallint(6) NOT NULL,
  `driver_id` smallint(6) NOT NULL,
  `car_id` smallint(5) UNSIGNED NOT NULL,
  `car_category_id` tinyint(4) NOT NULL,
  `car_configuration_id` smallint(11) DEFAULT NULL,
  `event_id` mediumint(8) UNSIGNED NOT NULL,
  `dnf` tinyint(1) NOT NULL DEFAULT 0,
  `finished` tinyint(1) NOT NULL DEFAULT 0
) ENGINE=InnoDB DEFAULT CHARSET=utf8mb4 COLLATE=utf8mb4_general_ci;

--
-- Vypisuji data pro tabulku `event_registration`
--

INSERT INTO `event_registration` (`id`, `driver_id`, `car_id`, `car_category_id`, `car_configuration_id`, `event_id`, `dnf`, `finished`) VALUES
(1235, 3, 135, 6, 181, 50, 0, 0),
(1236, 3, 135, 6, 181, 51, 0, 1),
(1237, 350, 135, 6, 182, 50, 0, 1),
(1238, 350, 135, 6, 182, 51, 0, 0),
(1239, 5, 136, 4, 188, 51, 0, 0),
(1240, 7, 137, 1, 184, 51, 0, 0),
(1241, 7, 137, 6, 185, 50, 0, 0),
(1242, 5, 136, 7, 186, 50, 0, 0),
(1243, 351, 138, 1, 187, 50, 0, 0),
(1244, 3, 135, 6, 189, 53, 1, 1),
(1245, 350, 136, 7, 190, 53, 1, 1),
(1252, 352, 141, 1, 191, 54, 0, 0),
(1253, 353, 143, 2, 192, 54, 0, 0),
(1254, 354, 139, 3, 193, 54, 0, 0),
(1255, 355, 144, 4, 194, 54, 0, 0),
(1256, 356, 142, 5, 195, 54, 0, 0),
(1257, 357, 143, 6, 196, 54, 0, 0),
(1258, 358, 144, 7, 197, 54, 0, 0),
(1259, 359, 142, 1, 198, 54, 0, 0),
(1260, 360, 139, 2, 199, 54, 0, 0),
(1261, 361, 139, 3, 200, 54, 0, 0),
(1262, 362, 145, 4, 201, 54, 0, 0),
(1263, 363, 142, 5, 202, 54, 0, 0),
(1264, 364, 144, 6, 203, 54, 0, 0),
(1265, 365, 142, 7, 204, 54, 0, 0),
(1266, 366, 138, 1, 205, 54, 0, 0),
(1267, 367, 137, 2, 206, 54, 0, 0),
(1268, 368, 136, 3, 207, 54, 0, 0),
(1269, 369, 141, 4, 208, 54, 0, 0),
(1270, 370, 142, 5, 209, 54, 0, 0),
(1271, 371, 139, 6, 210, 54, 0, 0),
(1272, 372, 138, 7, 211, 54, 0, 0),
(1273, 373, 141, 1, 212, 54, 0, 0),
(1274, 374, 140, 2, 213, 54, 0, 0),
(1275, 375, 144, 3, 214, 54, 0, 0),
(1276, 376, 145, 4, 215, 54, 0, 0),
(1277, 377, 139, 5, 216, 54, 0, 0),
(1278, 378, 143, 6, 217, 54, 0, 0),
(1279, 379, 141, 7, 218, 54, 0, 0),
(1280, 380, 144, 1, 219, 54, 0, 0),
(1281, 381, 136, 2, 220, 54, 0, 0),
(1282, 382, 141, 3, 221, 54, 0, 0),
(1283, 383, 145, 4, 222, 54, 0, 0),
(1284, 384, 143, 5, 223, 54, 0, 0),
(1285, 385, 136, 6, 224, 54, 0, 0),
(1286, 386, 141, 7, 225, 54, 0, 0),
(1287, 387, 136, 1, 226, 54, 0, 0),
(1288, 388, 145, 2, 227, 54, 0, 0),
(1289, 389, 139, 3, 228, 54, 0, 0),
(1290, 390, 136, 4, 229, 54, 0, 0),
(1291, 391, 144, 5, 230, 54, 0, 0),
(1292, 395, 138, 6, 231, 54, 0, 0),
(1293, 396, 141, 7, 232, 54, 0, 0),
(1294, 397, 145, 1, 233, 54, 0, 0),
(1295, 398, 136, 2, 234, 54, 0, 0),
(1296, 399, 141, 3, 235, 54, 0, 0),
(1297, 352, 140, 1, 191, 55, 0, 0),
(1298, 353, 142, 2, 192, 55, 0, 0),
(1299, 354, 141, 3, 193, 55, 0, 0),
(1300, 355, 145, 4, 194, 55, 0, 0),
(1301, 356, 141, 5, 195, 55, 0, 0),
(1302, 357, 138, 6, 196, 55, 0, 0),
(1303, 358, 145, 7, 197, 55, 0, 0),
(1304, 359, 142, 1, 198, 55, 0, 0),
(1305, 360, 139, 2, 199, 55, 0, 0),
(1306, 361, 141, 3, 200, 55, 0, 0),
(1307, 362, 145, 4, 201, 55, 0, 0),
(1308, 363, 141, 5, 202, 55, 0, 0),
(1309, 364, 141, 6, 203, 55, 0, 0),
(1310, 365, 145, 7, 204, 55, 0, 0),
(1311, 366, 143, 1, 205, 55, 0, 0),
(1312, 367, 142, 2, 206, 55, 0, 0),
(1313, 368, 139, 3, 207, 55, 0, 0),
(1314, 369, 137, 4, 208, 55, 0, 0),
(1315, 370, 141, 5, 209, 55, 0, 0),
(1316, 371, 136, 6, 210, 55, 0, 0),
(1317, 372, 136, 7, 211, 55, 0, 0),
(1318, 373, 144, 1, 212, 55, 0, 0),
(1319, 374, 142, 2, 213, 55, 0, 0),
(1320, 375, 141, 3, 214, 55, 0, 0),
(1321, 376, 142, 4, 215, 55, 0, 0),
(1322, 377, 141, 5, 216, 55, 0, 0),
(1323, 378, 137, 6, 217, 55, 0, 0),
(1324, 379, 144, 7, 218, 55, 0, 0),
(1325, 380, 138, 1, 219, 55, 0, 0),
(1326, 381, 145, 2, 220, 55, 0, 0),
(1327, 382, 139, 3, 221, 55, 0, 0),
(1328, 383, 145, 4, 222, 55, 0, 0),
(1329, 384, 140, 5, 223, 55, 0, 0),
(1330, 385, 142, 6, 224, 55, 0, 0),
(1331, 386, 139, 7, 225, 55, 0, 0),
(1332, 387, 136, 1, 226, 55, 0, 0),
(1333, 388, 136, 2, 227, 55, 0, 0),
(1334, 389, 139, 3, 228, 55, 0, 0),
(1335, 390, 137, 4, 229, 55, 0, 0),
(1336, 391, 144, 5, 230, 55, 0, 0),
(1337, 395, 138, 6, 231, 55, 0, 0),
(1338, 396, 138, 7, 232, 55, 0, 0),
(1339, 397, 141, 1, 233, 55, 0, 0),
(1340, 398, 145, 2, 234, 55, 0, 0),
(1341, 399, 136, 3, 235, 55, 0, 0),
(1342, 352, 140, 1, 191, 56, 0, 0),
(1343, 353, 143, 2, 192, 56, 0, 0),
(1344, 354, 137, 3, 193, 56, 0, 0),
(1345, 355, 143, 4, 194, 56, 0, 0),
(1346, 356, 140, 5, 195, 56, 0, 0),
(1347, 357, 145, 6, 196, 56, 0, 0),
(1348, 358, 139, 7, 197, 56, 0, 0),
(1349, 359, 144, 1, 198, 56, 0, 0),
(1350, 360, 143, 2, 199, 56, 0, 0),
(1351, 361, 139, 3, 200, 56, 0, 0),
(1352, 362, 142, 4, 201, 56, 0, 0),
(1353, 363, 144, 5, 202, 56, 0, 0),
(1354, 364, 144, 6, 203, 56, 0, 0),
(1355, 365, 142, 7, 204, 56, 0, 0),
(1356, 366, 142, 1, 205, 56, 0, 0),
(1357, 367, 144, 2, 206, 56, 0, 0),
(1358, 368, 144, 3, 207, 56, 0, 0),
(1359, 369, 145, 4, 208, 56, 0, 0),
(1360, 370, 145, 5, 209, 56, 0, 0),
(1361, 371, 143, 6, 210, 56, 0, 0),
(1362, 372, 140, 7, 211, 56, 0, 0),
(1363, 373, 145, 1, 212, 56, 0, 0),
(1364, 374, 141, 2, 213, 56, 0, 0),
(1365, 375, 144, 3, 214, 56, 0, 0),
(1366, 376, 142, 4, 215, 56, 0, 0),
(1367, 377, 145, 5, 216, 56, 0, 0),
(1368, 378, 140, 6, 217, 56, 0, 0),
(1369, 379, 137, 7, 218, 56, 0, 0),
(1370, 380, 136, 1, 219, 56, 0, 0),
(1371, 381, 143, 2, 220, 56, 0, 0),
(1372, 382, 137, 3, 221, 56, 0, 0),
(1373, 383, 139, 4, 222, 56, 0, 0),
(1374, 384, 138, 5, 223, 56, 0, 0),
(1375, 385, 141, 6, 224, 56, 0, 0),
(1376, 386, 136, 7, 225, 56, 0, 0),
(1377, 387, 143, 1, 226, 56, 0, 0),
(1378, 388, 137, 2, 227, 56, 0, 0),
(1379, 389, 140, 3, 228, 56, 0, 0),
(1380, 390, 141, 4, 229, 56, 0, 0),
(1381, 391, 139, 5, 230, 56, 0, 0),
(1382, 395, 140, 6, 231, 56, 0, 0),
(1383, 396, 141, 7, 232, 56, 0, 0),
(1384, 397, 137, 1, 233, 56, 0, 0),
(1385, 398, 136, 2, 234, 56, 0, 0),
(1386, 399, 138, 3, 235, 56, 0, 0),
(1387, 400, 136, 6, 236, 54, 0, 0),
(1388, 400, 136, 6, 237, 55, 0, 0),
(1389, 400, 143, 6, 238, 56, 0, 0);

-- --------------------------------------------------------

--
-- Struktura tabulky `event_result`
--

CREATE TABLE `event_result` (
  `id` mediumint(9) NOT NULL,
  `event_registration_id` smallint(6) NOT NULL,
  `event_phase_id` tinyint(4) NOT NULL,
  `total_time` varchar(12) NOT NULL,
  `points` tinyint(4) NOT NULL,
  `position` tinyint(4) NOT NULL
) ENGINE=InnoDB DEFAULT CHARSET=utf8mb4 COLLATE=utf8mb4_general_ci;

--
-- Vypisuji data pro tabulku `event_result`
--

INSERT INTO `event_result` (`id`, `event_registration_id`, `event_phase_id`, `total_time`, `points`, `position`) VALUES
(32791, 1236, 1, '00:00:21.40', 0, 1),
(32792, 1238, 1, '00:00:22.53', 0, 2),
(33175, 1287, 1, '00:01:04.52', 0, 1),
(33176, 1273, 1, '00:01:14.78', 0, 2),
(33177, 1259, 1, '00:01:15.71', 0, 3),
(33178, 1280, 1, '00:01:16.98', 0, 4),
(33179, 1266, 1, '00:01:19.58', 0, 5),
(33180, 1294, 1, '00:01:35.07', 0, 6),
(33181, 1252, 1, '00:01:36.61', 0, 7),
(33182, 1260, 1, '00:01:00.39', 0, 1),
(33183, 1295, 1, '00:01:15.54', 0, 2),
(33184, 1288, 1, '00:01:19.13', 0, 3),
(33185, 1281, 1, '00:01:24.16', 0, 4),
(33186, 1274, 1, '00:01:27.79', 0, 5),
(33187, 1253, 1, '00:01:33.60', 0, 6),
(33188, 1267, 1, '00:01:34.08', 0, 7),
(33189, 1296, 1, '00:01:07.87', 0, 1),
(33190, 1275, 1, '00:01:10.28', 0, 2),
(33191, 1289, 1, '00:01:14.11', 0, 3),
(33192, 1282, 1, '00:01:19.13', 0, 4),
(33193, 1268, 1, '00:01:21.82', 0, 5),
(33194, 1261, 1, '00:01:21.92', 0, 6),
(33195, 1254, 1, '00:01:52.84', 0, 7),
(33196, 1269, 1, '00:01:07.07', 0, 1),
(33197, 1283, 1, '00:01:12.40', 0, 2),
(33198, 1276, 1, '00:01:12.46', 0, 3),
(33199, 1290, 1, '00:01:16.78', 0, 4),
(33200, 1262, 1, '00:01:27.00', 0, 5),
(33201, 1255, 1, '00:01:35.48', 0, 6),
(33202, 1277, 1, '00:01:03.66', 0, 1),
(33203, 1284, 1, '00:01:06.50', 0, 2),
(33204, 1256, 1, '00:01:07.17', 0, 3),
(33205, 1270, 1, '00:01:16.48', 0, 4),
(33206, 1263, 1, '00:01:28.39', 0, 5),
(33207, 1291, 1, '00:01:36.01', 0, 6),
(33208, 1292, 1, '00:01:03.59', 0, 1),
(33209, 1271, 1, '00:01:08.49', 0, 2),
(33210, 1285, 1, '00:01:09.76', 0, 3),
(33211, 1257, 1, '00:01:10.04', 0, 4),
(33212, 1264, 1, '00:01:18.96', 0, 5),
(33213, 1278, 1, '00:01:22.60', 0, 6),
(33214, 1272, 1, '00:01:00.36', 0, 1),
(33215, 1265, 1, '00:01:02.17', 0, 2),
(33216, 1286, 1, '00:01:04.46', 0, 3),
(33217, 1279, 1, '00:01:17.85', 0, 4),
(33218, 1258, 1, '00:01:21.33', 0, 5),
(33219, 1293, 1, '00:01:44.03', 0, 6),
(33238, 1332, 1, '00:01:03.46', 0, 1),
(33239, 1311, 1, '00:01:05.47', 0, 2),
(33240, 1339, 1, '00:01:11.73', 0, 3),
(33241, 1325, 1, '00:01:13.78', 0, 4),
(33242, 1318, 1, '00:01:26.99', 0, 5),
(33243, 1297, 1, '00:01:33.45', 0, 6),
(33244, 1304, 1, '00:01:44.18', 0, 7),
(33245, 1298, 1, '00:01:00.99', 0, 1),
(33246, 1319, 1, '00:01:03.76', 0, 2),
(33247, 1305, 1, '00:01:04.41', 0, 3),
(33248, 1333, 1, '00:01:08.79', 0, 4),
(33249, 1326, 1, '00:01:14.16', 0, 5),
(33250, 1312, 1, '00:01:18.56', 0, 6),
(33251, 1340, 1, '00:01:19.36', 0, 7),
(33252, 1327, 1, '00:01:09.81', 0, 1),
(33253, 1299, 1, '00:01:12.49', 0, 2),
(33254, 1320, 1, '00:01:20.44', 0, 3),
(33255, 1341, 1, '00:01:20.97', 0, 4),
(33256, 1313, 1, '00:01:25.09', 0, 5),
(33257, 1306, 1, '00:01:27.06', 0, 6),
(33258, 1334, 1, '00:01:31.55', 0, 7),
(33259, 1307, 1, '00:01:00.10', 0, 1),
(33260, 1335, 1, '00:01:01.41', 0, 2),
(33261, 1300, 1, '00:01:02.85', 0, 3),
(33262, 1314, 1, '00:01:06.06', 0, 4),
(33263, 1328, 1, '00:01:07.43', 0, 5),
(33264, 1321, 1, '00:01:09.19', 0, 6),
(33265, 1336, 1, '00:01:00.14', 0, 1),
(33266, 1329, 1, '00:01:03.28', 0, 2),
(33267, 1308, 1, '00:01:05.38', 0, 3),
(33268, 1301, 1, '00:01:05.52', 0, 4),
(33269, 1315, 1, '00:01:10.46', 0, 5),
(33270, 1322, 1, '00:01:37.82', 0, 6),
(33271, 1330, 1, '00:01:01.99', 0, 1),
(33272, 1337, 1, '00:01:04.39', 0, 2),
(33273, 1323, 1, '00:01:08.16', 0, 3),
(33274, 1302, 1, '00:01:14.73', 0, 4),
(33275, 1309, 1, '00:01:40.86', 0, 5),
(33276, 1316, 1, '00:01:46.87', 0, 6),
(33277, 1331, 1, '00:01:02.73', 0, 1),
(33278, 1317, 1, '00:01:07.06', 0, 2),
(33279, 1310, 1, '00:01:11.25', 0, 3),
(33280, 1338, 1, '00:01:20.47', 0, 4),
(33281, 1303, 1, '00:01:31.80', 0, 5),
(33282, 1324, 1, '00:01:38.29', 0, 6),
(33366, 1280, 2, '00:01:00.22', 0, 1),
(33367, 1287, 2, '00:01:03.20', 0, 2),
(33368, 1252, 2, '00:01:04.84', 0, 3),
(33369, 1294, 2, '00:01:20.53', 0, 4),
(33370, 1273, 2, '00:01:20.98', 0, 5),
(33371, 1259, 2, '00:01:21.21', 0, 6),
(33372, 1266, 2, '00:01:53.16', 0, 7),
(33373, 1281, 2, '00:01:03.70', 6, 1),
(33374, 1253, 2, '00:01:18.83', 3, 2),
(33375, 1260, 2, '00:01:20.70', 1, 3),
(33376, 1288, 2, '00:01:28.56', 0, 4),
(33377, 1274, 2, '00:01:30.41', 0, 5),
(33378, 1295, 2, '00:01:43.62', 0, 6),
(33379, 1267, 2, '00:01:52.99', 0, 7),
(33380, 1268, 2, '00:01:00.82', 6, 1),
(33381, 1275, 2, '00:01:04.10', 3, 2),
(33382, 1282, 2, '00:01:04.71', 1, 3),
(33383, 1289, 2, '00:01:05.00', 0, 4),
(33384, 1254, 2, '00:01:05.39', 0, 5),
(33385, 1261, 2, '00:01:17.46', 0, 6),
(33386, 1296, 2, '00:01:43.10', 0, 7),
(33387, 1269, 2, '00:01:21.01', 6, 1),
(33388, 1283, 2, '00:01:21.69', 3, 2),
(33389, 1255, 2, '00:01:31.85', 1, 3),
(33390, 1276, 2, '00:01:39.12', 0, 4),
(33391, 1290, 2, '00:01:49.44', 0, 5),
(33392, 1262, 2, '00:02:02.35', 0, 6),
(33393, 1263, 2, '00:01:01.91', 6, 1),
(33394, 1277, 2, '00:01:12.95', 3, 2),
(33395, 1284, 2, '00:01:15.12', 1, 3),
(33396, 1256, 2, '00:01:19.62', 0, 4),
(33397, 1291, 2, '00:01:32.60', 0, 5),
(33398, 1270, 2, '00:01:35.21', 0, 6),
(33399, 1264, 2, '00:01:01.63', 6, 1),
(33400, 1257, 2, '00:01:03.25', 3, 2),
(33401, 1285, 2, '00:01:03.64', 1, 3),
(33402, 1278, 2, '00:01:28.94', 0, 4),
(33403, 1292, 2, '00:01:40.40', 0, 5),
(33404, 1271, 2, '00:02:04.72', 0, 6),
(33405, 1258, 2, '00:01:01.25', 6, 1),
(33406, 1279, 2, '00:01:03.63', 3, 2),
(33407, 1286, 2, '00:01:20.75', 1, 3),
(33408, 1272, 2, '00:01:20.89', 0, 4),
(33409, 1265, 2, '00:01:22.87', 0, 5),
(33410, 1293, 2, '00:01:28.93', 0, 6),
(33492, 1349, 2, '00:01:03.27', 0, 1),
(33493, 1384, 2, '00:01:10.13', 0, 2),
(33494, 1363, 2, '00:01:11.67', 0, 3),
(33495, 1377, 2, '00:01:15.15', 0, 4),
(33496, 1370, 2, '00:01:22.28', 0, 5),
(33497, 1342, 2, '00:01:22.42', 0, 6),
(33498, 1356, 2, '00:01:42.71', 0, 7),
(33499, 1371, 2, '00:01:00.14', 6, 1),
(33500, 1357, 2, '00:01:00.89', 3, 2),
(33501, 1378, 2, '00:01:01.58', 1, 3),
(33502, 1350, 2, '00:01:10.85', 0, 4),
(33503, 1343, 2, '00:01:22.15', 0, 5),
(33504, 1364, 2, '00:01:29.46', 0, 6),
(33505, 1385, 2, '00:01:36.42', 0, 7),
(33506, 1372, 2, '00:01:08.94', 6, 1),
(33507, 1351, 2, '00:01:11.22', 3, 2),
(33508, 1344, 2, '00:01:13.87', 1, 3),
(33509, 1379, 2, '00:01:20.19', 0, 4),
(33510, 1386, 2, '00:01:23.81', 0, 5),
(33511, 1365, 2, '00:01:27.09', 0, 6),
(33512, 1358, 2, '00:01:27.32', 0, 7),
(33513, 1373, 2, '00:01:01.90', 6, 1),
(33514, 1352, 2, '00:01:11.86', 3, 2),
(33515, 1345, 2, '00:01:13.97', 1, 3),
(33516, 1359, 2, '00:01:14.43', 0, 4),
(33517, 1366, 2, '00:01:19.19', 0, 5),
(33518, 1380, 2, '00:01:29.59', 0, 6),
(33519, 1381, 2, '00:01:01.33', 6, 1),
(33520, 1367, 2, '00:01:03.29', 3, 2),
(33521, 1360, 2, '00:01:13.09', 1, 3),
(33522, 1353, 2, '00:01:14.15', 0, 4),
(33523, 1346, 2, '00:01:27.22', 0, 5),
(33524, 1374, 2, '00:01:31.00', 0, 6),
(33525, 1347, 2, '00:01:03.98', 6, 1),
(33526, 1382, 2, '00:01:06.44', 3, 2),
(33527, 1354, 2, '00:01:15.37', 1, 3),
(33528, 1375, 2, '00:01:17.17', 0, 4),
(33529, 1368, 2, '00:01:22.37', 0, 5),
(33530, 1361, 2, '00:01:27.16', 0, 6),
(33531, 1369, 2, '00:01:00.91', 6, 1),
(33532, 1348, 2, '00:01:02.71', 3, 2),
(33533, 1362, 2, '00:01:19.09', 1, 3),
(33534, 1383, 2, '00:01:36.20', 0, 4),
(33535, 1355, 2, '00:01:37.26', 0, 5),
(33536, 1376, 2, '00:01:39.83', 0, 6),
(33619, 1304, 3, '00:08:51.710', 0, 1),
(33620, 1311, 3, '00:09:15.170', 0, 2),
(33621, 1332, 3, '00:09:53.980', 0, 3),
(33622, 1318, 3, '00:10:30.920', 0, 4),
(33623, 1297, 3, '00:10:44.600', 0, 5),
(33624, 1325, 3, '00:12:16.890', 0, 6),
(33625, 1339, 3, '00:12:40.810', 0, 7),
(33626, 1340, 3, '00:06:34.070', 25, 1),
(33627, 1312, 3, '00:09:52.170', 18, 2),
(33628, 1298, 3, '00:10:44.280', 15, 3),
(33629, 1305, 3, '00:11:28.010', 12, 4),
(33630, 1326, 3, '00:11:32.100', 10, 5),
(33631, 1319, 3, '00:11:32.390', 8, 6),
(33632, 1333, 3, '00:12:13.140', 6, 7),
(33633, 1327, 3, '00:07:38.410', 25, 1),
(33634, 1334, 3, '00:09:35.570', 18, 2),
(33635, 1320, 3, '00:09:41.740', 15, 3),
(33636, 1313, 3, '00:09:55.470', 12, 4),
(33637, 1341, 3, '00:10:47.130', 10, 5),
(33638, 1306, 3, '00:11:15.860', 8, 6),
(33639, 1299, 3, '00:13:35.920', 6, 7),
(33640, 1314, 3, '00:08:29.710', 25, 1),
(33641, 1335, 3, '00:08:54.720', 18, 2),
(33642, 1321, 3, '00:09:28.220', 15, 3),
(33643, 1328, 3, '00:10:19.080', 12, 4),
(33644, 1300, 3, '00:10:29.840', 10, 5),
(33645, 1307, 3, '00:11:26.840', 8, 6),
(33646, 1329, 3, '00:06:59.910', 25, 1),
(33647, 1322, 3, '00:09:28.270', 18, 2),
(33648, 1315, 3, '00:10:02.990', 15, 3),
(33649, 1301, 3, '00:10:16.730', 12, 4),
(33650, 1308, 3, '00:11:30.140', 10, 5),
(33651, 1336, 3, '00:13:53.360', 8, 6),
(33652, 1302, 3, '00:07:58.310', 25, 1),
(33653, 1309, 3, '00:09:06.410', 18, 2),
(33654, 1323, 3, '00:10:14.150', 15, 3),
(33655, 1337, 3, '00:10:36.140', 12, 4),
(33656, 1330, 3, '00:11:23.480', 10, 5),
(33657, 1316, 3, '00:11:51.980', 8, 6),
(33658, 1331, 3, '00:08:33.540', 25, 1),
(33659, 1324, 3, '00:09:07.280', 18, 2),
(33660, 1310, 3, '00:09:43.880', 15, 3),
(33661, 1303, 3, '00:09:59.800', 12, 4),
(33662, 1338, 3, '00:10:03.540', 10, 5),
(33663, 1317, 3, '00:11:26.700', 8, 6),
(33682, 1363, 3, '00:09:11.290', 0, 1),
(33683, 1384, 3, '00:10:01.900', 0, 2),
(33684, 1356, 3, '00:10:20.500', 0, 3),
(33685, 1377, 3, '00:10:52.960', 0, 4),
(33686, 1342, 3, '00:10:56.530', 0, 5),
(33687, 1370, 3, '00:11:19.180', 0, 6),
(33688, 1349, 3, '00:11:51.530', 0, 7),
(33689, 1350, 3, '00:08:17.810', 25, 1),
(33690, 1357, 3, '00:09:12.210', 18, 2),
(33691, 1364, 3, '00:09:27.620', 15, 3),
(33692, 1385, 3, '00:09:32.800', 12, 4),
(33693, 1378, 3, '00:10:04.400', 10, 5),
(33694, 1371, 3, '00:10:33.380', 8, 6),
(33695, 1343, 3, '00:11:14.270', 6, 7),
(33696, 1351, 3, '00:05:35.420', 25, 1),
(33697, 1386, 3, '00:08:29.260', 18, 2),
(33698, 1365, 3, '00:08:35.600', 15, 3),
(33699, 1358, 3, '00:09:23.040', 12, 4),
(33700, 1372, 3, '00:09:45.820', 10, 5),
(33701, 1379, 3, '00:10:14.690', 8, 6),
(33702, 1344, 3, '00:11:03.440', 6, 7),
(33703, 1373, 3, '00:07:33.960', 25, 1),
(33704, 1366, 3, '00:08:11.900', 18, 2),
(33705, 1380, 3, '00:08:33.770', 15, 3),
(33706, 1345, 3, '00:10:24.300', 12, 4),
(33707, 1359, 3, '00:10:35.180', 10, 5),
(33708, 1352, 3, '00:10:37.570', 8, 6),
(33709, 1353, 3, '00:08:32.620', 25, 1),
(33710, 1381, 3, '00:08:44.040', 18, 2),
(33711, 1367, 3, '00:08:51.740', 15, 3),
(33712, 1346, 3, '00:09:01.320', 12, 4),
(33713, 1374, 3, '00:09:19.390', 10, 5),
(33714, 1360, 3, '00:09:31.200', 8, 6),
(33715, 1361, 3, '00:08:13.790', 25, 1),
(33716, 1375, 3, '00:08:33.010', 18, 2),
(33717, 1347, 3, '00:09:30.770', 15, 3),
(33718, 1368, 3, '00:10:15.850', 12, 4),
(33719, 1354, 3, '00:10:29.010', 10, 5),
(33720, 1382, 3, '00:11:06.720', 8, 6),
(33721, 1369, 3, '00:07:04.060', 25, 1),
(33722, 1362, 3, '00:07:26.040', 18, 2),
(33723, 1383, 3, '00:07:58.640', 15, 3),
(33724, 1348, 3, '00:08:28.790', 12, 4),
(33725, 1355, 3, '00:09:13.660', 10, 5),
(33726, 1376, 3, '00:12:20.220', 8, 6),
(4151722, 1236, 2, '00:00:01.43', 6, 1),
(4151723, 1238, 2, '00:00:18.78', 3, 2),
(4317728, 1236, 3, '00:04:41.770', 0, 1),
(4317729, 1297, 2, '00:01:08.80', 0, 3),
(4317730, 1298, 2, '00:01:10.26', 0, 3),
(4317731, 1299, 2, '00:01:21.47', 0, 4),
(4317732, 1300, 2, '00:02:04.78', 0, 6),
(4317733, 1301, 2, '00:01:12.79', 0, 3),
(4317734, 1302, 2, '00:01:47.11', 0, 5),
(4317735, 1303, 2, '00:01:20.16', 0, 4),
(4317736, 1304, 2, '00:01:43.37', 0, 7),
(4317737, 1305, 2, '00:01:14.09', 0, 5),
(4317738, 1306, 2, '00:01:45.27', 0, 6),
(4317739, 1307, 2, '00:01:04.69', 0, 1),
(4317740, 1308, 2, '00:01:07.30', 0, 2),
(4317741, 1309, 2, '00:01:12.73', 0, 3),
(4317742, 1310, 2, '00:01:00.58', 0, 1),
(4317743, 1311, 2, '00:01:03.22', 0, 1),
(4317744, 1312, 2, '00:01:07.82', 0, 2),
(4317745, 1313, 2, '00:01:06.85', 0, 2),
(4317746, 1314, 2, '00:01:38.26', 0, 5),
(4317747, 1315, 2, '00:01:03.11', 0, 1),
(4317748, 1316, 2, '00:01:04.19', 0, 2),
(4317749, 1317, 2, '00:01:59.22', 0, 6),
(4317750, 1318, 2, '00:01:13.50', 0, 4),
(4317751, 1319, 2, '00:01:20.23', 0, 6),
(4317752, 1320, 2, '00:01:17.25', 0, 3),
(4317753, 1321, 2, '00:01:32.80', 0, 4),
(4317754, 1322, 2, '00:02:14.68', 0, 6),
(4317755, 1323, 2, '00:01:42.42', 0, 4),
(4317756, 1324, 2, '00:01:05.31', 0, 2),
(4317757, 1325, 2, '00:01:07.55', 0, 2),
(4317758, 1326, 2, '00:01:07.09', 0, 1),
(4317759, 1327, 2, '00:01:24.81', 0, 5),
(4317760, 1328, 2, '00:01:29.36', 0, 3),
(4317761, 1329, 2, '00:01:23.61', 0, 4),
(4317762, 1330, 2, '00:01:59.57', 0, 6),
(4317763, 1331, 2, '00:01:08.62', 0, 3),
(4317764, 1332, 2, '00:01:29.15', 0, 6),
(4317765, 1333, 2, '00:01:12.75', 0, 4),
(4317766, 1334, 2, '00:01:03.96', 0, 1),
(4317767, 1335, 2, '00:01:24.88', 0, 2),
(4317768, 1336, 2, '00:01:40.01', 0, 5),
(4317769, 1337, 2, '00:01:00.40', 0, 1),
(4317770, 1338, 2, '00:01:23.31', 0, 5),
(4317771, 1339, 2, '00:01:23.42', 0, 5),
(4317772, 1340, 2, '00:02:01.64', 0, 7),
(4317773, 1341, 2, '00:01:52.38', 0, 7),
(4317792, 1235, 3, '00:01:44.610', 0, 1),
(4317793, 1237, 3, '00:01:44.730', 0, 2),
(4317795, 1342, 1, '00:01:20.61', 0, 6),
(4317796, 1343, 1, '00:01:45.97', 0, 4),
(4317797, 1344, 1, '00:01:07.83', 0, 2),
(4317798, 1345, 1, '00:01:07.65', 0, 3),
(4317799, 1346, 1, '00:01:30.27', 0, 6),
(4317800, 1347, 1, '00:01:02.47', 0, 2),
(4317801, 1348, 1, '00:01:35.44', 0, 6),
(4317802, 1349, 1, '00:01:06.28', 0, 3),
(4317803, 1350, 1, '00:01:24.27', 0, 3),
(4317804, 1351, 1, '00:01:10.67', 0, 4),
(4317805, 1352, 1, '00:01:06.72', 0, 2),
(4317806, 1353, 1, '00:01:20.25', 0, 5),
(4317807, 1354, 1, '00:01:56.04', 0, 6),
(4317808, 1355, 1, '00:01:05.30', 0, 2),
(4317809, 1356, 1, '00:01:15.72', 0, 5),
(4317810, 1357, 1, '00:01:53.95', 0, 5),
(4317811, 1358, 1, '00:01:10.03', 0, 3),
(4317812, 1359, 1, '00:01:06.21', 0, 1),
(4317813, 1360, 1, '00:01:01.53', 0, 1),
(4317814, 1361, 1, '00:01:06.40', 0, 4),
(4317815, 1362, 1, '00:01:00.91', 0, 1),
(4317816, 1363, 1, '00:01:10.17', 0, 4),
(4317817, 1364, 1, '00:01:07.37', 0, 1),
(4317818, 1365, 1, '00:01:12.10', 0, 5),
(4317819, 1366, 1, '00:01:39.11', 0, 5),
(4317820, 1367, 1, '00:01:03.04', 0, 2),
(4317821, 1368, 1, '00:01:02.98', 0, 3),
(4317822, 1369, 1, '00:01:31.30', 0, 5),
(4317823, 1370, 1, '00:01:01.33', 0, 2),
(4317824, 1371, 1, '00:02:14.13', 0, 7),
(4317825, 1372, 1, '00:01:14.58', 0, 6),
(4317826, 1373, 1, '00:01:36.51', 0, 4),
(4317827, 1374, 1, '00:01:08.27', 0, 3),
(4317828, 1375, 1, '00:01:00.07', 0, 1),
(4317829, 1376, 1, '00:01:06.62', 0, 3),
(4317830, 1377, 1, '00:01:00.92', 0, 1),
(4317831, 1378, 1, '00:01:57.20', 0, 6),
(4317832, 1379, 1, '00:01:14.94', 0, 7),
(4317833, 1380, 1, '00:01:40.32', 0, 6),
(4317834, 1381, 1, '00:01:15.81', 0, 4),
(4317835, 1382, 1, '00:01:10.93', 0, 5),
(4317836, 1383, 1, '00:01:23.99', 0, 4),
(4317837, 1384, 1, '00:01:50.15', 0, 7),
(4317838, 1385, 1, '00:01:15.93', 0, 2),
(4317839, 1386, 1, '00:01:05.82', 0, 1),
(4317858, 1252, 3, '00:08:34.910', 0, 2),
(4317859, 1253, 3, '00:08:40.770', 0, 1),
(4317860, 1254, 3, '00:09:57.290', 0, 4),
(4317861, 1255, 3, '00:10:31.350', 0, 5),
(4317862, 1256, 3, '00:10:57.900', 0, 5),
(4317863, 1257, 3, '00:13:33.270', 0, 6),
(4317864, 1258, 3, '00:08:51.650', 0, 2),
(4317865, 1259, 3, '00:11:03.090', 0, 6),
(4317866, 1260, 3, '00:11:30.540', 0, 6),
(4317867, 1261, 3, '00:09:21.750', 0, 2),
(4317868, 1262, 3, '00:08:13.200', 0, 3),
(4317869, 1263, 3, '00:08:50.360', 0, 1),
(4317870, 1264, 3, '00:08:37.920', 0, 1),
(4317871, 1265, 3, '00:11:48.620', 0, 6),
(4317872, 1266, 3, '00:12:34.630', 0, 7),
(4317873, 1267, 3, '00:09:22.980', 0, 2),
(4317874, 1268, 3, '00:09:53.820', 0, 3),
(4317875, 1269, 3, '00:10:02.910', 0, 4),
(4317876, 1270, 3, '00:09:54.770', 0, 3),
(4317877, 1271, 3, '00:10:41.480', 0, 4),
(4317878, 1272, 3, '00:09:24.810', 0, 3),
(4317879, 1273, 3, '00:09:21.630', 0, 3),
(4317880, 1274, 3, '00:11:26.050', 0, 5),
(4317881, 1275, 3, '00:10:05.840', 0, 5),
(4317882, 1276, 3, '00:08:04.600', 0, 2),
(4317883, 1277, 3, '00:10:22.470', 0, 4),
(4317884, 1278, 3, '00:09:20.700', 0, 2),
(4317885, 1279, 3, '00:11:18.740', 0, 5),
(4317886, 1280, 3, '00:10:54.820', 0, 5),
(4317887, 1281, 3, '00:10:00.850', 0, 4),
(4317888, 1282, 3, '00:10:41.580', 0, 6),
(4317889, 1283, 3, '00:06:48.820', 0, 1),
(4317890, 1284, 3, '00:11:58.980', 0, 6),
(4317891, 1285, 3, '00:09:25.420', 0, 3),
(4317892, 1286, 3, '00:08:27.390', 0, 1),
(4317893, 1287, 3, '00:07:34.370', 0, 1),
(4317894, 1288, 3, '00:11:35.010', 0, 7),
(4317895, 1289, 3, '00:10:56.880', 0, 7),
(4317896, 1290, 3, '00:11:57.830', 0, 6),
(4317897, 1291, 3, '00:09:12.810', 0, 2),
(4317898, 1292, 3, '00:11:09.390', 0, 5),
(4317899, 1293, 3, '00:10:07.710', 0, 4),
(4317900, 1294, 3, '00:10:15.720', 0, 4),
(4317901, 1295, 3, '00:09:31.010', 0, 3),
(4317902, 1296, 3, '00:09:14.270', 0, 1),
(4317921, 1235, 1, '00:00:00.18', 0, 1),
(4317922, 1237, 1, '00:00:51.60', 0, 2);

-- --------------------------------------------------------

--
-- Struktura tabulky `points_definition`
--

CREATE TABLE `points_definition` (
  `id` tinyint(4) NOT NULL,
  `position` tinyint(4) NOT NULL,
  `points` tinyint(4) NOT NULL
) ENGINE=InnoDB DEFAULT CHARSET=utf8mb4 COLLATE=utf8mb4_general_ci;

--
-- Vypisuji data pro tabulku `points_definition`
--

INSERT INTO `points_definition` (`id`, `position`, `points`) VALUES
(1, 1, 25),
(2, 2, 18),
(3, 3, 15),
(4, 4, 12),
(5, 5, 10),
(6, 6, 8),
(7, 7, 6),
(8, 8, 4),
(9, 9, 2),
(10, 10, 1);

-- --------------------------------------------------------

--
-- Struktura tabulky `racebox`
--

CREATE TABLE `racebox` (
  `id` tinyint(4) NOT NULL,
  `device_id` varchar(64) NOT NULL
) ENGINE=InnoDB DEFAULT CHARSET=utf8mb4 COLLATE=utf8mb4_general_ci;

-- --------------------------------------------------------

--
-- Struktura tabulky `series`
--

CREATE TABLE `series` (
  `id` tinyint(4) NOT NULL,
  `name` varchar(32) NOT NULL,
  `year` year(4) NOT NULL
) ENGINE=InnoDB DEFAULT CHARSET=utf8mb4 COLLATE=utf8mb4_general_ci;

--
-- Vypisuji data pro tabulku `series`
--

INSERT INTO `series` (`id`, `name`, `year`) VALUES
(17, 'Valtířov Cup', '2025'),
(18, 'Generováno', '2025');

-- --------------------------------------------------------

--
-- Struktura tabulky `users`
--

CREATE TABLE `users` (
  `id` tinyint(4) NOT NULL,
  `username` varchar(64) NOT NULL,
  `password` varchar(128) NOT NULL
) ENGINE=InnoDB DEFAULT CHARSET=utf8mb4 COLLATE=utf8mb4_general_ci;

--
-- Vypisuji data pro tabulku `users`
--

INSERT INTO `users` (`id`, `username`, `password`) VALUES
(3, 'info@bmracing.cz', '$5$rounds=535000$Da/QtFjd0tqQkp8j$4zbdfPX91Pd0simhsa7.GnO8fMcZMAwa7QZ/fuk.gPB');

--
-- Indexy pro exportované tabulky
--

--
-- Indexy pro tabulku `car`
--
ALTER TABLE `car`
  ADD PRIMARY KEY (`id`),
  ADD KEY `fk_car_default_driver` (`default_driver_id`);

--
-- Indexy pro tabulku `car_category`
--
ALTER TABLE `car_category`
  ADD PRIMARY KEY (`id`);

--
-- Indexy pro tabulku `car_configuration`
--
ALTER TABLE `car_configuration`
  ADD PRIMARY KEY (`id`);

--
-- Indexy pro tabulku `driver`
--
ALTER TABLE `driver`
  ADD PRIMARY KEY (`id`),
  ADD UNIQUE KEY `web_user` (`web_user`),
  ADD UNIQUE KEY `number` (`number`),
  ADD KEY `fk_driver_racebox` (`racebox_id`);

--
-- Indexy pro tabulku `event`
--
ALTER TABLE `event`
  ADD PRIMARY KEY (`id`),
  ADD KEY `fk_event_series` (`series_id`),
  ADD KEY `fk_event_event_phase` (`event_phase_id`);

--
-- Indexy pro tabulku `event_lap`
--
ALTER TABLE `event_lap`
  ADD PRIMARY KEY (`id`),
  ADD KEY `fk_event_lap_registration` (`event_registration_id`),
  ADD KEY `fk_event_lap_phase` (`event_phase_id`);

--
-- Indexy pro tabulku `event_phase`
--
ALTER TABLE `event_phase`
  ADD PRIMARY KEY (`id`);

--
-- Indexy pro tabulku `event_registration`
--
ALTER TABLE `event_registration`
  ADD PRIMARY KEY (`id`),
  ADD KEY `fk_event_registration_car` (`car_id`),
  ADD KEY `fk_event_registration_car_category` (`car_category_id`),
  ADD KEY `fk_event_registration_car_configuration` (`car_configuration_id`),
  ADD KEY `fk_event_registration_event` (`event_id`),
  ADD KEY `fk_event_registration_driver` (`driver_id`);

--
-- Indexy pro tabulku `event_result`
--
ALTER TABLE `event_result`
  ADD PRIMARY KEY (`id`),
  ADD KEY `fk_event_result_registration` (`event_registration_id`),
  ADD KEY `fk_event_result_phase` (`event_phase_id`);

--
-- Indexy pro tabulku `points_definition`
--
ALTER TABLE `points_definition`
  ADD PRIMARY KEY (`id`);

--
-- Indexy pro tabulku `racebox`
--
ALTER TABLE `racebox`
  ADD PRIMARY KEY (`id`);

--
-- Indexy pro tabulku `series`
--
ALTER TABLE `series`
  ADD PRIMARY KEY (`id`);

--
-- Indexy pro tabulku `users`
--
ALTER TABLE `users`
  ADD PRIMARY KEY (`id`);

--
-- AUTO_INCREMENT pro tabulky
--

--
-- AUTO_INCREMENT pro tabulku `car`
--
ALTER TABLE `car`
  MODIFY `id` smallint(5) UNSIGNED NOT NULL AUTO_INCREMENT, AUTO_INCREMENT=146;

--
-- AUTO_INCREMENT pro tabulku `car_category`
--
ALTER TABLE `car_category`
  MODIFY `id` tinyint(4) NOT NULL AUTO_INCREMENT, AUTO_INCREMENT=9;

--
-- AUTO_INCREMENT pro tabulku `car_configuration`
--
ALTER TABLE `car_configuration`
  MODIFY `id` smallint(11) NOT NULL AUTO_INCREMENT, AUTO_INCREMENT=239;

--
-- AUTO_INCREMENT pro tabulku `driver`
--
ALTER TABLE `driver`
  MODIFY `id` smallint(6) NOT NULL AUTO_INCREMENT, AUTO_INCREMENT=401;

--
-- AUTO_INCREMENT pro tabulku `event`
--
ALTER TABLE `event`
  MODIFY `id` mediumint(8) UNSIGNED NOT NULL AUTO_INCREMENT, AUTO_INCREMENT=57;

--
-- AUTO_INCREMENT pro tabulku `event_lap`
--
ALTER TABLE `event_lap`
  MODIFY `id` mediumint(9) NOT NULL AUTO_INCREMENT, AUTO_INCREMENT=21540;

--
-- AUTO_INCREMENT pro tabulku `event_phase`
--
ALTER TABLE `event_phase`
  MODIFY `id` tinyint(4) NOT NULL AUTO_INCREMENT, AUTO_INCREMENT=7;

--
-- AUTO_INCREMENT pro tabulku `event_registration`
--
ALTER TABLE `event_registration`
  MODIFY `id` smallint(6) NOT NULL AUTO_INCREMENT, AUTO_INCREMENT=1390;

--
-- AUTO_INCREMENT pro tabulku `event_result`
--
ALTER TABLE `event_result`
  MODIFY `id` mediumint(9) NOT NULL AUTO_INCREMENT, AUTO_INCREMENT=4317924;

--
-- AUTO_INCREMENT pro tabulku `points_definition`
--
ALTER TABLE `points_definition`
  MODIFY `id` tinyint(4) NOT NULL AUTO_INCREMENT, AUTO_INCREMENT=11;

--
-- AUTO_INCREMENT pro tabulku `racebox`
--
ALTER TABLE `racebox`
  MODIFY `id` tinyint(4) NOT NULL AUTO_INCREMENT, AUTO_INCREMENT=2;

--
-- AUTO_INCREMENT pro tabulku `series`
--
ALTER TABLE `series`
  MODIFY `id` tinyint(4) NOT NULL AUTO_INCREMENT, AUTO_INCREMENT=19;

--
-- AUTO_INCREMENT pro tabulku `users`
--
ALTER TABLE `users`
  MODIFY `id` tinyint(4) NOT NULL AUTO_INCREMENT, AUTO_INCREMENT=7;

--
-- Omezení pro exportované tabulky
--

--
-- Omezení pro tabulku `driver`
--
ALTER TABLE `driver`
  ADD CONSTRAINT `fk_driver_racebox` FOREIGN KEY (`racebox_id`) REFERENCES `racebox` (`id`);

--
-- Omezení pro tabulku `event`
--
ALTER TABLE `event`
  ADD CONSTRAINT `fk_event_event_phase` FOREIGN KEY (`event_phase_id`) REFERENCES `event_phase` (`id`),
  ADD CONSTRAINT `fk_event_series` FOREIGN KEY (`series_id`) REFERENCES `series` (`id`);

--
-- Omezení pro tabulku `event_lap`
--
ALTER TABLE `event_lap`
  ADD CONSTRAINT `fk_event_lap_phase` FOREIGN KEY (`event_phase_id`) REFERENCES `event_phase` (`id`),
  ADD CONSTRAINT `fk_event_lap_registration` FOREIGN KEY (`event_registration_id`) REFERENCES `event_registration` (`id`);

--
-- Omezení pro tabulku `event_registration`
--
ALTER TABLE `event_registration`
  ADD CONSTRAINT `event_registration_ibfk_1` FOREIGN KEY (`driver_id`) REFERENCES `driver` (`id`),
  ADD CONSTRAINT `event_registration_ibfk_2` FOREIGN KEY (`car_configuration_id`) REFERENCES `car_configuration` (`id`) ON DELETE NO ACTION ON UPDATE NO ACTION,
  ADD CONSTRAINT `fk_event_registration_car` FOREIGN KEY (`car_id`) REFERENCES `car` (`id`) ON DELETE CASCADE ON UPDATE CASCADE,
  ADD CONSTRAINT `fk_event_registration_car_category` FOREIGN KEY (`car_category_id`) REFERENCES `car_category` (`id`),
  ADD CONSTRAINT `fk_event_registration_event` FOREIGN KEY (`event_id`) REFERENCES `event` (`id`) ON UPDATE CASCADE;

--
-- Omezení pro tabulku `event_result`
--
ALTER TABLE `event_result`
  ADD CONSTRAINT `fk_event_result_phase` FOREIGN KEY (`event_phase_id`) REFERENCES `event_phase` (`id`),
  ADD CONSTRAINT `fk_event_result_registration` FOREIGN KEY (`event_registration_id`) REFERENCES `event_registration` (`id`);
COMMIT;

/*!40101 SET CHARACTER_SET_CLIENT=@OLD_CHARACTER_SET_CLIENT */;
/*!40101 SET CHARACTER_SET_RESULTS=@OLD_CHARACTER_SET_RESULTS */;
/*!40101 SET COLLATION_CONNECTION=@OLD_COLLATION_CONNECTION */;
