-- phpMyAdmin SQL Dump
-- version 5.2.1
-- https://www.phpmyadmin.net/
--
-- Počítač: 127.0.0.1:3306
-- Vytvořeno: Stř 22. led 2025, 11:11
-- Verze serveru: 10.11.10-MariaDB
-- Verze PHP: 7.2.34

SET SQL_MODE = "NO_AUTO_VALUE_ON_ZERO";
START TRANSACTION;
SET time_zone = "+00:00";


/*!40101 SET @OLD_CHARACTER_SET_CLIENT=@@CHARACTER_SET_CLIENT */;
/*!40101 SET @OLD_CHARACTER_SET_RESULTS=@@CHARACTER_SET_RESULTS */;
/*!40101 SET @OLD_COLLATION_CONNECTION=@@COLLATION_CONNECTION */;
/*!40101 SET NAMES utf8mb4 */;

--
-- Databáze: `u114951875_laplink`
--

DELIMITER $$
--
-- Procedury
--
CREATE DEFINER=`u114951875_lapdb`@`127.0.0.1` PROCEDURE `CreateActiveEventPhaseResult` (IN `EventId` INT, IN `EventPhaseId` INT)   BEGIN
    DECLARE v_result_type VARCHAR(4);

    -- Získání typu výsledku pro aktuální fázi závodu
    SELECT ep.result_type INTO v_result_type
    FROM event_phase ep
    WHERE ep.id = EventPhaseId;

    -- Smazání předchozích výsledků pouze pro daný závod a fázi
    DELETE FROM event_result 
    WHERE event_phase_id = EventPhaseId
    AND event_registration_id IN (
        SELECT id FROM event_registration WHERE event_id = EventId
    );

    -- Výpočet podle typu výsledku
    IF v_result_type = 'MIN' THEN
        -- Výpočet minimálního času (kvalifikace)
        INSERT INTO event_result (event_registration_id, event_phase_id, total_time, points, position)
        SELECT 
            er.id,
            EventPhaseId,
            MIN(el.laptime),
            0, -- body nejsou udělovány
            ROW_NUMBER() OVER (
                PARTITION BY er.car_category_id 
                ORDER BY 
                    CASE WHEN EventPhaseId = 3 AND er.dnf = 1 THEN 1 ELSE 0 END, 
                    MIN(el.laptime)
            ) AS position
        FROM 
            event_registration er
        INNER JOIN event_lap el ON er.id = el.event_registration_id
        WHERE 
            er.event_id = EventId
            AND el.event_phase_id = EventPhaseId
        GROUP BY 
            er.id, er.car_category_id
        HAVING MIN(el.laptime) IS NOT NULL -- Zajistí, že existuje platný časový údaj
        ORDER BY 
            er.car_category_id, 
            CASE WHEN EventPhaseId = 3 AND er.dnf = 1 THEN 1 ELSE 0 END, 
            MIN(el.laptime);

    ELSEIF v_result_type = 'SUM' THEN
        -- Výpočet součtu časů (závod)
        INSERT INTO event_result (event_registration_id, event_phase_id, total_time, points, position)
        SELECT 
            er.id,
            EventPhaseId,
            SEC_TO_TIME(FLOOR(SUM(TIME_TO_SEC(el.laptime)))) + INTERVAL ROUND(MOD(SUM(TIME_TO_SEC(el.laptime)), 1), 3) SECOND,
            0, -- Body budou aktualizovány v dalším kroku
            ROW_NUMBER() OVER (
                PARTITION BY er.car_category_id 
                ORDER BY 
                    CASE WHEN EventPhaseId = 3 AND er.dnf = 1 THEN 1 ELSE 0 END, 
                    SUM(TIME_TO_SEC(el.laptime))
            ) AS position
        FROM 
            event_registration er
        INNER JOIN event_lap el ON er.id = el.event_registration_id
        WHERE 
            er.event_id = EventId
            AND el.event_phase_id = EventPhaseId
            AND el.laptime IS NOT NULL -- Zajistí, že neexistují NULL hodnoty
        GROUP BY 
            er.id, er.car_category_id
        HAVING SUM(TIME_TO_SEC(el.laptime)) IS NOT NULL -- Zajistí, že existuje platný časový údaj
        ORDER BY 
            er.car_category_id, 
            CASE WHEN EventPhaseId = 3 AND er.dnf = 1 THEN 1 ELSE 0 END, 
            SUM(TIME_TO_SEC(el.laptime));

        -- Aktualizace bodů podle pozice a kategorie
        UPDATE event_result er
        INNER JOIN points_definition pd ON er.position = pd.position
        INNER JOIN event_registration reg ON er.event_registration_id = reg.id
        SET er.points = pd.points
        WHERE reg.event_id = EventId
        AND er.event_phase_id = EventPhaseId;
    END IF;

END$$

CREATE DEFINER=`u114951875_lapdb`@`127.0.0.1` PROCEDURE `DeleteEvent` (IN `in_event_id` SMALLINT)   BEGIN
    -- Vymazání záznamů z tabulky event_result
    DELETE FROM event_result
    WHERE event_registration_id IN (
        SELECT id FROM event_registration WHERE event_id = in_event_id
    );

    -- Vymazání záznamů z tabulky event_lap
    DELETE FROM event_lap
    WHERE event_registration_id IN (
        SELECT id FROM event_registration WHERE event_id = in_event_id
    );

    -- Vymazání záznamů z tabulky event_registration
    DELETE FROM event_registration
    WHERE event_id = in_event_id;
END$$

CREATE DEFINER=`u114951875_lapdb`@`127.0.0.1` PROCEDURE `DeleteSeries` (IN `in_series_id` INT)   BEGIN
    DECLARE finished INTEGER DEFAULT 0;
    DECLARE event_id INT;

    DECLARE event_cursor CURSOR FOR
    SELECT id FROM event WHERE series_id = in_series_id;

    DECLARE CONTINUE HANDLER FOR NOT FOUND SET finished = 1;

    OPEN event_cursor;

    get_events: LOOP
        FETCH event_cursor INTO event_id;
        IF finished THEN
            LEAVE get_events;
        END IF;

        -- Vymazání záznamů z tabulky event_result
        DELETE FROM event_result WHERE event_registration_id IN (
            SELECT id FROM event_registration WHERE event_id = event_id
        );

        -- Vymazání záznamů z tabulky event_lap
        DELETE FROM event_lap WHERE event_registration_id IN (
            SELECT id FROM event_registration WHERE event_id = event_id
        );

        -- Vymazání záznamů z tabulky event_registration
        DELETE FROM event_registration WHERE event_id = event_id;

        -- Vymazání samotného eventu
        DELETE FROM event WHERE id = event_id;
    END LOOP get_events;

    CLOSE event_cursor;
END$$

CREATE DEFINER=`u114951875_lapdb`@`127.0.0.1` PROCEDURE `InsertLapTime` (IN `p_web_user` VARCHAR(64), IN `p_event_id` INT, IN `p_laptime` VARCHAR(12), IN `p_event_phase_id` INT)   BEGIN
    DECLARE v_event_registration_id INT;
    DECLARE v_driver_id INT;

    -- Získání driver_id na základě web_user s explicitním COLLATE
    SELECT id INTO v_driver_id
    FROM driver
    WHERE web_user = p_web_user COLLATE utf8mb4_unicode_ci
    LIMIT 1;

    -- Získání event_registration_id na základě driver_id a event_id
    SELECT id INTO v_event_registration_id
    FROM event_registration
    WHERE driver_id = v_driver_id AND event_id = p_event_id
    LIMIT 1;

    -- Vložení záznamu do event_lap
    INSERT INTO event_lap (event_registration_id, laptime, event_phase_id)
    VALUES (v_event_registration_id, p_laptime, p_event_phase_id);
END$$

DELIMITER ;

-- --------------------------------------------------------

--
-- Struktura tabulky `car`
--

CREATE TABLE `car` (
  `id` smallint(5) UNSIGNED NOT NULL,
  `maker` varchar(16) NOT NULL,
  `type` varchar(16) NOT NULL,
  `note` varchar(32) DEFAULT NULL,
  `default_driver_id` int(11) DEFAULT NULL
) ENGINE=InnoDB DEFAULT CHARSET=utf8mb4 COLLATE=utf8mb4_general_ci;

--
-- Vypisuji data pro tabulku `car`
--

INSERT INTO `car` (`id`, `maker`, `type`, `note`, `default_driver_id`) VALUES
(1, 'Peugeot', 'string', 'string', 0),
(2, 'Subaru', 'Impreza', 'car', 3),
(3, 'Mercedes', 'AMG GT', NULL, 5),
(4, 'Porsche', '911 GT3', 'Idk prostě poznámka 2', 5),
(5, 'Toyota', 'Supra', '', 7),
(6, 'BMW', 'M3 E90', NULL, 0),
(7, 'Toyota', 'GT86', 'vynikající jízdní vlastnosti', 7),
(111, 'Test', 'Test', 'car', 31),
(112, 'Mazda', 'RX-Vision', NULL, NULL),
(113, 'Alfa Rom', 'Giulia', NULL, NULL),
(114, 'Toyota', 'GT86', NULL, NULL),
(115, 'Porsche', '987 Cayman', NULL, NULL),
(116, 'Peugeot', '406', NULL, NULL),
(117, 'Ariel', 'Atom 4', NULL, NULL),
(122, 'Niger', 'Niger2', 'Niger3', 158),
(123, 'testuju reg', 'testuju reg', 'testuju reg', 161),
(124, 'Peugeot', 'RCS', NULL, 256),
(125, 'Mercedes', 'AMG GT', '', 250),
(126, 'Ascari', 'KZ1', NULL, 265),
(127, 'Lotec', 'Sirius', NULL, 264),
(128, 'Arash', 'AF10', NULL, 262),
(129, 'Vencer', 'Sarthe', NULL, 239),
(130, 'Nissan', 'R390 GT1', NULL, 247);

-- --------------------------------------------------------

--
-- Struktura tabulky `car_category`
--

CREATE TABLE `car_category` (
  `id` tinyint(4) NOT NULL,
  `name` varchar(2) NOT NULL,
  `description` varchar(32) DEFAULT NULL
) ENGINE=InnoDB DEFAULT CHARSET=utf8mb4 COLLATE=utf8mb4_general_ci;

--
-- Vypisuji data pro tabulku `car_category`
--

INSERT INTO `car_category` (`id`, `name`, `description`) VALUES
(1, 'S1', 'S1 nad 0,239'),
(2, 'S2', 'S2 0,213 - 0,239'),
(3, 'S3', 'S3 0,183 - 0,213'),
(4, 'S4', 'S4 0,157 - 0,183'),
(5, 'S5', 'S5 0,131 - 0,157'),
(6, 'S6', 'S6 do 0,131');

-- --------------------------------------------------------

--
-- Struktura tabulky `car_configuration`
--

CREATE TABLE `car_configuration` (
  `id` tinyint(11) NOT NULL,
  `note` varchar(256) DEFAULT NULL,
  `power` smallint(6) DEFAULT NULL,
  `weight` smallint(6) DEFAULT NULL,
  `power_weight_ratio` decimal(4,3) DEFAULT NULL,
  `aero_upgrade` tinyint(1) DEFAULT NULL,
  `excessive_modifications` tinyint(1) DEFAULT NULL,
  `excessive_chamber` tinyint(1) DEFAULT NULL,
  `liquid_leakage` tinyint(1) DEFAULT NULL,
  `rear_lights` tinyint(1) DEFAULT NULL,
  `safe` tinyint(1) DEFAULT NULL,
  `street_legal_tires` tinyint(1) DEFAULT NULL,
  `seat_seatbelt_cage` tinyint(1) DEFAULT NULL,
  `widebody` tinyint(1) DEFAULT NULL,
  `wide_tires` tinyint(1) DEFAULT NULL
) ENGINE=InnoDB DEFAULT CHARSET=utf8mb4 COLLATE=utf8mb4_general_ci;

--
-- Vypisuji data pro tabulku `car_configuration`
--

INSERT INTO `car_configuration` (`id`, `note`, `power`, `weight`, `power_weight_ratio`, `aero_upgrade`, `excessive_modifications`, `excessive_chamber`, `liquid_leakage`, `rear_lights`, `safe`, `street_legal_tires`, `seat_seatbelt_cage`, `widebody`, `wide_tires`) VALUES
(1, 'Domcova konfigurace', 180, 1050, 0.140, 1, 1, 1, 1, 1, 1, 1, 1, 1, 1),
(2, 'Mercedes AMG GT, Tomáš Toman 23.08.2024', 453, 1234, 0.640, 0, 0, 0, 0, 0, 0, 0, 0, 0, 0),
(3, 'Toyota Supra, IDK TESTUJU', 3222, 1222, 0.640, 1, 1, 1, 1, 1, 1, 1, 1, 1, 1),
(13, 'string', 0, 0, 0.000, 0, 0, 0, 0, 0, 0, 0, 0, 0, 0),
(14, NULL, 200, 1200, 0.160, 1, 0, 0, 0, 1, 1, 1, 1, 0, 0),
(15, NULL, 257, 936, 0.270, 0, 0, 1, 1, 0, 0, 0, 1, 1, 1),
(16, NULL, 146, 1342, 0.110, 0, 1, 1, 1, 0, 1, 1, 1, 1, 0),
(17, NULL, 275, 1448, 0.190, 1, 0, 1, 0, 0, 0, 0, 1, 1, 0),
(18, NULL, 208, 1099, 0.190, 0, 1, 1, 1, 0, 0, 0, 1, 1, 0),
(19, NULL, 197, 1132, 0.170, 0, 0, 0, 0, 1, 0, 0, 1, 1, 1),
(20, NULL, 288, 1419, 0.200, 1, 1, 0, 0, 1, 1, 0, 0, 1, 1),
(21, NULL, 167, 1068, 0.160, 1, 0, 0, 1, 0, 0, 1, 1, 1, 0),
(22, NULL, 103, 1125, 0.090, 1, 1, 1, 1, 0, 1, 1, 1, 0, 1),
(23, NULL, 128, 812, 0.160, 0, 1, 0, 1, 0, 1, 1, 1, 0, 1),
(24, NULL, 153, 1104, 0.140, 0, 0, 0, 0, 0, 0, 1, 0, 1, 0),
(25, NULL, 191, 1392, 0.140, 1, 0, 1, 1, 1, 1, 1, 0, 1, 0),
(26, NULL, 226, 1113, 0.200, 1, 0, 1, 0, 0, 1, 1, 1, 1, 1),
(27, NULL, 267, 904, 0.300, 1, 0, 1, 0, 1, 1, 0, 1, 1, 1),
(28, NULL, 170, 914, 0.190, 0, 0, 1, 0, 1, 0, 0, 1, 1, 0),
(29, NULL, 142, 1468, 0.100, 0, 0, 0, 0, 0, 1, 0, 0, 1, 1),
(30, NULL, 136, 1199, 0.110, 0, 0, 1, 1, 1, 0, 1, 1, 0, 1),
(31, NULL, 298, 953, 0.310, 1, 1, 0, 1, 0, 0, 1, 0, 0, 0),
(32, NULL, 217, 870, 0.250, 1, 1, 0, 1, 0, 1, 1, 1, 1, 0),
(33, NULL, 147, 979, 0.150, 0, 1, 1, 0, 1, 1, 0, 1, 0, 1),
(34, NULL, 246, 1419, 0.170, 0, 0, 0, 0, 0, 0, 0, 0, 1, 0),
(35, NULL, 192, 1302, 0.150, 1, 1, 0, 0, 0, 0, 1, 1, 0, 1),
(36, NULL, 238, 1211, 0.200, 0, 1, 1, 0, 1, 1, 0, 0, 0, 0),
(37, NULL, 207, 938, 0.220, 0, 1, 0, 0, 1, 1, 1, 1, 0, 1),
(38, NULL, 220, 1275, 0.170, 1, 1, 1, 1, 0, 0, 1, 0, 0, 1),
(39, NULL, 137, 826, 0.170, 1, 1, 0, 0, 1, 0, 0, 0, 1, 0),
(40, NULL, 257, 1430, 0.180, 0, 0, 0, 1, 1, 1, 1, 0, 0, 0),
(41, NULL, 120, 1450, 0.080, 1, 1, 0, 1, 0, 1, 0, 0, 0, 0),
(42, NULL, 248, 890, 0.280, 1, 0, 0, 0, 0, 1, 1, 1, 1, 1),
(43, NULL, 229, 1078, 0.210, 0, 1, 1, 0, 0, 1, 0, 0, 0, 1),
(44, 'testuju reg', 666, 333, 0.640, 0, 0, 0, 0, 0, 0, 0, 0, 0, 0),
(45, NULL, 775, 1078, 0.720, 0, 1, 1, 0, 0, 0, 0, 0, 1, 0),
(46, NULL, 256, 1818, 0.140, 1, 0, 1, 0, 0, 0, 1, 1, 1, 1),
(47, NULL, 330, 1378, 0.240, 0, 1, 0, 1, 1, 0, 1, 1, 1, 1),
(48, NULL, 1436, 1709, 0.840, 1, 0, 1, 1, 1, 1, 0, 0, 1, 0),
(49, NULL, 605, 958, 0.630, 1, 1, 0, 0, 1, 0, 1, 1, 0, 0),
(50, NULL, 789, 1066, 0.740, 0, 1, 1, 1, 1, 0, 1, 0, 1, 1),
(51, NULL, 804, 1533, 0.520, 0, 1, 1, 0, 0, 1, 0, 1, 0, 1),
(52, NULL, 928, 1259, 0.740, 1, 1, 0, 0, 0, 0, 1, 1, 1, 1),
(53, NULL, 1444, 1013, 1.430, 0, 1, 1, 1, 0, 1, 0, 0, 0, 1),
(54, NULL, 1197, 1738, 0.690, 0, 0, 1, 1, 0, 1, 1, 0, 0, 1),
(55, NULL, 566, 1434, 0.390, 0, 0, 0, 1, 1, 1, 1, 0, 1, 0),
(56, NULL, 185, 1274, 0.150, 1, 1, 1, 0, 1, 1, 1, 0, 0, 1),
(57, NULL, 408, 933, 0.440, 0, 1, 1, 0, 1, 0, 0, 0, 1, 1),
(58, NULL, 1184, 1639, 0.720, 0, 0, 0, 0, 0, 1, 0, 0, 1, 0),
(59, NULL, 540, 1039, 0.520, 1, 1, 1, 1, 1, 1, 0, 0, 1, 1),
(60, NULL, 1056, 900, 1.170, 0, 0, 1, 0, 0, 0, 1, 0, 0, 1),
(61, NULL, 1105, 888, 1.240, 0, 0, 0, 1, 0, 1, 1, 1, 0, 1),
(62, NULL, 101, 1000, 0.100, 0, 0, 1, 0, 0, 0, 0, 1, 1, 1),
(63, NULL, 609, 1489, 0.410, 0, 0, 1, 1, 0, 1, 1, 1, 0, 0),
(64, NULL, 685, 947, 0.720, 1, 0, 1, 1, 0, 0, 0, 0, 0, 0),
(65, NULL, 1460, 1665, 0.880, 0, 1, 1, 0, 0, 1, 0, 0, 0, 0),
(66, NULL, 120, 1500, 0.080, 0, 0, 1, 1, 0, 1, 0, 1, 1, 0),
(67, NULL, 523, 1547, 0.340, 0, 1, 1, 1, 1, 1, 1, 1, 1, 1),
(68, NULL, 1184, 1101, 1.080, 1, 0, 1, 0, 0, 1, 0, 1, 1, 0),
(69, NULL, 982, 1466, 0.670, 0, 0, 1, 0, 0, 1, 0, 1, 0, 1),
(70, NULL, 917, 1113, 0.820, 0, 1, 0, 0, 0, 0, 1, 1, 0, 1),
(71, NULL, 82, 1349, 0.060, 0, 1, 0, 0, 0, 0, 0, 1, 1, 1),
(72, NULL, 718, 1270, 0.570, 0, 0, 1, 1, 0, 0, 1, 1, 0, 0),
(73, NULL, 777, 1424, 0.550, 1, 0, 1, 1, 0, 1, 0, 1, 1, 1),
(74, NULL, 126, 1091, 0.120, 1, 0, 0, 1, 0, 0, 1, 0, 1, 1),
(75, NULL, 793, 985, 0.810, 1, 0, 0, 1, 1, 1, 1, 0, 0, 0),
(76, NULL, 613, 1678, 0.370, 0, 0, 0, 0, 1, 0, 0, 0, 0, 1),
(77, NULL, 1363, 1511, 0.900, 1, 0, 1, 1, 1, 1, 0, 0, 0, 0),
(78, NULL, 184, 801, 0.230, 1, 0, 1, 0, 0, 1, 1, 1, 1, 1),
(79, NULL, 732, 1533, 0.480, 0, 1, 1, 1, 0, 1, 1, 1, 1, 0),
(80, NULL, 152, 1811, 0.080, 0, 1, 0, 0, 1, 1, 1, 1, 0, 0),
(81, NULL, 744, 1505, 0.490, 0, 1, 0, 0, 0, 1, 1, 1, 1, 0),
(82, NULL, 917, 1519, 0.600, 0, 0, 0, 1, 1, 1, 0, 0, 0, 1),
(83, NULL, 575, 1637, 0.350, 1, 0, 0, 0, 1, 1, 1, 0, 1, 1),
(84, NULL, 705, 803, 0.880, 1, 0, 0, 0, 0, 1, 0, 1, 1, 0),
(85, 'tojka', 150, 1200, 0.200, 0, 0, 0, 0, 0, 0, 0, 0, 0, 0);

-- --------------------------------------------------------

--
-- Struktura tabulky `driver`
--

CREATE TABLE `driver` (
  `id` smallint(6) NOT NULL,
  `name` varchar(32) NOT NULL,
  `surname` varchar(32) NOT NULL,
  `city` varchar(32) DEFAULT NULL,
  `street` varchar(64) DEFAULT NULL,
  `postcode` varchar(16) DEFAULT NULL,
  `birth_date` date NOT NULL,
  `phone` varchar(16) NOT NULL,
  `email` varchar(32) NOT NULL,
  `number` varchar(16) NOT NULL,
  `web_user` varchar(64) NOT NULL,
  `web_password` varchar(255) NOT NULL,
  `racebox_id` tinyint(4) DEFAULT NULL
) ENGINE=InnoDB DEFAULT CHARSET=utf8mb4 COLLATE=utf8mb4_general_ci;

--
-- Vypisuji data pro tabulku `driver`
--

INSERT INTO `driver` (`id`, `name`, `surname`, `city`, `street`, `postcode`, `birth_date`, `phone`, `email`, `number`, `web_user`, `web_password`, `racebox_id`) VALUES
(3, 'Dominik', 'Vinš', 'Ústí nad Labem', 'Valtířov', '40002', '2000-01-01', '777654852', 'domik.mbvins@seznam.cz', '31', 'dominik', '$5$rounds=535000$pYIGZ04grbjE77K8$lXY15TZ/MrOCvb8PJ4Zm/32MeIjzjy9tQJwpCQUwmC0', NULL),
(5, 'Tomáš', 'Toman', 'Litoměřice', 'Alfonse Muchy 416/19', '41201', '2006-08-01', '725597675', 'tomastoman52@email.ct', '68', 'tomastoman', '$5$rounds=535000$ykN/3YWBmiVn39bG$NIkqp8JrBW31BfHxDE8kz5ptOmTh4AxsgjA0XZc0Y49', NULL),
(7, 'Jirka', 'Schovanec', 'Usti', 'sikma 2', '40340', '2000-01-01', '775164733', 'jiri@jiri.cz', '1', 'jirka', '$5$rounds=535000$McvE3qEImiTEAAxJ$LnhH0BESFSxM/vdqneggIPfHfZ4jWdeIyCJrCFme8n5', NULL),
(31, 'Test1', 'Test1', 'Ústí nad Labem', 'Valtířov', '40002', '2000-01-01', '777654852', 'domik.mbvins@seznam.cz', '80', 'test2', '$5$rounds=535000$j7iPFISL2lrMGI94$rfYiCupX2vVHKWtYsXeAsLZ3IdqWBWkt4VQlyg6ZKX3', NULL),
(129, 'Test3', 'Test3', 'Ústí nad Labem', 'Valtířov', '40002', '2000-01-01', '777654852', 'domik.mbvins3@seznam.cz', '83', 'test3', '$5$rounds=535000$6T8Xe0sIO2AcfEZV$gmkcEV747iv0GBUF/QR3h98sa5XHtd4RMFsqjdUvHt9', NULL),
(130, 'Test4', 'Test4', 'Ústí nad Labem', 'Valtířov', '40002', '2000-01-01', '777654852', 'domik.mbvins4@seznam.cz', '84', 'test4', '$5$rounds=535000$OmczMavSxJruMlQw$NRGgULIcaNordrush/59cR25.Y1WxgLWsqrp5BCzao2', NULL),
(131, 'Test5', 'Test5', 'Ústí nad Labem', 'Valtířov', '40002', '2000-01-01', '777654852', 'domik.mbvins5@seznam.cz', '85', 'test5', '$5$rounds=535000$V1xt/sB0Yeo6nIuq$U8.zbJlcx7DWEfOZCZGTppZlgz/xFi8wIpcb9nSp297', NULL),
(132, 'Test6', 'Test6', 'Ústí nad Labem', 'Valtířov', '40002', '2000-01-01', '777654852', 'domik.mbvins6@seznam.cz', '86', 'test6', '$5$rounds=535000$btnYQ9BqVuXKcD7A$6dMwqIITwNg7Q9/bGGgXHmTBheH5hrpFZ3NlFlcG01B', NULL),
(133, 'Test7', 'Test7', 'Ústí nad Labem', 'Valtířov', '40002', '2000-01-01', '777654852', 'domik.mbvins7@seznam.cz', '87', 'test7', '$5$rounds=535000$e/Tvg/Z.J7H08Agl$36zlvB1VrSMatdST4ovVESFh5qrkwRT4BrFxLVIwpLB', NULL),
(134, 'Test8', 'Test8', 'Ústí nad Labem', 'Valtířov', '40002', '2000-01-01', '777654852', 'domik.mbvins8@seznam.cz', '88', 'test8', '$5$rounds=535000$ise3P1nbxlo8UcJC$nLFQcsB5Rx3c2lBJGYLC04Agk2H/wGOB2XRAzOa.yWD', NULL),
(135, 'Test9', 'Test9', 'Ústí nad Labem', 'Valtířov', '40002', '2000-01-01', '777654852', 'domik.mbvins9@seznam.cz', '89', 'test9', '$5$rounds=535000$KGltdcKotuYUAND0$Y2XvbkS9Jhml4Jlj0TlAHJZ0oAasFbVKHivqkAzL6GC', NULL),
(136, 'Test10', 'Test10', 'Ústí nad Labem', 'Valtířov', '40002', '2000-01-01', '777654852', 'domik.mbvins10@seznam.cz', '90', 'test10', '$5$rounds=535000$.NoRptagkzx8GpQ7$ASdsujRqkNt9OLlP2oihb3WuDfSmkaTUucxDFKxUagD', NULL),
(137, 'Test11', 'Test11', 'Ústí nad Labem', 'Valtířov', '40002', '2000-01-01', '777654852', 'domik.mbvins11@seznam.cz', '91', 'test11', '$5$rounds=535000$.ScoNhbu9dyeAULU$SYpE3BTjjP6uepLyp1iXefyZ3gCNrLgBV9dHUVI8t29', NULL),
(138, 'Test12', 'Test12', 'Ústí nad Labem', 'Valtířov', '40002', '2000-01-01', '777654852', 'domik.mbvins12@seznam.cz', '92', 'test12', '$5$rounds=535000$tjg9FPINm5EnI1V4$I0Y6VrcfmDFti1A/YmrwTnlDI/JtmDnaSBsd8RyWfV.', NULL),
(139, 'Test13', 'Test13', 'Ústí nad Labem', 'Valtířov', '40002', '2000-01-01', '777654852', 'domik.mbvins13@seznam.cz', '93', 'test13', '$5$rounds=535000$duq0WWDMLT39abw.$1jwG42aLjiOUveXnnmSMVpKj1LM6k2FCE.nB9Z9sav6', NULL),
(140, 'Test14', 'Test14', 'Ústí nad Labem', 'Valtířov', '40002', '2000-01-01', '777654852', 'domik.mbvins14@seznam.cz', '94', 'test14', '$5$rounds=535000$ysaazwOFYsX1HPPA$drPwAeyZKJBI8SuM5B3xoF9QEzipg6x/JUSLZAEfbPA', NULL),
(141, 'Test15', 'Test15', 'Ústí nad Labem', 'Valtířov', '40002', '2000-01-01', '777654852', 'domik.mbvins15@seznam.cz', '95', 'test15', '$5$rounds=535000$wadsrRBGuKaSgmg6$u7D4aXBycQ7sPYpdQ2jxga6ukRegLrJa1SMSnZARA81', NULL),
(142, 'Test16', 'Test16', 'Ústí nad Labem', 'Valtířov', '40002', '2000-01-01', '777654852', 'domik.mbvins16@seznam.cz', '96', 'test16', '$5$rounds=535000$e3CQfVmwBgzLolze$LrZ1wlQfc10pZeY86mldPzcs5lWh3s/e783s4CNVpqB', NULL),
(143, 'Test17', 'Test17', 'Ústí nad Labem', 'Valtířov', '40002', '2000-01-01', '777654852', 'domik.mbvins17@seznam.cz', '97', 'test17', '$5$rounds=535000$eVtYciyKtKA5sd6u$vNw60Qg8U0vumLYLqAVgFhOB2v1OkU8c8sxQLeeRAEA', NULL),
(144, 'Test18', 'Test18', 'Ústí nad Labem', 'Valtířov', '40002', '2000-01-01', '777654852', 'domik.mbvins18@seznam.cz', '98', 'test18', '$5$rounds=535000$1rNRmqbqoLRi470Y$IndjFZ.98fN0vBPK3c9QhpTTkM.Va.vpf5qWzfg2D0B', NULL),
(145, 'Test19', 'Test19', 'Ústí nad Labem', 'Valtířov', '40002', '2000-01-01', '777654852', 'domik.mbvins19@seznam.cz', '99', 'test19', '$5$rounds=535000$JgEeKrOCi4q9jVWv$70rMMW.nEH4TnajvraM1L2M5NbHbo1ltXHkoMa9Uwc0', NULL),
(146, 'Test20', 'Test20', 'Ústí nad Labem', 'Valtířov', '40002', '2000-01-01', '777654852', 'domik.mbvins20@seznam.cz', '100', 'test20', '$5$rounds=535000$COM7O5SzSpqrHNX/$XiSqNxqdXR/Ff9u/yHSn2UGRI9iuE014vf1QtUTuBW9', NULL),
(147, 'Test21', 'Test21', 'Ústí nad Labem', 'Valtířov', '40002', '2000-01-01', '777654852', 'domik.mbvins21@seznam.cz', '101', 'test21', '$5$rounds=535000$8c06ub2R16HLb7U.$vGV.d1c.SlYBRjYL/nD6ggtSXb7pv.EqE53kSbW1mj.', NULL),
(148, 'Test22', 'Test22', 'Ústí nad Labem', 'Valtířov', '40002', '2000-01-01', '777654852', 'domik.mbvins22@seznam.cz', '102', 'test22', '$5$rounds=535000$wsY2Rn0GdYE2U2Vn$9O4sVOz./s0soWwpjMoqFAUmub63R0GXUuXmAG.DPw.', NULL),
(149, 'Test23', 'Test23', 'Ústí nad Labem', 'Valtířov', '40002', '2000-01-01', '777654852', 'domik.mbvins23@seznam.cz', '103', 'test23', '$5$rounds=535000$MDPL1L6EjipVZW.M$CutyT34Ntt8V0vgDeupvX0fjAjuiNBnNg2ThhiRweR.', NULL),
(150, 'Test24', 'Test24', 'Ústí nad Labem', 'Valtířov', '40002', '2000-01-01', '777654852', 'domik.mbvins24@seznam.cz', '104', 'test24', '$5$rounds=535000$yBZEhnTg.pvUwYJv$AmJ7U7bgQZg4L7qNzWVL.SNDpVdezwyZbL.rbfyWzV8', NULL),
(151, 'Test25', 'Test25', 'Ústí nad Labem', 'Valtířov', '40002', '2000-01-01', '777654852', 'domik.mbvins25@seznam.cz', '105', 'test25', '$5$rounds=535000$cBnXqZjK4Tg6koaw$5xyL9UtREsg0itHmp5Gev7J0AA8JrLz6qbXhpp7COm8', NULL),
(152, 'Test26', 'Test26', 'Ústí nad Labem', 'Valtířov', '40002', '2000-01-01', '777654852', 'domik.mbvins26@seznam.cz', '106', 'test26', '$5$rounds=535000$RZUgSOJTlMgefY6R$1mfS.rB4SE9v/Ds2ofd1Ydu8HmZpIDpr7agf4iNNdj3', NULL),
(153, 'Test27', 'Test27', 'Ústí nad Labem', 'Valtířov', '40002', '2000-01-01', '777654852', 'domik.mbvins27@seznam.cz', '107', 'test27', '$5$rounds=535000$7FSSP4iM3W1E2kws$MsfRzGHye3uIyzb2CADWXpUYlAvkSyRNMrE2bDKXlsC', NULL),
(154, 'Test28', 'Test28', 'Ústí nad Labem', 'Valtířov', '40002', '2000-01-01', '777654852', 'domik.mbvins28@seznam.cz', '108', 'test28', '$5$rounds=535000$7g5hQYn/4h1rAiRK$XGpnpQr3D6U4Rr2Erodms4atLnbVMlUDuvD4St.U6f2', NULL),
(155, 'Test29', 'Test29', 'Ústí nad Labem', 'Valtířov', '40002', '2000-01-01', '777654852', 'domik.mbvins29@seznam.cz', '109', 'test29', '$5$rounds=535000$qMFB1cHIf9wOzlha$VESmXlDO7htvDBN7XFnR5DaHrmqJBXBpZV5XhmW1PuD', NULL),
(156, 'Test30', 'Test30', 'Ústí nad Labem', 'Valtířov', '40002', '2000-01-01', '777654852', 'domik.mbvins30@seznam.cz', '110', 'test30', '$5$rounds=535000$JBDElzdSQ.oYg2QB$p.NgiF8Ms/ahZZWkd6.Kn5J8tPJchXZqGFkWTzFZJeC', NULL),
(158, 'Test2', 'Test2', 'Ústí nad Labem', 'Valtířov', '40002', '2000-01-01', '777654852', 'domik.mbvins@seznam.cz', '111', 'test31', '$5$rounds=535000$jdU4H9D2yHUrq4c.$Tav3CO8BhDcgDk3H.iI3qaIpTRV.7mM9WRXrwpVWVw0', NULL),
(160, 'Funguj', 'Funguj', 'Funguj', 'Funguj', '41201', '2006-08-01', '725597675', 'tomastoman52@email.cz', '555', 'Funguj', '$5$rounds=535000$CeMlx2XpEekpjWIU$uajV6Q/rvHC7nv5RaByO/QidZrXIgBmMZGbiYX9Rqp6', NULL),
(161, 'testuju reg', 'testuju reg', 'testuju reg', 'testuju reg', '41201', '2006-08-01', '725597675', 'tomastoman52@email.cz', '777', 'testujureg', '$5$rounds=535000$czTnoU5x/P5HaDpn$UA5V2Z3TsMQGugw.CiCE.nCCXTEilD6LBRYSwUBqaA7', NULL),
(162, 'Martin', 'Nosek', 'Velké Březno', 'Valtířov 69', '40002', '2005-03-18', '789456123', 'martinnosek@seznam.cz', '35', 'martin', '$5$rounds=535000$Wa6uaS4vn0k4ijF7$AeZFk3SJLGRdD.vQc1qouRyjSM6IgnLPOI2hd7ymUw4', NULL),
(221, 'Charlie', 'Johnson', 'New York', 'Second Street', '70000', '2000-01-01', '777654852', 'charlie.johnson1@gmail.com', '112', 'charlie1', '$5$rounds=535000$DE/LSqkVP8/0x/0k$QxCZqKS78jdFIK7WSvpry9WmVT2T1vhgjmz190HPvkB', NULL),
(222, 'Ben', 'Cook', 'Indianapolis', 'Mulberry Street', '40000', '2000-01-01', '777654852', 'ben.cook2@gmail.com', '113', 'ben2', '$5$rounds=535000$vHEG8gdyBlrt7ger$tF3aCuPq03s9je8sfastWocuC.QIlRBNZB4ItlIjA48', NULL),
(223, 'Alan', 'Wake', 'Los Angels', 'Main Street', '70000', '2000-01-01', '777654852', 'alan.wake3@gmail.com', '114', 'alan3', '$5$rounds=535000$J7V3gA1jIklu.toB$FvMqVhlzpeqzAsYUqlQPa9juCtbCczfgr1nYx8psaQ3', NULL),
(224, 'Zack', 'Wood', 'Cleveland', 'Spruce Street', '12000', '2000-01-01', '777654852', 'zack.wood4@gmail.com', '115', 'zack4', '$5$rounds=535000$NYkkMBWrJt4r/0MS$XgFDl37pFeaKM0lphRJ7x1ByuX3FhhICZtpPrY0SXAA', NULL),
(225, 'Liam', 'Scott', 'Boston', 'Elm Street', '10000', '2000-01-01', '777654852', 'liam.scott5@gmail.com', '116', 'liam5', '$5$rounds=535000$1KdBkqhYuv.25SQU$l00cQj/CHZJkIWzGRQeud0dQ6dJB/Cwx7mY5PVAuI38', NULL),
(226, 'Sam', 'Walker', 'Philadelphia', 'Birch Street', '12000', '2000-01-01', '777654852', 'sam.walker0@gmail.com', '200', 'sam0', '$5$rounds=535000$BN/CxZA8wBxI8eAf$iUzrNd5WfGKvCSQ453Yu4HQfFHkAQvxCg0s7X71blsA', NULL),
(227, 'Olivia', 'Baker', 'Portland', 'Maple Street', '10000', '2000-01-01', '777654852', 'olivia.baker1@gmail.com', '201', 'olivia1', '$5$rounds=535000$xj5Vompt269mmzQ3$.PQ18Whc7soOv2..mR7WG1zUAvsrW88nnT6Sptg.al8', NULL),
(228, 'Olivia', 'Reed', 'Boise', 'Olive Street', '50000', '2000-01-01', '777654852', 'olivia.reed2@gmail.com', '202', 'olivia2', '$5$rounds=535000$v3s1y05gMCD2WArC$h4kz/ZtbDtMMg.89pzVDvznoaEpe8qqPKlP9f4JFtS3', NULL),
(229, 'Charlie', 'Johnson', 'New York', 'Second Street', '90000', '2000-01-01', '777654852', 'charlie.johnson3@gmail.com', '203', 'charlie3', '$5$rounds=535000$1GtTBbBGy0o4DWL6$x4ji5RA7AFx9VGSV2.6vUlyMsDrJaNvX7FFJFVh06/0', NULL),
(230, 'Nathan', 'Diaz', 'Sacramento', 'Noble Street', '10000', '2000-01-01', '777654852', 'nathan.diaz4@gmail.com', '204', 'nathan4', '$5$rounds=535000$Rnjn3rmgkEUWG0He$cK.qRZA.ozfm/eRfur8FMz4SNvizxt8NT84BhBz95RD', NULL),
(231, 'Molly', 'Evans', 'Tucson', 'Magnolia Street', '60000', '2000-01-01', '777654852', 'molly.evans5@gmail.com', '205', 'molly5', '$5$rounds=535000$7ILhEgmJqWzhwUwM$kKBTtJBfciQ9sidedjvpylVBTr0Q.XMsIwWyKTfLrp0', NULL),
(232, 'David', 'Brown', 'Chicago', 'Third Street', '10000', '2000-01-01', '777654852', 'david.brown6@gmail.com', '206', 'david6', '$5$rounds=535000$UKYu0v1M91p6Rk7i$Jee25C4r4zgAfIpwT63N6Wwvm.3BYjtII16VYYKO6u5', NULL),
(233, 'Olivia', 'Reed', 'Boise', 'Olive Street', '70000', '2000-01-01', '777654852', 'olivia.reed7@gmail.com', '207', 'olivia7', '$5$rounds=535000$FDnYbALKZ6JWt5Le$yFK6exlYGit2lRXPdCC/bCIzIdNmrGstPCuxN3KUeC2', NULL),
(234, 'Paul', 'Foster', 'Fargo', 'Palm Street', '20000', '2000-01-01', '777654852', 'paul.foster8@gmail.com', '208', 'paul8', '$5$rounds=535000$Jl7c5EbvlUdhr890$ILBi3EzZ8NZnaiG5RjzQjJgtbN9RMLRAMVFYGLjj9RB', NULL),
(235, 'Zack', 'Wood', 'Cleveland', 'Spruce Street', '70000', '2000-01-01', '777654852', 'zack.wood9@gmail.com', '209', 'zack9', '$5$rounds=535000$cPlkn4cvkcyJBBdX$YgpFrPM.5068bK8yzhu0qqfU1ihV3hSVgYk2zeQv23.', NULL),
(236, 'Cathy', 'Cooper', 'Milwaukee', 'Acacia Street', '30000', '2000-01-01', '777654852', 'cathy.cooper10@gmail.com', '210', 'cathy10', '$5$rounds=535000$ePSbxnnWZQ2l5vff$E9piLtQpQOShDA3sbe1/bV3dlQRZZ1U9QaSEpPJlslA', NULL),
(237, 'Charlie', 'Johnson', 'New York', 'Second Street', '30000', '2000-01-01', '777654852', 'charlie.johnson11@gmail.com', '211', 'charlie11', '$5$rounds=535000$ohlNLW2p0Nh4JZz9$k/znCyFTZByfECP9L/ap96R15QzM4uxThOAgh337LI8', NULL),
(238, 'Quinn', 'Wright', 'Washington', 'Walnut Street', '90000', '2000-01-01', '777654852', 'quinn.wright12@gmail.com', '212', 'quinn12', '$5$rounds=535000$2tRADyp7x.l3qpxH$gOkcRTljbd4/z6DBMG782tRqJ1.l/kvNmf./08UJfo5', NULL),
(239, 'David', 'Brown', 'Chicago', 'Third Street', '80000', '2000-01-01', '777654852', 'david.brown13@gmail.com', '213', 'david13', '$5$rounds=535000$D4MNoJH50T6E2wgv$NGrNxgF7Wl1HNlokpduVR0nVSjnGkydWS1GYcrI7Mp2', NULL),
(240, 'Bob', 'Smith', 'Honolulu', 'First Street', '50000', '2000-01-01', '777654852', 'bob.smith14@gmail.com', '214', 'bob14', '$5$rounds=535000$8MRmKejYrlaEk.1P$tFZ/aXq/xFAle7xeagaA77LBfCMQvEnMudwto5YIeF1', NULL),
(241, 'George', 'Harris', 'Seattle', 'Sixth Street', '80000', '2000-01-01', '777654852', 'george.harris15@gmail.com', '215', 'george15', '$5$rounds=535000$Fxml9Tyrrf7qOiSA$KofanbijZ6yhHS244iGTa4dvucxZeyzTEm5Oh8D6Bq6', NULL),
(242, 'Bob', 'Smith', 'Honolulu', 'First Street', '10000', '2000-01-01', '777654852', 'bob.smith16@gmail.com', '216', 'bob16', '$5$rounds=535000$sO42kDyt0ZKB/cXO$E2As7amkpcraMHPg84XzgIDiQdAWPgTc/Cuwi0Yzw.C', NULL),
(243, 'Bob', 'Smith', 'Honolulu', 'First Street', '40000', '2000-01-01', '777654852', 'bob.smith17@gmail.com', '217', 'bob17', '$5$rounds=535000$jsum1j36vKEZ/96b$pI6TvacrqsxTwRzFcJ0RpPdkyaM0JlkL4V17QlEf4n2', NULL),
(244, 'Molly', 'Evans', 'Tucson', 'Magnolia Street', '10000', '2000-01-01', '777654852', 'molly.evans18@gmail.com', '218', 'molly18', '$5$rounds=535000$KDnx4lJvLwePHyCS$r23xh6gVrrDfYuFwOtObqlKZiKLcqXTYgfIBFgILQYB', NULL),
(245, 'Cathy', 'Cooper', 'Milwaukee', 'Acacia Street', '40000', '2000-01-01', '777654852', 'cathy.cooper19@gmail.com', '219', 'cathy19', '$5$rounds=535000$6B.cwctuS5b0XeqK$.LHj4rJTDGjUIyLCa.ZDHePPbLsV33URW2cweIb0633', NULL),
(246, 'Tina', 'Hall', 'Atlanta', 'Ash Street', '60000', '2000-01-01', '777654852', 'tina.hall20@gmail.com', '220', 'tina20', '$5$rounds=535000$lP7Mmcj/CJ19p/PE$2hp9Vf2Z.PsO1H2DxVp6nS1rC/TDuZMQvzJTlcGsC50', NULL),
(247, 'Katie', 'Hill', 'San Francisco', 'Tenth Street', '80000', '2000-01-01', '777654852', 'katie.hill21@gmail.com', '221', 'katie21', '$5$rounds=535000$6yNo6hJ6z3uc7FgI$DmLda5AaXYaCz/TzaEqD163JapF7GAYX1E9qQ0mBoL5', NULL),
(248, 'Peter', 'King', 'San Diego', 'Cedar Street', '90000', '2000-01-01', '777654852', 'peter.king22@gmail.com', '222', 'peter22', '$5$rounds=535000$QEph1YXU5Pvi37dr$XK2H9i/QuVGqDxMGLyTgzr00EleUvybUf0i.3TAQw./', NULL),
(249, 'Wendy', 'Harrison', 'St. Louis', 'Poplar Street', '30000', '2000-01-01', '777654852', 'wendy.harrison23@gmail.com', '223', 'wendy23', '$5$rounds=535000$B7ZVS3JD7ITvnp4A$a3Yu4qtqdpfq9ZbZCJedqVSg2c1ZUKCID6nsinTdNg.', NULL),
(250, 'George', 'Harris', 'Seattle', 'Sixth Street', '30000', '2000-01-01', '777654852', 'george.harris24@gmail.com', '224', 'george24', '$5$rounds=535000$5relsQga6dwuGAmF$hAfNYOewBSUyE/E3ecioR4.Go1ddfAZzHIaC/3yreCD', NULL),
(251, 'Charlie', 'Johnson', 'New York', 'Second Street', '90000', '2000-01-01', '777654852', 'charlie.johnson25@gmail.com', '225', 'charlie25', '$5$rounds=535000$kSlsf22GxgBYArpS$ZrApMGntw6xw40IK4cnqUlmpMRvlEIkosY7AQGUHRFB', NULL),
(252, 'Nathan', 'Adams', 'Orlando', 'Pine Street', '30000', '2000-01-01', '777654852', 'nathan.adams26@gmail.com', '226', 'nathan26', '$5$rounds=535000$KwMlP2hChzMZg2Bx$tfRwJmARaBR8D.5tX5izK9TMxRbPm/HriTJq.1qkP10', NULL),
(253, 'Liam', 'Scott', 'Boston', 'Elm Street', '60000', '2000-01-01', '777654852', 'liam.scott27@gmail.com', '227', 'liam27', '$5$rounds=535000$sOy3jOeesiyeHRo7$g4PLUm.b6zEcLWQpqOtYWeD9HEVaAd7nchcxDXpYNV8', NULL),
(254, 'David', 'Brown', 'Chicago', 'Third Street', '40000', '2000-01-01', '777654852', 'david.brown28@gmail.com', '228', 'david28', '$5$rounds=535000$2hy0gNDb3SvTuzoA$VTbq16SsIR/RKsaDFVzbODGyORDMszBXJ/mxF55UNb6', NULL),
(255, 'Yvonne', 'Bennett', 'Pittsburgh', 'Cypress Street', '20000', '2000-01-01', '777654852', 'yvonne.bennett29@gmail.com', '229', 'yvonne29', '$5$rounds=535000$JXu.Vt3oRficimHG$KXgGp8moKFSYlmdNlv54LINDVQ2fTf6z0eigl7MpNSB', NULL),
(256, 'Alan', 'Wake', 'Los Angels', 'Main Street', '40000', '2000-01-01', '777654852', 'alan.wake30@gmail.com', '230', 'alan30', '$5$rounds=535000$JD5PcxkoDSKt.P3l$/zutbSscvvsPZ1wm.vTVNqrtkwoZw6sBGmkd9Tsrn48', NULL),
(257, 'Isabel', 'Cooper', 'Austin', 'Holly Street', '70000', '2000-01-01', '777654852', 'isabel.cooper31@gmail.com', '231', 'isabel31', '$5$rounds=535000$VrqqYIRXNJ3oe8HH$.GI4W5FtWuRYX0ZWeQ.506BEu4/EkQFrZpLc6rvk8B6', NULL),
(258, 'Xander', 'Morris', 'Tampa', 'Sycamore Street', '10000', '2000-01-01', '777654852', 'xander.morris32@gmail.com', '232', 'xander32', '$5$rounds=535000$OWXd1CSCLFaYjlC/$i18mMassw7XzpojyN2WzyZb2Pd4zxKmT1AwtzcJwatD', NULL),
(259, 'Fiona', 'Anderson', 'Dallas', 'Fifth Street', '90000', '2000-01-01', '777654852', 'fiona.anderson33@gmail.com', '233', 'fiona33', '$5$rounds=535000$.96Iy9mGDs9Xeezh$wt7wd.oj4.FJTmy9R63QYOZc/paLelZZ.SAqCtyD7t3', NULL),
(260, 'Frank', 'Murphy', 'Nashville', 'Dogwood Street', '30000', '2000-01-01', '777654852', 'frank.murphy34@gmail.com', '234', 'frank34', '$5$rounds=535000$/y5czbH8Izp7xL8f$KofDNJ9D8pezy/S2GEtW9a0J6WXw/C3DgA70o6iMoU.', NULL),
(261, 'Paul', 'Foster', 'Fargo', 'Palm Street', '20000', '2000-01-01', '777654852', 'paul.foster35@gmail.com', '235', 'paul35', '$5$rounds=535000$wnR6pc/5hR48aSgX$IIIBDWHSHEZnXMxiY909X6R.FfXsglJOK2EjuZz/U35', NULL),
(262, 'Henry', 'Rivera', 'Raleigh', 'Grove Street', '40000', '2000-01-01', '777654852', 'henry.rivera36@gmail.com', '236', 'henry36', '$5$rounds=535000$5L8Hbf6klOHHuknt$Tl518eWcq8LfuMpyPW3xWReDfNJdeynozBpph/kusd/', NULL),
(263, 'Henry', 'Rivera', 'Raleigh', 'Grove Street', '10000', '2000-01-01', '777654852', 'henry.rivera37@gmail.com', '237', 'henry37', '$5$rounds=535000$SqJyz/gsDOQN4NaD$zsCAzHziELAUh5NLcyXkif5evetwdHPMx38hvvngs67', NULL),
(264, 'Rachel', 'Lee', 'Houston', 'Willow Street', '20000', '2000-01-01', '777654852', 'rachel.lee38@gmail.com', '238', 'rachel38', '$5$rounds=535000$IIxtuUPXMmWz2sAw$s/m/r8oX4o.47srk5jHy63N87rKpmC4MTOZW4Z4Bti1', NULL),
(265, 'Dylan', 'Morgan', 'Kansas City', 'Beech Street', '70000', '2000-01-01', '777654852', 'dylan.morgan39@gmail.com', '239', 'dylan39', '$5$rounds=535000$qDWt08JiIMW9H9iz$WKlZjoLqWY/XATSUQ4O4XGorVBsD/VVX5hZ/JeEnZX3', NULL);

-- --------------------------------------------------------

--
-- Struktura tabulky `event`
--

CREATE TABLE `event` (
  `id` smallint(6) NOT NULL,
  `name` varchar(64) NOT NULL,
  `number_of_laps` tinyint(4) DEFAULT NULL,
  `date` date NOT NULL,
  `location` varchar(128) NOT NULL,
  `start_coordinates` varchar(128) NOT NULL,
  `end_coordinates` varchar(128) NOT NULL,
  `image` varchar(64) DEFAULT NULL,
  `delete_hash` varchar(255) DEFAULT NULL,
  `event_phase_id` tinyint(4) NOT NULL,
  `series_id` tinyint(4) NOT NULL
) ENGINE=InnoDB DEFAULT CHARSET=utf8mb4 COLLATE=utf8mb4_general_ci;

--
-- Vypisuji data pro tabulku `event`
--

INSERT INTO `event` (`id`, `name`, `number_of_laps`, `date`, `location`, `start_coordinates`, `end_coordinates`, `image`, `delete_hash`, `event_phase_id`, `series_id`) VALUES
(6, 'Autodrom Sosnová', 2, '2024-08-23', 'Sosnová', '50.65864331189756,14.54045355319977;50.658446069997815,14.5404052734375', '50.65864331189756,14.54045355319977;50.658446069997815,14.5404052734375', NULL, NULL, 2, 5),
(19, 'Generace průjezdu', 5, '2025-09-01', 'Null Island', '0', '0', NULL, NULL, 3, 3),
(20, 'Testovací okruh', 3, '2025-09-01', 'Valtířov, Velké Březno', '50.6745111,14.1264219;50.6745194,14.1265103', '50.6745111,14.1264219;50.6745194,14.1265103', NULL, NULL, 1, 3),
(21, 'Testovací okruh - Závod', 3, '2025-09-01', 'Valtířov, Velké Březno', '50.6745111,14.1264219;50.6745194,14.1265103', '50.6745111,14.1264219;50.6745194,14.1265103', NULL, NULL, 3, 3),
(22, 'prosim funguj (druhej pokus)', 3, '2025-01-12', 'prosim funguj (druhej pokus)', '50.07498957323004,14.423684553443458;50.07487940350127,14.440506208803832', '50.067277080898286,14.4250577497994;50.0668363295864,14.44342425106022', NULL, NULL, 2, 4),
(23, 'Ford Island', 7, '2024-01-15', 'Ford Island, Honolulu, Hawai, USA', '21.36503976068952,-157.95806170695155;21.364899879174857,-157.95793296684974', '21.36503976068952,-157.95806170695155;21.364899879174857,-157.95793296684974', NULL, NULL, 5, 3),
(24, 'BM sprint series - Most', 6, '2025-04-18', 'Autodrom Most', '50.51964135892839,13.60778510644663;50.51892168091075,13.60759734983861', '50.51964135892839,13.60778510644663;50.51892168091075,13.60759734983861', NULL, NULL, 2, 9);

--
-- Triggery `event`
--
DELIMITER $$
CREATE TRIGGER `after_event_phase_id_update` AFTER UPDATE ON `event` FOR EACH ROW BEGIN
    -- Zkontrolujeme, zda došlo ke změně event_phase_id
    IF OLD.event_phase_id <> NEW.event_phase_id THEN
        -- Zavoláme uloženou proceduru
        CALL CreateActiveEventPhaseResult(OLD.id, 				OLD.event_phase_id);
    END IF;
END
$$
DELIMITER ;
DELIMITER $$
CREATE TRIGGER `before_delete_event` BEFORE DELETE ON `event` FOR EACH ROW BEGIN
    -- Volání procedury pro smazání všech souvisejících záznamů
    CALL DeleteEvent(OLD.id);
END
$$
DELIMITER ;

-- --------------------------------------------------------

--
-- Struktura tabulky `event_lap`
--

CREATE TABLE `event_lap` (
  `id` smallint(6) NOT NULL,
  `event_registration_id` smallint(6) NOT NULL,
  `laptime` varchar(12) NOT NULL,
  `event_phase_id` tinyint(4) NOT NULL
) ENGINE=InnoDB DEFAULT CHARSET=utf8mb4 COLLATE=utf8mb4_general_ci;

--
-- Vypisuji data pro tabulku `event_lap`
--

INSERT INTO `event_lap` (`id`, `event_registration_id`, `laptime`, `event_phase_id`) VALUES
(5, 4, '00:01:26.552', 1),
(6, 4, '00:01:25.273', 1),
(7, 4, '00:01:27.603', 1),
(8, 4, '00:01:26.928', 3),
(9, 4, '00:01:24.147', 3),
(184, 29, '00:01:30.000', 1),
(185, 39, '00:01:30.733', 1),
(186, 42, '00:01:33.919', 1),
(187, 32, '00:02:05.591', 1),
(188, 33, '00:02:05.083', 1),
(189, 50, '00:01:54.298', 1),
(190, 45, '00:02:05.000', 1),
(191, 56, '00:02:03.995', 1),
(192, 40, '00:01:48.293', 1),
(193, 30, '00:01:47.293', 1),
(194, 32, '00:01:59.685', 1),
(195, 31, '00:01:48.762', 1),
(196, 54, '00:01:31.977', 1),
(197, 39, '00:01:45.819', 1),
(198, 55, '00:01:59.532', 1),
(199, 32, '00:01:44.459', 1),
(200, 56, '00:01:30.189', 1),
(201, 54, '00:01:56.189', 1),
(202, 33, '00:01:52.963', 1),
(203, 30, '00:01:52.927', 1),
(204, 42, '00:01:51.636', 1),
(205, 54, '00:02:05.032', 1),
(206, 39, '00:01:57.077', 1),
(207, 49, '00:02:05.475', 1),
(208, 39, '00:01:41.276', 1),
(209, 31, '00:01:44.690', 1),
(210, 50, '00:02:02.174', 1),
(211, 36, '00:01:53.081', 1),
(212, 36, '00:01:49.601', 1),
(213, 48, '00:02:10.724', 1),
(214, 57, '00:01:45.704', 1),
(215, 53, '00:02:08.922', 1),
(216, 43, '00:02:06.272', 1),
(217, 30, '00:01:59.116', 1),
(218, 33, '00:01:37.891', 1),
(219, 53, '00:02:02.312', 1),
(220, 37, '00:01:49.933', 1),
(221, 35, '00:01:55.823', 1),
(222, 43, '00:01:40.225', 1),
(223, 44, '00:01:33.526', 1),
(224, 57, '00:01:58.252', 1),
(225, 56, '00:01:42.421', 1),
(226, 29, '00:01:53.480', 1),
(227, 57, '00:01:48.022', 1),
(228, 40, '00:01:40.318', 1),
(229, 39, '00:01:43.116', 1),
(230, 36, '00:01:45.308', 1),
(231, 46, '00:02:01.321', 1),
(232, 45, '00:02:05.374', 1),
(233, 33, '00:01:44.960', 1),
(234, 57, '00:01:58.227', 1),
(235, 56, '00:01:35.782', 1),
(236, 57, '00:01:47.985', 1),
(237, 50, '00:01:42.933', 1),
(238, 37, '00:02:09.085', 1),
(239, 38, '00:01:32.787', 1),
(240, 36, '00:01:31.169', 1),
(241, 57, '00:01:32.303', 1),
(242, 44, '00:01:40.264', 1),
(243, 44, '00:01:40.217', 1),
(244, 38, '00:01:55.897', 1),
(245, 39, '00:01:31.185', 1),
(246, 31, '00:01:54.437', 1),
(247, 50, '00:01:44.221', 1),
(248, 56, '00:01:49.197', 1),
(249, 57, '00:01:54.665', 1),
(250, 39, '00:01:30.276', 1),
(251, 38, '00:01:35.411', 1),
(252, 53, '00:01:37.637', 1),
(253, 31, '00:02:08.403', 1),
(254, 31, '00:01:55.635', 1),
(255, 31, '00:01:50.449', 1),
(256, 30, '00:02:07.002', 1),
(257, 30, '00:01:39.120', 1),
(258, 50, '00:01:36.468', 1),
(259, 35, '00:01:45.987', 1),
(260, 34, '00:02:10.552', 1),
(261, 33, '00:01:35.437', 1),
(262, 42, '00:01:47.515', 1),
(263, 56, '00:01:59.007', 1),
(264, 46, '00:01:54.676', 1),
(265, 50, '00:01:44.908', 1),
(266, 50, '00:01:57.629', 1),
(267, 29, '00:02:09.301', 1),
(268, 33, '00:01:31.946', 1),
(269, 47, '00:01:54.033', 1),
(270, 48, '00:02:08.434', 1),
(271, 36, '00:02:04.687', 1),
(272, 32, '00:02:10.135', 1),
(273, 48, '00:02:05.663', 1),
(274, 58, '00:02:09.033', 1),
(275, 55, '00:02:03.886', 1),
(276, 49, '00:01:31.827', 1),
(277, 57, '00:02:08.567', 1),
(278, 35, '00:01:36.884', 1),
(279, 42, '00:01:41.864', 1),
(280, 55, '00:02:09.425', 1),
(281, 45, '00:01:32.534', 1),
(282, 31, '00:01:33.600', 1),
(283, 31, '00:01:36.374', 1),
(284, 58, '00:01:46.536', 1),
(285, 54, '00:01:33.461', 1),
(286, 38, '00:02:05.650', 1),
(287, 50, '00:01:38.101', 1),
(288, 54, '00:01:46.787', 1),
(289, 50, '00:01:39.287', 1),
(290, 57, '00:02:10.127', 1),
(291, 32, '00:02:02.878', 1),
(292, 47, '00:01:45.544', 1),
(293, 35, '00:01:57.357', 1),
(294, 47, '00:01:48.957', 1),
(295, 51, '00:01:54.651', 1),
(296, 54, '00:01:40.264', 1),
(297, 54, '00:01:36.662', 1),
(298, 45, '00:01:30.329', 1),
(299, 53, '00:01:45.704', 1),
(300, 54, '00:02:00.212', 1),
(301, 34, '00:01:54.556', 1),
(302, 32, '00:02:01.454', 1),
(303, 52, '00:02:10.981', 1),
(304, 43, '00:01:49.577', 1),
(305, 49, '00:02:07.177', 1),
(306, 41, '00:01:41.116', 1),
(307, 53, '00:02:09.481', 1),
(308, 37, '00:01:49.939', 1),
(309, 58, '00:01:38.679', 1),
(310, 41, '00:01:56.047', 1),
(311, 50, '00:02:03.574', 1),
(312, 37, '00:01:31.459', 1),
(313, 49, '00:01:38.903', 1),
(314, 37, '00:01:34.345', 1),
(315, 58, '00:01:47.430', 1),
(316, 52, '00:01:59.168', 1),
(317, 38, '00:01:59.765', 1),
(318, 39, '00:01:41.917', 1),
(319, 52, '00:02:02.485', 1),
(320, 48, '00:01:53.277', 1),
(321, 38, '00:01:36.422', 1),
(322, 45, '00:01:45.448', 1),
(323, 45, '00:01:50.877', 1),
(324, 33, '00:01:30.816', 1),
(325, 44, '00:01:31.020', 1),
(326, 51, '00:01:48.780', 1),
(327, 33, '00:02:08.243', 1),
(328, 54, '00:01:45.135', 1),
(329, 33, '00:01:30.369', 1),
(330, 46, '00:02:07.361', 1),
(331, 54, '00:01:47.939', 1),
(332, 47, '00:01:33.145', 1),
(333, 47, '00:02:08.692', 1),
(334, 30, '00:02:10.305', 1),
(335, 49, '00:02:03.465', 1),
(336, 51, '00:01:36.187', 1),
(337, 33, '00:01:47.793', 1),
(338, 31, '00:01:33.473', 1),
(339, 36, '00:01:38.054', 1),
(340, 53, '00:01:38.690', 1),
(341, 35, '00:01:48.656', 1),
(342, 54, '00:01:54.368', 1),
(343, 29, '00:01:50.706', 1),
(344, 46, '00:01:43.603', 1),
(345, 45, '00:01:37.690', 1),
(346, 46, '00:01:32.490', 1),
(347, 49, '00:01:58.293', 1),
(348, 32, '00:01:30.595', 1),
(349, 45, '00:02:05.830', 1),
(350, 58, '00:02:05.374', 1),
(351, 43, '00:01:36.083', 1),
(352, 57, '00:02:00.707', 1),
(353, 54, '00:01:36.829', 1),
(354, 55, '00:01:52.757', 1),
(355, 54, '00:02:10.242', 1),
(356, 49, '00:02:08.250', 1),
(357, 57, '00:02:08.619', 1),
(358, 31, '00:01:51.378', 1),
(359, 46, '00:02:00.769', 1),
(360, 57, '00:01:54.837', 1),
(361, 38, '00:02:08.193', 1),
(362, 33, '00:01:43.307', 1),
(363, 55, '00:01:59.386', 1),
(364, 58, '00:01:52.189', 1),
(365, 39, '00:01:31.940', 1),
(366, 35, '00:01:35.820', 1),
(367, 48, '00:02:04.135', 1),
(368, 29, '00:01:59.149', 1),
(369, 36, '00:01:30.900', 1),
(370, 43, '00:01:37.821', 1),
(371, 36, '00:01:34.634', 1),
(372, 48, '00:01:57.351', 1),
(373, 53, '00:01:52.880', 1),
(374, 53, '00:01:30.237', 1),
(375, 32, '00:02:09.510', 1),
(376, 42, '00:01:47.018', 1),
(377, 39, '00:02:05.980', 1),
(378, 57, '00:01:41.393', 1),
(379, 42, '00:01:30.188', 1),
(380, 44, '00:01:49.086', 1),
(381, 43, '00:01:35.632', 1),
(382, 57, '00:01:55.557', 1),
(383, 58, '00:01:39.732', 1),
(384, 55, '00:01:52.122', 1),
(385, 58, '00:01:32.024', 1),
(386, 51, '00:02:07.041', 1),
(387, 41, '00:01:45.444', 1),
(388, 58, '00:01:49.999', 1),
(389, 31, '00:01:42.076', 1),
(390, 46, '00:01:37.138', 1),
(391, 38, '00:01:48.192', 1),
(392, 48, '00:01:48.724', 1),
(393, 34, '00:01:49.713', 1),
(394, 55, '00:01:43.171', 1),
(395, 40, '00:01:43.945', 1),
(396, 38, '00:02:02.979', 1),
(397, 33, '00:02:03.014', 1),
(398, 53, '00:01:49.842', 1),
(399, 53, '00:02:02.584', 1),
(400, 53, '00:02:09.217', 1),
(401, 57, '00:02:06.062', 1),
(402, 41, '00:02:01.483', 1),
(403, 58, '00:02:09.950', 1),
(404, 44, '00:02:03.470', 1),
(405, 31, '00:02:10.466', 1),
(406, 57, '00:01:49.555', 1),
(407, 47, '00:01:59.300', 1),
(408, 36, '00:01:52.998', 1),
(409, 51, '00:01:48.615', 1),
(410, 31, '00:01:33.761', 1),
(411, 34, '00:01:51.459', 1),
(412, 51, '00:01:33.143', 1),
(413, 38, '00:01:41.239', 1),
(414, 36, '00:01:55.720', 1),
(415, 36, '00:02:02.165', 1),
(416, 53, '00:01:52.385', 1),
(417, 50, '00:01:59.951', 1),
(418, 33, '00:01:31.014', 1),
(419, 44, '00:01:31.769', 1),
(420, 32, '00:01:34.030', 1),
(421, 41, '00:02:06.620', 1),
(422, 36, '00:01:41.501', 1),
(423, 32, '00:01:36.148', 1),
(424, 52, '00:01:52.041', 1),
(425, 32, '00:01:52.659', 1),
(426, 57, '00:01:42.133', 1),
(427, 35, '00:01:49.961', 1),
(428, 29, '00:01:54.326', 1),
(429, 41, '00:01:36.775', 1),
(430, 47, '00:01:46.452', 1),
(431, 51, '00:01:32.807', 1),
(432, 35, '00:01:54.340', 1),
(433, 49, '00:02:07.832', 1),
(434, 39, '00:01:40.753', 1),
(435, 42, '00:02:09.466', 1),
(436, 42, '00:02:07.590', 1),
(437, 37, '00:01:53.661', 1),
(438, 51, '00:01:40.302', 1),
(439, 33, '00:01:43.962', 1),
(440, 54, '00:01:35.725', 1),
(441, 53, '00:02:06.521', 1),
(442, 41, '00:01:50.704', 1),
(443, 38, '00:01:31.509', 1),
(444, 49, '00:01:42.250', 1),
(445, 51, '00:02:09.949', 1),
(446, 56, '00:01:55.189', 1),
(447, 40, '00:02:03.147', 1),
(448, 39, '00:01:58.514', 1),
(449, 48, '00:01:44.641', 1),
(450, 53, '00:01:45.040', 1),
(451, 34, '00:01:35.877', 1),
(452, 33, '00:01:48.339', 1),
(453, 49, '00:01:46.147', 1),
(454, 29, '00:02:05.447', 1),
(455, 29, '00:02:05.889', 1),
(456, 46, '00:02:07.855', 1),
(457, 54, '00:01:53.448', 1),
(458, 35, '00:02:02.884', 1),
(459, 39, '00:01:51.727', 1),
(460, 48, '00:02:10.003', 1),
(461, 57, '00:01:43.864', 1),
(462, 49, '00:01:43.802', 1),
(463, 42, '00:01:56.101', 1),
(464, 37, '00:01:36.207', 1),
(465, 58, '00:01:54.212', 1),
(466, 38, '00:02:06.961', 1),
(467, 57, '00:01:59.855', 1),
(468, 51, '00:01:39.694', 1),
(469, 52, '00:01:58.422', 1),
(470, 39, '00:01:51.393', 1),
(471, 38, '00:01:40.846', 1),
(472, 44, '00:02:02.905', 1),
(473, 29, '00:02:02.130', 1),
(474, 43, '00:01:44.481', 1),
(475, 52, '00:01:30.666', 1),
(476, 29, '00:02:08.103', 1),
(477, 51, '00:01:57.054', 1),
(478, 48, '00:01:55.459', 1),
(479, 30, '00:01:32.005', 1),
(480, 46, '00:02:10.737', 1),
(481, 40, '00:01:40.352', 1),
(482, 42, '00:01:31.047', 1),
(483, 56, '00:02:08.030', 1),
(484, 54, '00:01:33.737', 1),
(485, 30, '00:02:03.211', 1),
(486, 47, '00:01:36.832', 1),
(487, 48, '00:01:37.508', 1),
(488, 53, '00:01:44.724', 1),
(489, 37, '00:02:06.165', 1),
(490, 46, '00:01:37.945', 1),
(491, 43, '00:01:48.513', 1),
(492, 41, '00:01:51.216', 1),
(493, 35, '00:01:45.028', 1),
(494, 44, '00:01:31.876', 1),
(495, 42, '00:02:02.658', 1),
(496, 34, '00:01:41.434', 1),
(497, 41, '00:02:07.119', 1),
(498, 43, '00:01:31.146', 1),
(499, 35, '00:02:04.573', 1),
(500, 38, '00:02:01.464', 1),
(501, 52, '00:02:01.317', 1),
(502, 41, '00:01:59.272', 1),
(503, 36, '00:01:40.278', 1),
(504, 33, '00:01:45.991', 1),
(505, 54, '00:01:50.533', 1),
(506, 45, '00:01:40.647', 1),
(507, 30, '00:01:50.516', 1),
(508, 31, '00:01:40.187', 1),
(509, 40, '00:01:43.318', 1),
(510, 35, '00:02:06.991', 1),
(511, 33, '00:02:03.200', 1),
(512, 44, '00:02:01.015', 1),
(513, 49, '00:02:01.014', 1),
(514, 43, '00:01:33.059', 1),
(515, 58, '00:01:51.941', 1),
(516, 34, '00:02:02.976', 1),
(517, 37, '00:01:48.921', 1),
(518, 43, '00:01:46.854', 1),
(519, 36, '00:01:49.919', 1),
(520, 55, '00:01:43.595', 1),
(521, 49, '00:01:31.466', 1),
(522, 39, '00:01:58.507', 1),
(523, 48, '00:01:58.788', 1),
(524, 50, '00:01:49.581', 1),
(525, 35, '00:02:05.769', 1),
(526, 49, '00:01:37.279', 1),
(527, 52, '00:01:54.237', 1),
(528, 38, '00:02:06.677', 1),
(529, 30, '00:02:10.246', 1),
(530, 39, '00:02:00.439', 1),
(531, 39, '00:02:03.566', 1),
(532, 49, '00:01:58.787', 1),
(533, 49, '00:02:02.344', 1),
(534, 58, '00:01:40.426', 1),
(535, 31, '00:01:32.963', 1),
(536, 31, '00:01:49.383', 1),
(537, 33, '00:01:57.847', 1),
(538, 47, '00:02:02.014', 1),
(539, 41, '00:01:36.063', 1),
(540, 29, '00:01:30.812', 1),
(541, 31, '00:01:57.040', 1),
(542, 51, '00:01:42.468', 1),
(543, 45, '00:01:54.662', 1),
(544, 52, '00:01:31.538', 1),
(545, 56, '00:02:01.235', 1),
(546, 36, '00:01:39.457', 1),
(547, 38, '00:01:49.574', 1),
(548, 41, '00:01:51.192', 1),
(549, 51, '00:01:46.159', 1),
(550, 40, '00:01:58.123', 1),
(551, 48, '00:01:34.866', 1),
(552, 36, '00:01:34.287', 1),
(553, 34, '00:01:52.778', 1),
(554, 39, '00:01:51.486', 1),
(555, 35, '00:01:55.547', 1),
(556, 31, '00:02:09.881', 1),
(557, 48, '00:01:37.386', 1),
(558, 42, '00:01:35.939', 1),
(559, 32, '00:01:33.091', 1),
(560, 39, '00:01:35.586', 1),
(561, 57, '00:01:50.257', 1),
(562, 39, '00:02:00.612', 1),
(563, 51, '00:01:31.703', 1),
(564, 38, '00:01:59.638', 1),
(565, 49, '00:01:54.187', 1),
(566, 48, '00:01:49.971', 1),
(567, 31, '00:02:07.545', 1),
(568, 33, '00:01:59.467', 1),
(569, 54, '00:01:37.568', 1),
(570, 56, '00:01:48.286', 1),
(571, 42, '00:01:52.391', 1),
(572, 49, '00:02:07.334', 1),
(573, 57, '00:01:37.646', 1),
(574, 50, '00:02:02.909', 1),
(575, 43, '00:02:06.027', 1),
(576, 40, '00:01:43.768', 1),
(577, 57, '00:01:33.235', 1),
(578, 34, '00:01:41.047', 1),
(579, 55, '00:01:36.406', 1),
(580, 39, '00:02:07.137', 1),
(581, 46, '00:01:49.296', 1),
(582, 53, '00:02:00.187', 1),
(583, 38, '00:02:04.328', 1),
(584, 34, '00:01:44.162', 1),
(585, 37, '00:02:06.113', 1),
(586, 53, '00:02:05.588', 1),
(587, 39, '00:01:45.676', 1),
(588, 35, '00:01:51.517', 1),
(589, 30, '00:01:53.346', 1),
(590, 46, '00:01:31.102', 1),
(591, 53, '00:01:51.499', 1),
(592, 29, '00:01:46.592', 1),
(593, 40, '00:01:55.528', 1),
(594, 51, '00:01:59.560', 1),
(595, 35, '00:01:56.538', 1),
(596, 30, '00:01:53.500', 1),
(597, 33, '00:01:47.317', 1),
(598, 37, '00:02:00.829', 1),
(599, 47, '00:01:49.126', 1),
(600, 45, '00:01:31.715', 1),
(601, 50, '00:02:05.965', 1),
(602, 31, '00:02:06.930', 1),
(603, 33, '00:01:40.667', 1),
(604, 52, '00:01:45.328', 1),
(605, 31, '00:01:41.371', 1),
(606, 39, '00:01:57.056', 1),
(607, 29, '00:02:03.649', 1),
(608, 40, '00:01:32.051', 1),
(609, 54, '00:02:06.869', 1),
(610, 49, '00:02:10.465', 1),
(611, 55, '00:01:36.822', 1),
(612, 35, '00:01:54.854', 1),
(613, 38, '00:01:39.744', 1),
(614, 40, '00:01:30.340', 1),
(615, 40, '00:01:54.097', 1),
(616, 47, '00:01:37.097', 1),
(617, 55, '00:01:32.152', 1),
(618, 42, '00:01:55.316', 1),
(619, 34, '00:01:48.278', 1),
(620, 43, '00:01:50.159', 1),
(621, 46, '00:01:39.870', 1),
(622, 50, '00:01:34.126', 1),
(623, 35, '00:02:03.557', 1),
(624, 51, '00:01:42.575', 1),
(625, 58, '00:01:55.494', 1),
(626, 33, '00:01:44.019', 1),
(627, 46, '00:01:44.580', 1),
(628, 30, '00:01:36.855', 1),
(629, 37, '00:02:03.299', 1),
(630, 49, '00:01:35.718', 1),
(631, 46, '00:01:34.427', 1),
(632, 51, '00:01:46.411', 1),
(633, 32, '00:01:40.030', 1),
(634, 32, '00:02:10.911', 1),
(635, 41, '00:01:36.996', 1),
(636, 39, '00:02:02.454', 1),
(637, 31, '00:02:07.508', 1),
(638, 37, '00:01:31.042', 1),
(639, 57, '00:01:36.816', 1),
(640, 53, '00:02:07.811', 1),
(641, 38, '00:02:10.872', 1),
(642, 39, '00:02:06.173', 1),
(643, 53, '00:01:37.632', 1),
(644, 52, '00:01:55.022', 1),
(645, 58, '00:01:36.749', 1),
(646, 41, '00:02:03.722', 1),
(647, 55, '00:02:08.690', 1),
(648, 43, '00:02:04.531', 1),
(649, 46, '00:01:45.247', 1),
(650, 37, '00:02:06.340', 1),
(651, 43, '00:01:37.773', 1),
(652, 35, '00:01:42.721', 1),
(653, 31, '00:02:05.357', 1),
(654, 33, '00:01:37.791', 1),
(655, 32, '00:01:44.397', 1),
(656, 31, '00:01:50.062', 1),
(657, 38, '00:01:45.959', 1),
(658, 58, '00:01:37.891', 1),
(659, 53, '00:01:47.741', 1),
(660, 44, '00:02:03.974', 1),
(661, 40, '00:02:10.591', 1),
(662, 57, '00:02:09.168', 1),
(663, 38, '00:01:38.565', 1),
(664, 29, '00:01:44.274', 1),
(665, 41, '00:02:07.663', 1),
(666, 36, '00:02:04.110', 1),
(667, 50, '00:01:33.159', 1),
(668, 44, '00:01:51.106', 1),
(669, 44, '00:01:42.558', 1),
(670, 35, '00:02:05.715', 1),
(671, 49, '00:02:08.482', 1),
(672, 47, '00:01:31.567', 1),
(673, 54, '00:01:38.870', 1),
(674, 50, '00:01:42.656', 1),
(675, 37, '00:02:04.707', 1),
(676, 31, '00:01:57.743', 1),
(677, 43, '00:01:31.525', 1),
(678, 39, '00:01:55.700', 1),
(679, 58, '00:01:37.687', 1),
(680, 44, '00:01:46.273', 1),
(681, 39, '00:01:44.773', 1),
(682, 39, '00:01:36.606', 1),
(683, 35, '00:02:01.664', 1),
(684, 38, '00:02:07.007', 1),
(685, 57, '00:01:30.961', 1),
(686, 42, '00:02:03.964', 1),
(687, 58, '00:01:45.636', 1),
(688, 55, '00:01:47.223', 1),
(689, 58, '00:01:58.380', 1),
(690, 42, '00:01:56.256', 1),
(691, 46, '00:01:55.796', 1),
(692, 43, '00:02:10.728', 1),
(693, 35, '00:01:43.281', 1),
(694, 50, '00:01:50.096', 1),
(695, 42, '00:02:00.525', 1),
(696, 33, '00:01:50.671', 1),
(697, 42, '00:01:35.718', 1),
(698, 39, '00:01:56.567', 1),
(699, 44, '00:01:44.962', 1),
(700, 54, '00:01:41.793', 1),
(701, 48, '00:01:37.900', 1),
(702, 29, '00:01:50.187', 1),
(703, 38, '00:02:09.085', 1),
(704, 53, '00:01:56.799', 1),
(705, 57, '00:01:45.342', 1),
(706, 55, '00:01:34.402', 1),
(707, 39, '00:01:41.186', 1),
(708, 34, '00:01:56.561', 1),
(709, 37, '00:01:59.704', 1),
(710, 52, '00:02:06.469', 1),
(711, 55, '00:01:40.659', 1),
(712, 36, '00:01:56.232', 1),
(713, 42, '00:02:05.791', 1),
(714, 45, '00:02:07.525', 1),
(715, 56, '00:01:34.444', 1),
(716, 47, '00:02:09.567', 1),
(717, 58, '00:01:46.635', 1),
(718, 40, '00:01:43.457', 1),
(719, 37, '00:01:39.904', 1),
(720, 43, '00:01:46.409', 1),
(721, 41, '00:01:54.281', 1),
(722, 33, '00:01:52.402', 1),
(723, 29, '00:01:38.209', 1),
(724, 41, '00:01:57.642', 1),
(725, 35, '00:01:38.055', 1),
(726, 47, '00:01:53.418', 1),
(727, 30, '00:02:05.410', 1),
(728, 46, '00:01:46.853', 1),
(729, 33, '00:02:01.697', 1),
(730, 32, '00:01:41.421', 1),
(731, 40, '00:02:01.845', 1),
(732, 45, '00:01:52.742', 1),
(733, 42, '00:02:03.658', 1),
(734, 30, '00:01:43.321', 1),
(735, 42, '00:02:07.613', 1),
(736, 58, '00:01:50.882', 1),
(737, 38, '00:01:48.025', 1),
(738, 54, '00:01:38.130', 1),
(739, 42, '00:02:04.815', 1),
(740, 38, '00:01:57.000', 1),
(741, 54, '00:02:09.064', 1),
(742, 47, '00:01:44.904', 1),
(743, 49, '00:02:02.322', 1),
(744, 29, '00:02:01.483', 1),
(745, 34, '00:02:07.758', 1),
(746, 41, '00:01:53.673', 1),
(747, 53, '00:02:06.120', 1),
(748, 38, '00:01:33.848', 1),
(749, 40, '00:01:47.934', 1),
(750, 42, '00:01:46.778', 1),
(751, 58, '00:01:40.930', 1),
(752, 53, '00:01:51.061', 1),
(753, 41, '00:01:43.990', 1),
(754, 33, '00:01:52.111', 1),
(755, 37, '00:01:57.042', 1),
(756, 53, '00:01:58.749', 1),
(757, 31, '00:01:59.797', 1),
(758, 32, '00:01:47.382', 1),
(759, 32, '00:01:39.481', 1),
(760, 31, '00:01:53.164', 1),
(761, 56, '00:01:54.902', 1),
(762, 36, '00:01:56.408', 1),
(763, 46, '00:01:54.934', 1),
(764, 58, '00:01:31.417', 1),
(765, 42, '00:01:40.847', 1),
(766, 48, '00:02:06.193', 1),
(767, 47, '00:01:33.031', 1),
(768, 42, '00:02:09.556', 1),
(769, 43, '00:01:58.936', 1),
(770, 42, '00:01:31.268', 1),
(771, 52, '00:01:54.836', 1),
(772, 52, '00:01:47.264', 1),
(773, 52, '00:01:58.593', 1),
(774, 51, '00:01:37.651', 1),
(775, 54, '00:01:54.047', 1),
(776, 54, '00:02:02.401', 1),
(777, 40, '00:01:45.737', 1),
(778, 37, '00:01:49.567', 1),
(779, 38, '00:01:38.739', 1),
(780, 35, '00:02:02.581', 1),
(781, 52, '00:01:44.453', 1),
(782, 53, '00:02:08.971', 1),
(783, 48, '00:01:51.954', 1),
(784, 30, '00:01:35.029', 1),
(785, 38, '00:01:48.433', 1),
(786, 32, '00:01:34.361', 1),
(787, 46, '00:01:38.576', 1),
(788, 38, '00:01:41.841', 1),
(789, 55, '00:01:40.623', 1),
(790, 52, '00:01:44.904', 1),
(791, 30, '00:01:55.843', 1),
(792, 51, '00:01:37.362', 1),
(793, 53, '00:01:57.020', 1),
(794, 54, '00:02:03.584', 1),
(795, 53, '00:02:01.401', 1),
(796, 57, '00:01:58.951', 1),
(797, 44, '00:01:47.734', 1),
(798, 34, '00:02:09.762', 1),
(799, 53, '00:01:50.431', 1),
(800, 41, '00:01:30.145', 1),
(801, 31, '00:01:53.700', 1),
(802, 43, '00:01:32.420', 1),
(803, 52, '00:01:40.516', 1),
(804, 53, '00:01:53.893', 1),
(805, 47, '00:01:36.717', 1),
(806, 52, '00:01:32.250', 1),
(807, 43, '00:02:05.374', 1),
(808, 50, '00:01:48.387', 1),
(809, 35, '00:01:59.771', 1),
(810, 44, '00:01:51.283', 1),
(811, 43, '00:01:30.998', 1),
(812, 42, '00:02:08.037', 1),
(813, 32, '00:01:55.403', 1),
(814, 31, '00:01:42.698', 1),
(815, 36, '00:01:44.570', 1),
(816, 57, '00:01:42.931', 1),
(817, 31, '00:01:59.256', 1),
(818, 43, '00:01:50.626', 1),
(819, 40, '00:02:03.151', 1),
(820, 48, '00:01:44.248', 1),
(821, 49, '00:02:00.262', 1),
(822, 54, '00:02:07.939', 1),
(823, 44, '00:02:07.899', 1),
(824, 48, '00:02:02.388', 1),
(825, 55, '00:01:39.107', 1),
(826, 42, '00:01:35.170', 1),
(827, 45, '00:01:34.602', 1),
(828, 58, '00:01:33.176', 1),
(829, 44, '00:01:37.424', 1),
(830, 49, '00:01:45.749', 1),
(831, 37, '00:01:57.488', 1),
(832, 35, '00:01:53.388', 1),
(833, 58, '00:01:51.599', 1),
(834, 56, '00:01:50.703', 1),
(835, 57, '00:02:10.050', 1),
(836, 47, '00:01:56.004', 1),
(837, 57, '00:01:48.458', 1),
(838, 49, '00:01:34.221', 1),
(839, 43, '00:01:41.382', 1),
(840, 45, '00:01:43.187', 1),
(841, 33, '00:01:36.891', 1),
(842, 36, '00:01:50.634', 1),
(843, 34, '00:01:51.739', 1),
(844, 44, '00:02:07.052', 1),
(845, 33, '00:01:30.343', 1),
(846, 54, '00:02:08.615', 1),
(847, 29, '00:02:09.819', 1),
(848, 29, '00:01:56.441', 1),
(849, 34, '00:01:47.295', 1),
(850, 33, '00:02:08.430', 1),
(851, 44, '00:01:58.151', 1),
(852, 37, '00:01:45.143', 1),
(853, 49, '00:02:04.414', 1),
(854, 54, '00:01:56.495', 1),
(855, 56, '00:01:44.199', 1),
(856, 54, '00:02:04.963', 1),
(857, 41, '00:01:50.687', 1),
(858, 49, '00:02:08.796', 1),
(859, 36, '00:01:57.772', 1),
(860, 58, '00:01:30.961', 1),
(861, 44, '00:01:38.681', 1),
(862, 51, '00:02:06.260', 1),
(863, 32, '00:01:37.884', 1),
(864, 49, '00:01:36.999', 1),
(865, 49, '00:01:35.086', 1),
(866, 35, '00:01:49.370', 1),
(867, 56, '00:01:49.145', 1),
(868, 58, '00:01:36.005', 1),
(869, 41, '00:02:09.453', 1),
(870, 34, '00:01:40.067', 1),
(871, 42, '00:02:01.091', 1),
(872, 56, '00:01:33.829', 1),
(873, 47, '00:02:02.916', 1),
(874, 37, '00:01:51.351', 1),
(875, 49, '00:01:38.997', 1),
(876, 42, '00:01:57.996', 1),
(877, 48, '00:01:36.507', 1),
(878, 51, '00:01:45.627', 1),
(879, 30, '00:01:54.417', 1),
(880, 47, '00:01:41.590', 1),
(881, 52, '00:02:05.899', 1),
(882, 44, '00:02:01.554', 1),
(883, 37, '00:01:58.241', 1),
(884, 56, '00:01:36.919', 1),
(885, 41, '00:01:44.464', 1),
(886, 35, '00:01:58.441', 1),
(887, 44, '00:01:58.763', 1),
(888, 30, '00:02:08.715', 1),
(889, 47, '00:01:39.925', 1),
(890, 41, '00:01:54.629', 1),
(891, 29, '00:01:41.880', 1),
(892, 45, '00:01:36.824', 1),
(893, 56, '00:01:54.091', 1),
(894, 52, '00:01:46.982', 1),
(895, 43, '00:01:55.041', 1),
(896, 47, '00:01:51.288', 1),
(897, 41, '00:01:52.646', 1),
(898, 37, '00:02:09.838', 1),
(899, 44, '00:01:42.575', 1),
(900, 56, '00:01:57.180', 1),
(901, 47, '00:01:39.871', 1),
(902, 29, '00:01:48.882', 1),
(903, 45, '00:01:38.589', 1),
(904, 52, '00:01:54.455', 1),
(905, 47, '00:01:34.116', 1),
(906, 51, '00:01:41.048', 1),
(907, 55, '00:01:39.630', 1),
(908, 40, '00:01:47.756', 1),
(909, 55, '00:01:37.998', 1),
(910, 37, '00:02:00.292', 1),
(911, 47, '00:01:44.805', 1),
(912, 43, '00:02:04.372', 1),
(913, 44, '00:01:41.670', 1),
(914, 46, '00:01:36.777', 1),
(915, 30, '00:01:34.281', 1),
(916, 43, '00:02:04.126', 1),
(917, 55, '00:02:09.061', 1),
(918, 36, '00:01:39.166', 1),
(919, 46, '00:02:06.228', 1),
(920, 56, '00:02:00.440', 1),
(921, 47, '00:01:49.371', 1),
(922, 40, '00:01:41.814', 1),
(923, 45, '00:01:35.231', 1),
(924, 29, '00:02:05.536', 1),
(925, 47, '00:01:44.022', 1),
(926, 32, '00:02:05.670', 1),
(927, 45, '00:01:46.056', 1),
(928, 50, '00:01:46.986', 1),
(929, 48, '00:01:33.400', 1),
(930, 48, '00:01:31.004', 1),
(931, 32, '00:01:33.272', 1),
(932, 48, '00:01:52.020', 1),
(933, 46, '00:01:49.234', 1),
(934, 58, '00:02:09.091', 1),
(935, 56, '00:02:01.885', 1),
(936, 55, '00:01:47.659', 1),
(937, 56, '00:01:40.952', 1),
(938, 41, '00:01:48.666', 1),
(939, 32, '00:01:42.064', 1),
(940, 48, '00:01:40.549', 1),
(941, 48, '00:02:00.902', 1),
(942, 34, '00:02:04.909', 1),
(943, 56, '00:01:31.860', 1),
(944, 37, '00:01:39.911', 1),
(945, 29, '00:01:59.393', 1),
(946, 48, '00:02:02.009', 1),
(947, 30, '00:01:59.799', 1),
(948, 55, '00:02:00.968', 1),
(949, 36, '00:01:56.109', 1),
(950, 50, '00:01:52.015', 1),
(951, 50, '00:01:57.126', 1),
(952, 32, '00:01:33.312', 1),
(953, 30, '00:02:06.773', 1),
(954, 51, '00:01:56.394', 1),
(955, 58, '00:01:32.650', 1),
(956, 47, '00:02:07.347', 1),
(957, 43, '00:01:57.054', 1),
(958, 34, '00:01:58.402', 1),
(959, 44, '00:01:56.319', 1),
(960, 40, '00:01:43.774', 1),
(961, 55, '00:01:41.522', 1),
(962, 34, '00:01:34.370', 1),
(963, 36, '00:01:46.058', 1),
(964, 48, '00:01:49.239', 1),
(965, 30, '00:01:49.727', 1),
(966, 47, '00:01:46.835', 1),
(967, 48, '00:02:10.667', 1),
(968, 58, '00:01:46.690', 1),
(969, 30, '00:01:46.695', 1),
(970, 46, '00:01:34.422', 1),
(971, 45, '00:02:05.740', 1),
(972, 47, '00:01:53.709', 1),
(973, 55, '00:01:50.437', 1),
(974, 30, '00:01:43.744', 1),
(975, 52, '00:01:31.024', 1),
(976, 35, '00:01:51.356', 1),
(977, 51, '00:02:04.084', 1),
(978, 35, '00:01:58.965', 1),
(979, 45, '00:01:35.076', 1),
(980, 56, '00:02:00.828', 1),
(981, 40, '00:02:07.691', 1),
(982, 51, '00:01:41.795', 1),
(983, 46, '00:02:08.651', 1),
(984, 36, '00:02:09.864', 1),
(985, 55, '00:01:49.830', 1),
(986, 46, '00:02:02.643', 1),
(987, 55, '00:01:44.543', 1),
(988, 50, '00:01:36.276', 1),
(989, 29, '00:01:37.655', 1),
(990, 34, '00:02:04.186', 1),
(991, 51, '00:02:07.674', 1),
(992, 36, '00:01:59.731', 1),
(993, 36, '00:01:40.365', 1),
(994, 36, '00:02:01.021', 1),
(995, 44, '00:02:10.475', 1),
(996, 34, '00:02:06.284', 1),
(997, 40, '00:01:49.343', 1),
(998, 34, '00:01:54.112', 1),
(999, 29, '00:01:52.950', 1),
(1000, 52, '00:02:10.440', 1),
(1001, 30, '00:01:42.304', 1),
(1002, 40, '00:01:40.309', 1),
(1003, 43, '00:01:52.894', 1),
(1004, 34, '00:01:59.539', 1),
(1005, 34, '00:01:59.866', 1),
(1006, 48, '00:01:45.484', 1),
(1007, 29, '00:01:55.284', 1),
(1008, 45, '00:01:30.830', 1),
(1009, 43, '00:01:54.504', 1),
(1010, 52, '00:02:03.999', 1),
(1011, 50, '00:01:47.536', 1),
(1012, 46, '00:02:01.924', 1),
(1013, 32, '00:01:59.823', 1),
(1014, 30, '00:01:55.674', 1),
(1015, 55, '00:02:04.066', 1),
(1016, 36, '00:02:10.231', 1),
(1017, 29, '00:02:09.414', 1),
(1018, 56, '00:01:47.809', 1),
(1019, 40, '00:01:52.989', 1),
(1020, 29, '00:01:56.761', 1),
(1021, 29, '00:01:48.784', 1),
(1022, 50, '00:02:05.717', 1),
(1023, 56, '00:02:07.048', 1),
(1024, 40, '00:02:06.902', 1),
(1025, 45, '00:01:34.816', 1),
(1026, 32, '00:01:46.936', 1),
(1027, 30, '00:01:55.013', 1),
(1028, 45, '00:01:39.709', 1),
(1029, 34, '00:01:45.161', 1),
(1030, 40, '00:02:09.757', 1),
(1031, 51, '00:01:59.541', 1),
(1032, 56, '00:01:59.657', 1),
(1033, 45, '00:02:03.646', 1),
(1034, 50, '00:02:01.287', 1),
(1035, 52, '00:02:08.776', 1),
(1036, 32, '00:01:53.042', 1),
(1037, 51, '00:02:07.188', 1),
(1038, 52, '00:01:32.608', 1),
(1039, 30, '00:02:02.100', 1),
(1040, 37, '00:01:34.452', 1),
(1041, 44, '00:02:08.326', 1),
(1042, 45, '00:02:00.540', 1),
(1043, 50, '00:02:10.585', 1),
(1044, 32, '00:01:48.349', 1),
(1045, 41, '00:01:35.343', 1),
(1046, 29, '00:01:58.803', 1),
(1047, 30, '00:02:02.131', 1),
(1048, 51, '00:01:45.406', 1),
(1049, 34, '00:01:49.100', 1),
(1050, 29, '00:01:47.600', 1),
(1051, 46, '00:01:51.707', 1),
(1052, 45, '00:02:10.924', 1),
(1053, 55, '00:01:49.789', 1),
(1054, 52, '00:01:36.956', 1),
(1055, 40, '00:01:57.516', 1),
(1056, 56, '00:01:30.022', 1),
(1057, 55, '00:01:43.994', 1),
(1058, 40, '00:02:03.598', 1),
(1059, 46, '00:01:42.697', 1),
(1060, 50, '00:01:55.836', 1),
(1061, 44, '00:02:08.761', 1),
(1062, 34, '00:01:31.149', 1),
(1063, 37, '00:01:43.604', 1),
(1064, 56, '00:02:01.250', 1),
(1065, 45, '00:01:51.430', 1),
(1066, 52, '00:01:59.981', 1),
(1067, 34, '00:01:58.667', 1),
(1068, 56, '00:01:48.874', 1),
(1069, 46, '00:01:44.937', 1),
(1070, 40, '00:01:50.315', 1),
(1071, 32, '00:01:34.845', 1),
(1072, 45, '00:01:49.497', 1),
(1073, 50, '00:01:37.589', 1),
(1074, 34, '00:01:37.313', 1),
(1075, 55, '00:01:37.929', 1),
(1076, 41, '00:01:46.674', 1),
(1077, 52, '00:01:39.301', 1),
(1078, 41, '00:02:06.317', 1),
(1079, 50, '00:01:36.504', 1),
(1080, 51, '00:02:10.230', 1),
(1081, 41, '00:01:58.293', 1),
(1082, 37, '00:01:46.081', 1),
(1083, 45, '00:02:07.538', 1),
(1084, 37, '00:02:09.999', 1),
(1085, 59, '00:00:05.025', 1),
(1086, 59, '00:00:16.942', 1),
(1087, 59, '00:00:08.475', 1),
(1088, 59, '00:00:08.777', 1),
(1089, 59, '00:00:05.847', 1),
(1090, 59, '00:00:05.022', 1),
(1091, 59, '00:00:06.227', 1),
(1092, 59, '00:00:03.046', 1),
(1093, 59, '00:00:01.126', 1),
(1094, 59, '00:00:00.849', 1),
(1095, 59, '00:00:00.166', 1),
(1096, 59, '00:00:00.970', 1),
(1097, 60, '00:00:06.976', 3),
(1098, 60, '00:00:07.423', 3),
(1099, 60, '00:00:06.750', 3),
(1100, 59, '00:00:05.018', 1),
(1101, 59, '00:00:05.031', 1),
(1102, 59, '00:00:09.751', 1),
(1103, 59, '00:00:05.013', 1),
(1104, 59, '00:00:05.019', 1),
(1105, 59, '00:00:05.028', 1),
(1106, 59, '00:00:05.010', 1),
(1107, 59, '00:00:05.023', 1),
(1108, 59, '00:00:05.023', 1),
(1109, 59, '00:00:05.024', 1),
(1110, 59, '00:01:04.907', 1),
(1111, 59, '00:00:01.728', 1),
(1112, 59, '00:01:02.106', 1),
(1113, 59, '00:00:01.803', 1),
(1114, 59, '00:00:02.185', 1),
(1115, 59, '00:01:21.913', 1),
(1116, 43, '00:02:10.670', 2),
(1117, 54, '00:01:56.706', 2),
(1118, 34, '00:01:50.686', 2),
(1119, 57, '00:02:08.160', 2),
(1120, 45, '00:01:33.190', 2),
(1121, 52, '00:01:53.293', 2),
(1122, 44, '00:01:39.811', 2),
(1123, 35, '00:01:46.542', 2),
(1124, 54, '00:01:44.498', 2),
(1125, 43, '00:02:08.607', 2),
(1126, 54, '00:02:04.371', 2),
(1127, 40, '00:01:34.493', 2),
(1128, 50, '00:01:59.904', 2),
(1129, 36, '00:01:59.536', 2),
(1130, 29, '00:01:56.470', 2),
(1131, 57, '00:02:10.244', 2),
(1132, 40, '00:02:08.641', 2),
(1133, 29, '00:01:55.342', 2),
(1134, 52, '00:02:05.131', 2),
(1135, 56, '00:01:54.991', 2),
(1136, 33, '00:01:39.375', 2),
(1137, 36, '00:02:03.526', 2),
(1138, 32, '00:01:35.177', 2),
(1139, 56, '00:01:45.247', 2),
(1140, 48, '00:01:55.264', 2),
(1141, 41, '00:01:40.000', 2),
(1142, 54, '00:02:10.845', 2),
(1143, 32, '00:01:40.563', 2),
(1144, 34, '00:01:57.010', 2),
(1145, 48, '00:01:57.952', 2),
(1146, 38, '00:02:08.318', 2),
(1147, 47, '00:01:35.868', 2),
(1148, 39, '00:01:43.467', 2),
(1149, 48, '00:01:40.567', 2),
(1150, 37, '00:01:51.259', 2),
(1151, 54, '00:01:40.283', 2),
(1152, 47, '00:02:00.667', 2),
(1153, 58, '00:01:46.275', 2),
(1154, 47, '00:01:51.775', 2),
(1155, 30, '00:01:56.128', 2),
(1156, 55, '00:01:58.579', 2),
(1157, 40, '00:01:59.459', 2),
(1158, 29, '00:01:35.061', 2),
(1159, 56, '00:01:40.982', 2),
(1160, 43, '00:01:43.862', 2),
(1161, 43, '00:01:32.299', 2),
(1162, 37, '00:01:41.947', 2),
(1163, 30, '00:01:58.824', 2),
(1164, 53, '00:02:05.214', 2),
(1165, 39, '00:01:52.121', 2),
(1166, 33, '00:02:06.986', 2),
(1167, 58, '00:01:32.981', 2),
(1168, 43, '00:01:33.576', 2),
(1169, 33, '00:01:53.241', 2),
(1170, 50, '00:02:08.541', 2),
(1171, 47, '00:01:46.271', 2),
(1172, 58, '00:01:45.160', 2),
(1173, 32, '00:01:45.797', 2),
(1174, 58, '00:01:41.436', 2),
(1175, 32, '00:01:43.789', 2),
(1176, 51, '00:01:30.201', 2),
(1177, 35, '00:02:04.931', 2),
(1178, 43, '00:01:49.897', 2),
(1179, 36, '00:01:33.793', 2),
(1180, 29, '00:01:44.675', 2),
(1181, 41, '00:01:39.219', 2),
(1182, 33, '00:01:52.167', 2),
(1183, 57, '00:01:57.223', 2),
(1184, 32, '00:01:41.245', 2),
(1185, 48, '00:01:43.737', 2),
(1186, 40, '00:02:00.592', 2),
(1187, 45, '00:01:30.307', 2),
(1188, 33, '00:02:08.416', 2),
(1189, 48, '00:01:55.610', 2),
(1190, 30, '00:02:06.563', 2),
(1191, 50, '00:02:07.799', 2),
(1192, 38, '00:01:56.732', 2),
(1193, 29, '00:01:42.342', 2),
(1194, 46, '00:01:35.998', 2),
(1195, 45, '00:02:08.047', 2),
(1196, 29, '00:01:44.074', 2),
(1197, 45, '00:01:43.751', 2),
(1198, 53, '00:01:52.818', 2),
(1199, 33, '00:01:43.785', 2),
(1200, 45, '00:01:32.563', 2),
(1201, 40, '00:02:08.301', 2),
(1202, 58, '00:01:33.287', 2),
(1203, 44, '00:01:32.436', 2),
(1204, 36, '00:01:50.576', 2),
(1205, 49, '00:01:52.457', 2),
(1206, 33, '00:02:08.007', 2),
(1207, 36, '00:01:37.781', 2),
(1208, 41, '00:01:34.696', 2),
(1209, 53, '00:01:44.562', 2),
(1210, 39, '00:01:33.406', 2),
(1211, 40, '00:01:56.600', 2),
(1212, 47, '00:01:35.826', 2),
(1213, 38, '00:01:49.466', 2),
(1214, 31, '00:01:36.988', 2),
(1215, 51, '00:01:41.793', 2),
(1216, 45, '00:01:40.021', 2),
(1217, 31, '00:02:01.171', 2),
(1218, 45, '00:02:07.108', 2),
(1219, 52, '00:01:48.563', 2),
(1220, 43, '00:01:56.947', 2),
(1221, 31, '00:01:40.685', 2),
(1222, 34, '00:01:30.670', 2),
(1223, 37, '00:02:03.737', 2),
(1224, 40, '00:02:05.861', 2),
(1225, 42, '00:01:45.416', 2),
(1226, 33, '00:01:59.137', 2),
(1227, 45, '00:01:35.421', 2),
(1228, 37, '00:01:46.287', 2),
(1229, 56, '00:02:10.146', 2),
(1230, 49, '00:01:43.434', 2),
(1231, 30, '00:02:02.526', 2),
(1232, 53, '00:01:40.472', 2),
(1233, 58, '00:01:41.735', 2),
(1234, 29, '00:02:05.508', 2),
(1235, 50, '00:01:58.006', 2),
(1236, 55, '00:02:08.641', 2),
(1237, 48, '00:01:57.192', 2),
(1238, 30, '00:01:34.009', 2),
(1239, 49, '00:02:02.622', 2),
(1240, 55, '00:02:00.703', 2),
(1241, 42, '00:01:59.538', 2),
(1242, 51, '00:01:31.074', 2),
(1243, 31, '00:01:43.928', 2),
(1244, 50, '00:01:47.675', 2),
(1245, 37, '00:01:58.153', 2),
(1246, 49, '00:02:06.793', 2),
(1247, 30, '00:01:44.595', 2),
(1248, 46, '00:01:52.853', 2),
(1249, 55, '00:02:03.609', 2),
(1250, 38, '00:02:04.911', 2),
(1251, 39, '00:01:40.300', 2),
(1252, 48, '00:01:49.048', 2),
(1253, 42, '00:01:32.490', 2),
(1254, 51, '00:01:45.964', 2),
(1255, 58, '00:01:44.387', 2),
(1256, 55, '00:01:47.345', 2),
(1257, 47, '00:01:36.571', 2),
(1258, 36, '00:02:02.285', 2),
(1259, 40, '00:02:09.509', 2),
(1260, 56, '00:01:36.350', 2),
(1261, 47, '00:01:52.379', 2),
(1262, 58, '00:02:00.857', 2),
(1263, 31, '00:01:41.333', 2),
(1264, 41, '00:01:34.229', 2),
(1265, 29, '00:01:58.159', 2),
(1266, 53, '00:01:47.373', 2),
(1267, 54, '00:01:58.586', 2),
(1268, 49, '00:01:54.768', 2),
(1269, 39, '00:01:34.155', 2),
(1270, 32, '00:01:51.155', 2),
(1271, 34, '00:01:49.682', 2),
(1272, 46, '00:01:49.667', 2),
(1273, 54, '00:02:03.667', 2),
(1274, 35, '00:02:10.992', 2),
(1275, 54, '00:01:37.427', 2),
(1276, 51, '00:01:49.544', 2),
(1277, 33, '00:01:49.038', 2),
(1278, 34, '00:02:07.787', 2),
(1279, 30, '00:01:54.921', 2),
(1280, 37, '00:01:43.216', 2),
(1281, 36, '00:01:55.638', 2),
(1282, 53, '00:01:47.924', 2),
(1283, 43, '00:01:50.306', 2),
(1284, 32, '00:01:31.533', 2),
(1285, 37, '00:01:46.926', 2),
(1286, 36, '00:01:36.733', 2),
(1287, 31, '00:01:40.300', 2),
(1288, 37, '00:01:39.443', 2),
(1289, 32, '00:01:34.444', 2),
(1290, 32, '00:01:32.856', 2),
(1291, 30, '00:01:53.326', 2),
(1292, 43, '00:02:08.949', 2),
(1293, 40, '00:02:09.669', 2),
(1294, 39, '00:01:54.473', 2),
(1295, 41, '00:01:57.231', 2),
(1296, 36, '00:02:09.037', 2),
(1297, 33, '00:01:46.045', 2),
(1298, 58, '00:01:37.615', 2),
(1299, 45, '00:01:39.277', 2),
(1300, 42, '00:01:30.481', 2),
(1301, 31, '00:01:38.007', 2),
(1302, 35, '00:02:07.351', 2),
(1303, 36, '00:02:00.192', 2),
(1304, 46, '00:02:02.456', 2),
(1305, 49, '00:01:32.029', 2),
(1306, 55, '00:01:36.115', 2),
(1307, 52, '00:02:03.654', 2),
(1308, 42, '00:01:35.750', 2),
(1309, 35, '00:01:53.136', 2),
(1310, 44, '00:01:53.753', 2),
(1311, 34, '00:02:06.537', 2),
(1312, 48, '00:01:49.083', 2),
(1313, 46, '00:01:31.245', 2),
(1314, 38, '00:02:09.439', 2),
(1315, 42, '00:01:54.537', 2),
(1316, 48, '00:02:00.440', 2),
(1317, 52, '00:01:40.361', 2),
(1318, 46, '00:01:36.549', 2),
(1319, 38, '00:01:30.129', 2),
(1320, 41, '00:01:59.770', 2),
(1321, 55, '00:01:37.562', 2),
(1322, 53, '00:02:00.999', 2),
(1323, 46, '00:01:38.805', 2),
(1324, 53, '00:01:32.406', 2),
(1325, 46, '00:01:44.909', 2),
(1326, 37, '00:02:07.436', 2),
(1327, 56, '00:02:08.216', 2),
(1328, 40, '00:01:57.061', 2),
(1329, 34, '00:01:39.789', 2),
(1330, 40, '00:02:05.576', 2),
(1331, 34, '00:01:34.392', 2),
(1332, 44, '00:02:09.592', 2),
(1333, 42, '00:01:31.946', 2),
(1334, 50, '00:01:52.873', 2),
(1335, 50, '00:01:45.953', 2),
(1336, 33, '00:01:54.976', 2),
(1337, 53, '00:01:34.469', 2),
(1338, 51, '00:01:42.589', 2),
(1339, 37, '00:01:41.034', 2),
(1340, 44, '00:02:10.033', 2),
(1341, 48, '00:01:42.694', 2),
(1342, 41, '00:02:01.789', 2),
(1343, 58, '00:01:36.516', 2),
(1344, 53, '00:01:35.023', 2),
(1345, 38, '00:01:46.596', 2),
(1346, 40, '00:02:02.791', 2),
(1347, 38, '00:01:55.805', 2),
(1348, 54, '00:01:34.902', 2),
(1349, 56, '00:01:55.179', 2),
(1350, 35, '00:02:08.952', 2),
(1351, 36, '00:02:03.622', 2),
(1352, 35, '00:01:48.383', 2),
(1353, 33, '00:02:07.061', 2),
(1354, 32, '00:01:57.098', 2),
(1355, 40, '00:02:00.722', 2),
(1356, 36, '00:02:10.242', 2),
(1357, 44, '00:01:57.626', 2),
(1358, 32, '00:01:45.129', 2),
(1359, 51, '00:02:04.930', 2),
(1360, 46, '00:01:40.643', 2),
(1361, 31, '00:01:39.671', 2),
(1362, 44, '00:01:34.952', 2),
(1363, 42, '00:01:39.072', 2),
(1364, 58, '00:01:50.579', 2),
(1365, 30, '00:02:04.007', 2),
(1366, 37, '00:01:33.966', 2),
(1367, 32, '00:01:30.467', 2),
(1368, 53, '00:02:09.457', 2),
(1369, 54, '00:02:02.956', 2),
(1370, 54, '00:01:41.572', 2),
(1371, 52, '00:01:35.524', 2),
(1372, 44, '00:01:32.132', 2),
(1373, 43, '00:02:05.930', 2),
(1374, 54, '00:01:31.454', 2),
(1375, 50, '00:01:52.626', 2),
(1376, 41, '00:01:36.663', 2),
(1377, 52, '00:02:06.322', 2),
(1378, 37, '00:02:04.137', 2),
(1379, 35, '00:01:50.942', 2),
(1380, 51, '00:01:30.833', 2),
(1381, 36, '00:01:51.620', 2),
(1382, 38, '00:01:38.195', 2),
(1383, 46, '00:01:58.127', 2),
(1384, 55, '00:02:00.614', 2),
(1385, 45, '00:02:04.826', 2),
(1386, 57, '00:01:41.961', 2),
(1387, 46, '00:02:04.951', 2),
(1388, 29, '00:02:06.177', 2),
(1389, 38, '00:01:57.549', 2),
(1390, 54, '00:01:32.443', 2),
(1391, 37, '00:02:02.416', 2),
(1392, 58, '00:02:00.495', 2),
(1393, 47, '00:01:47.520', 2),
(1394, 39, '00:01:57.742', 2),
(1395, 54, '00:01:33.243', 2),
(1396, 29, '00:01:34.460', 2),
(1397, 30, '00:01:47.808', 2),
(1398, 40, '00:01:38.872', 2),
(1399, 39, '00:01:43.831', 2),
(1400, 39, '00:01:43.044', 2),
(1401, 54, '00:02:02.428', 2),
(1402, 47, '00:01:44.723', 2),
(1403, 30, '00:01:50.250', 2),
(1404, 52, '00:01:55.008', 2),
(1405, 38, '00:02:10.384', 2),
(1406, 48, '00:01:50.084', 2),
(1407, 41, '00:02:05.553', 2),
(1408, 37, '00:01:47.216', 2),
(1409, 49, '00:02:02.832', 2),
(1410, 29, '00:01:33.448', 2),
(1411, 29, '00:02:08.768', 2),
(1412, 39, '00:01:54.797', 2),
(1413, 58, '00:01:33.462', 2),
(1414, 38, '00:01:55.800', 2),
(1415, 45, '00:01:35.085', 2),
(1416, 31, '00:01:44.122', 2),
(1417, 44, '00:01:55.401', 2),
(1418, 43, '00:02:10.696', 2),
(1419, 48, '00:01:44.873', 2),
(1420, 30, '00:01:43.926', 2),
(1421, 56, '00:01:45.968', 2),
(1422, 36, '00:01:34.899', 2),
(1423, 49, '00:01:59.955', 2),
(1424, 39, '00:02:08.095', 2),
(1425, 40, '00:01:30.275', 2),
(1426, 42, '00:01:59.564', 2),
(1427, 45, '00:02:09.337', 2),
(1428, 44, '00:01:49.885', 2),
(1429, 42, '00:02:04.075', 2),
(1430, 32, '00:01:59.236', 2),
(1431, 37, '00:01:34.740', 2),
(1432, 31, '00:01:38.713', 2),
(1433, 46, '00:02:04.144', 2),
(1434, 47, '00:01:41.240', 2),
(1435, 43, '00:01:46.930', 2),
(1436, 36, '00:01:47.713', 2),
(1437, 33, '00:02:10.240', 2),
(1438, 43, '00:01:52.045', 2),
(1439, 48, '00:02:09.364', 2),
(1440, 39, '00:01:41.900', 2),
(1441, 50, '00:01:46.447', 2),
(1442, 52, '00:02:07.083', 2),
(1443, 29, '00:02:00.085', 2),
(1444, 56, '00:01:54.411', 2),
(1445, 35, '00:02:00.204', 2),
(1446, 57, '00:02:01.473', 2),
(1447, 54, '00:01:51.779', 2),
(1448, 53, '00:01:53.184', 2),
(1449, 57, '00:02:08.388', 2),
(1450, 54, '00:01:48.265', 2),
(1451, 48, '00:01:53.930', 2),
(1452, 56, '00:01:57.804', 2),
(1453, 46, '00:01:41.832', 2),
(1454, 45, '00:01:53.683', 2),
(1455, 57, '00:01:41.424', 2),
(1456, 55, '00:01:49.370', 2),
(1457, 31, '00:01:32.746', 2),
(1458, 36, '00:01:59.826', 2),
(1459, 29, '00:01:40.765', 2),
(1460, 54, '00:01:49.280', 2),
(1461, 48, '00:01:40.489', 2),
(1462, 49, '00:01:46.513', 2),
(1463, 42, '00:01:36.295', 2),
(1464, 34, '00:01:33.855', 2),
(1465, 49, '00:01:53.206', 2),
(1466, 34, '00:01:50.562', 2),
(1467, 52, '00:01:51.790', 2),
(1468, 33, '00:01:31.026', 2),
(1469, 32, '00:01:34.897', 2),
(1470, 37, '00:01:53.523', 2),
(1471, 46, '00:01:50.530', 2),
(1472, 57, '00:01:56.656', 2),
(1473, 53, '00:01:55.142', 2),
(1474, 32, '00:01:53.525', 2),
(1475, 49, '00:01:50.366', 2),
(1476, 55, '00:01:53.427', 2),
(1477, 35, '00:01:52.795', 2),
(1478, 39, '00:01:31.745', 2),
(1479, 39, '00:01:41.008', 2),
(1480, 54, '00:02:05.168', 2),
(1481, 36, '00:01:43.023', 2),
(1482, 56, '00:02:01.186', 2),
(1483, 30, '00:01:54.677', 2),
(1484, 37, '00:02:10.520', 2),
(1485, 47, '00:02:10.403', 2),
(1486, 36, '00:01:49.489', 2),
(1487, 30, '00:01:58.592', 2),
(1488, 53, '00:01:38.381', 2),
(1489, 41, '00:01:38.948', 2),
(1490, 55, '00:01:41.108', 2),
(1491, 53, '00:01:47.135', 2),
(1492, 49, '00:01:53.947', 2),
(1493, 58, '00:01:50.153', 2),
(1494, 57, '00:02:08.004', 2),
(1495, 33, '00:01:48.798', 2),
(1496, 43, '00:01:52.046', 2),
(1497, 34, '00:02:06.094', 2),
(1498, 35, '00:02:01.307', 2),
(1499, 52, '00:01:44.586', 2),
(1500, 40, '00:02:01.548', 2),
(1501, 42, '00:01:48.784', 2),
(1502, 58, '00:02:01.858', 2),
(1503, 52, '00:01:41.045', 2),
(1504, 45, '00:02:05.072', 2),
(1505, 53, '00:02:06.952', 2),
(1506, 41, '00:01:58.490', 2),
(1507, 57, '00:01:33.520', 2),
(1508, 54, '00:01:51.571', 2),
(1509, 48, '00:01:36.420', 2),
(1510, 40, '00:01:59.300', 2),
(1511, 36, '00:02:06.135', 2),
(1512, 45, '00:01:54.724', 2),
(1513, 52, '00:02:09.437', 2),
(1514, 40, '00:01:39.167', 2),
(1515, 57, '00:01:36.757', 2),
(1516, 37, '00:01:55.577', 2),
(1517, 41, '00:01:48.024', 2),
(1518, 44, '00:01:38.420', 2),
(1519, 45, '00:02:01.531', 2),
(1520, 29, '00:01:44.088', 2),
(1521, 40, '00:01:39.875', 2),
(1522, 51, '00:01:37.153', 2),
(1523, 55, '00:02:06.330', 2),
(1524, 38, '00:01:54.442', 2),
(1525, 30, '00:02:00.320', 2),
(1526, 46, '00:01:42.126', 2),
(1527, 31, '00:01:31.598', 2),
(1528, 53, '00:02:01.575', 2),
(1529, 53, '00:02:04.326', 2),
(1530, 55, '00:01:52.445', 2),
(1531, 34, '00:01:52.166', 2),
(1532, 37, '00:02:08.388', 2),
(1533, 45, '00:01:55.256', 2),
(1534, 38, '00:01:39.336', 2),
(1535, 29, '00:01:43.428', 2),
(1536, 39, '00:01:46.011', 2),
(1537, 50, '00:01:59.685', 2),
(1538, 41, '00:02:08.069', 2),
(1539, 43, '00:01:47.795', 2),
(1540, 42, '00:02:06.821', 2),
(1541, 38, '00:01:35.245', 2),
(1542, 35, '00:01:58.067', 2),
(1543, 50, '00:02:01.372', 2),
(1544, 34, '00:01:30.086', 2),
(1545, 57, '00:01:36.125', 2),
(1546, 37, '00:01:54.248', 2),
(1547, 31, '00:01:40.057', 2),
(1548, 31, '00:01:36.184', 2),
(1549, 43, '00:01:59.274', 2),
(1550, 35, '00:01:59.480', 2),
(1551, 51, '00:01:46.888', 2),
(1552, 32, '00:01:58.652', 2),
(1553, 44, '00:01:35.591', 2),
(1554, 37, '00:02:09.737', 2),
(1555, 46, '00:01:48.535', 2),
(1556, 44, '00:02:02.619', 2),
(1557, 41, '00:01:52.195', 2),
(1558, 54, '00:02:07.400', 2),
(1559, 52, '00:01:49.476', 2),
(1560, 53, '00:01:50.079', 2),
(1561, 57, '00:01:49.563', 2),
(1562, 57, '00:01:40.642', 2),
(1563, 52, '00:02:07.704', 2),
(1564, 29, '00:02:00.857', 2),
(1565, 56, '00:01:32.163', 2),
(1566, 30, '00:01:42.744', 2),
(1567, 29, '00:01:58.741', 2),
(1568, 30, '00:02:01.086', 2),
(1569, 40, '00:01:30.927', 2),
(1570, 40, '00:01:59.952', 2),
(1571, 57, '00:01:40.456', 2),
(1572, 47, '00:01:57.377', 2),
(1573, 43, '00:01:52.495', 2),
(1574, 35, '00:01:51.596', 2),
(1575, 44, '00:01:46.118', 2),
(1576, 52, '00:01:54.683', 2),
(1577, 32, '00:01:30.467', 2),
(1578, 35, '00:01:47.062', 2),
(1579, 53, '00:02:01.889', 2),
(1580, 33, '00:01:37.605', 2),
(1581, 41, '00:02:10.543', 2),
(1582, 50, '00:01:49.404', 2),
(1583, 55, '00:01:43.370', 2),
(1584, 43, '00:01:42.429', 2),
(1585, 41, '00:01:45.802', 2),
(1586, 44, '00:01:34.177', 2),
(1587, 48, '00:01:37.810', 2),
(1588, 47, '00:01:51.746', 2),
(1589, 45, '00:02:10.127', 2),
(1590, 45, '00:01:58.315', 2),
(1591, 46, '00:01:30.147', 2),
(1592, 58, '00:02:06.337', 2),
(1593, 52, '00:01:57.692', 2),
(1594, 33, '00:01:39.985', 2),
(1595, 58, '00:01:50.553', 2),
(1596, 30, '00:01:47.686', 2),
(1597, 35, '00:01:47.394', 2),
(1598, 47, '00:01:30.146', 2),
(1599, 57, '00:01:43.709', 2),
(1600, 53, '00:02:01.417', 2),
(1601, 40, '00:01:38.002', 2),
(1602, 40, '00:01:52.156', 2),
(1603, 39, '00:01:49.006', 2),
(1604, 55, '00:01:40.725', 2),
(1605, 37, '00:02:04.542', 2),
(1606, 32, '00:02:08.903', 2),
(1607, 40, '00:01:51.107', 2),
(1608, 37, '00:01:42.292', 2),
(1609, 45, '00:01:43.198', 2),
(1610, 56, '00:01:58.020', 2),
(1611, 29, '00:01:42.745', 2),
(1612, 45, '00:01:58.854', 2),
(1613, 52, '00:02:07.550', 2),
(1614, 45, '00:01:50.340', 2),
(1615, 30, '00:02:05.025', 2),
(1616, 30, '00:01:45.577', 2),
(1617, 37, '00:01:53.143', 2),
(1618, 49, '00:01:50.391', 2),
(1619, 51, '00:01:45.790', 2),
(1620, 43, '00:01:43.042', 2),
(1621, 44, '00:02:06.172', 2),
(1622, 41, '00:02:06.463', 2),
(1623, 57, '00:02:05.498', 2),
(1624, 49, '00:01:42.281', 2),
(1625, 44, '00:01:52.679', 2),
(1626, 39, '00:01:42.714', 2),
(1627, 48, '00:01:36.393', 2),
(1628, 56, '00:01:53.905', 2),
(1629, 54, '00:01:48.885', 2),
(1630, 46, '00:02:08.714', 2),
(1631, 29, '00:02:00.118', 2),
(1632, 37, '00:02:02.991', 2),
(1633, 38, '00:01:59.544', 2),
(1634, 53, '00:01:54.058', 2),
(1635, 53, '00:01:52.471', 2),
(1636, 37, '00:01:50.959', 2),
(1637, 55, '00:01:58.525', 2),
(1638, 44, '00:02:01.675', 2),
(1639, 30, '00:01:42.345', 2),
(1640, 40, '00:02:09.812', 2),
(1641, 48, '00:01:36.767', 2),
(1642, 53, '00:01:59.138', 2),
(1643, 52, '00:02:06.799', 2),
(1644, 34, '00:01:30.750', 2),
(1645, 48, '00:02:09.914', 2),
(1646, 55, '00:02:05.912', 2),
(1647, 56, '00:01:37.029', 2),
(1648, 46, '00:01:53.314', 2),
(1649, 56, '00:02:05.182', 2),
(1650, 33, '00:01:55.377', 2),
(1651, 52, '00:01:32.224', 2),
(1652, 33, '00:01:57.486', 2),
(1653, 37, '00:01:36.529', 2),
(1654, 46, '00:01:57.969', 2),
(1655, 50, '00:01:42.313', 2),
(1656, 30, '00:01:39.553', 2),
(1657, 30, '00:01:53.648', 2),
(1658, 58, '00:01:50.388', 2),
(1659, 57, '00:01:42.544', 2),
(1660, 46, '00:01:43.040', 2),
(1661, 47, '00:01:51.369', 2),
(1662, 53, '00:01:49.206', 2),
(1663, 29, '00:01:44.165', 2),
(1664, 44, '00:01:34.595', 2),
(1665, 34, '00:02:00.738', 2),
(1666, 51, '00:02:06.756', 2),
(1667, 47, '00:01:44.801', 2),
(1668, 44, '00:01:44.034', 2),
(1669, 47, '00:01:56.262', 2),
(1670, 30, '00:01:43.123', 2),
(1671, 34, '00:01:37.538', 2),
(1672, 55, '00:02:10.836', 2),
(1673, 50, '00:01:41.154', 2),
(1674, 30, '00:01:30.570', 2),
(1675, 38, '00:02:03.052', 2),
(1676, 45, '00:02:07.093', 2),
(1677, 56, '00:02:05.591', 2),
(1678, 39, '00:01:39.002', 2),
(1679, 47, '00:01:46.340', 2),
(1680, 41, '00:01:56.732', 2),
(1681, 30, '00:01:40.931', 2),
(1682, 30, '00:01:33.798', 2),
(1683, 52, '00:02:07.293', 2),
(1684, 52, '00:02:00.166', 2),
(1685, 32, '00:02:09.337', 2),
(1686, 46, '00:01:50.238', 2),
(1687, 39, '00:01:54.346', 2),
(1688, 41, '00:02:03.369', 2),
(1689, 47, '00:01:37.974', 2),
(1690, 42, '00:01:44.001', 2),
(1691, 34, '00:02:04.246', 2),
(1692, 33, '00:01:49.055', 2),
(1693, 55, '00:01:45.220', 2),
(1694, 54, '00:01:41.623', 2),
(1695, 29, '00:01:57.859', 2),
(1696, 34, '00:01:44.862', 2),
(1697, 58, '00:02:01.620', 2),
(1698, 37, '00:01:59.806', 2),
(1699, 36, '00:01:36.450', 2),
(1700, 57, '00:01:33.612', 2),
(1701, 49, '00:01:52.317', 2),
(1702, 58, '00:01:32.536', 2),
(1703, 56, '00:01:53.565', 2),
(1704, 57, '00:02:03.287', 2),
(1705, 46, '00:01:58.453', 2),
(1706, 41, '00:01:50.874', 2),
(1707, 39, '00:02:05.984', 2),
(1708, 46, '00:01:36.382', 2),
(1709, 47, '00:01:40.400', 2),
(1710, 42, '00:02:05.147', 2),
(1711, 36, '00:01:45.603', 2),
(1712, 50, '00:01:40.646', 2),
(1713, 53, '00:01:57.587', 2),
(1714, 56, '00:02:10.678', 2),
(1715, 58, '00:01:32.984', 2),
(1716, 38, '00:01:59.665', 2),
(1717, 56, '00:02:07.203', 2),
(1718, 37, '00:01:46.673', 2),
(1719, 39, '00:02:04.399', 2),
(1720, 29, '00:01:41.667', 2),
(1721, 47, '00:01:59.263', 2),
(1722, 51, '00:02:03.154', 2),
(1723, 39, '00:02:09.208', 2),
(1724, 48, '00:01:51.005', 2),
(1725, 55, '00:01:36.679', 2),
(1726, 29, '00:01:59.767', 2),
(1727, 43, '00:01:31.295', 2),
(1728, 55, '00:01:42.512', 2),
(1729, 38, '00:01:38.114', 2),
(1730, 40, '00:02:04.808', 2),
(1731, 50, '00:01:40.146', 2),
(1732, 58, '00:02:07.577', 2),
(1733, 42, '00:01:42.194', 2),
(1734, 41, '00:01:32.107', 2),
(1735, 31, '00:01:30.768', 2),
(1736, 53, '00:02:06.723', 2),
(1737, 53, '00:01:58.864', 2),
(1738, 42, '00:01:45.401', 2),
(1739, 54, '00:01:44.739', 2),
(1740, 58, '00:02:03.838', 2),
(1741, 42, '00:01:58.222', 2),
(1742, 54, '00:01:59.561', 2),
(1743, 37, '00:01:53.517', 2),
(1744, 30, '00:01:49.359', 2),
(1745, 45, '00:02:07.868', 2),
(1746, 34, '00:01:58.459', 2),
(1747, 54, '00:01:45.092', 2),
(1748, 50, '00:02:05.956', 2),
(1749, 46, '00:02:02.294', 2),
(1750, 30, '00:01:52.817', 2),
(1751, 54, '00:01:59.026', 2),
(1752, 39, '00:01:40.230', 2),
(1753, 42, '00:01:50.162', 2),
(1754, 39, '00:01:38.916', 2),
(1755, 47, '00:01:44.064', 2),
(1756, 58, '00:01:57.408', 2),
(1757, 49, '00:02:05.733', 2),
(1758, 41, '00:01:48.250', 2),
(1759, 42, '00:01:55.890', 2),
(1760, 49, '00:01:42.742', 2),
(1761, 45, '00:02:05.924', 2),
(1762, 50, '00:01:44.281', 2),
(1763, 31, '00:02:03.711', 2),
(1764, 53, '00:01:33.510', 2),
(1765, 46, '00:02:02.493', 2),
(1766, 33, '00:01:35.013', 2),
(1767, 40, '00:01:58.425', 2),
(1768, 54, '00:01:32.883', 2),
(1769, 34, '00:01:36.054', 2),
(1770, 52, '00:02:01.932', 2),
(1771, 34, '00:01:59.851', 2),
(1772, 51, '00:02:00.204', 2),
(1773, 47, '00:02:02.825', 2),
(1774, 40, '00:01:58.532', 2),
(1775, 47, '00:01:48.102', 2),
(1776, 40, '00:02:01.336', 2),
(1777, 48, '00:02:04.356', 2),
(1778, 57, '00:01:30.056', 2),
(1779, 33, '00:02:09.247', 2),
(1780, 44, '00:01:33.988', 2),
(1781, 42, '00:01:55.863', 2),
(1782, 57, '00:01:40.036', 2),
(1783, 36, '00:01:52.502', 2),
(1784, 53, '00:01:56.901', 2),
(1785, 33, '00:01:40.986', 2),
(1786, 58, '00:01:53.823', 2),
(1787, 46, '00:01:32.255', 2),
(1788, 40, '00:01:48.354', 2),
(1789, 47, '00:01:56.874', 2),
(1790, 41, '00:01:52.443', 2),
(1791, 30, '00:01:48.994', 2),
(1792, 34, '00:02:02.731', 2),
(1793, 34, '00:02:01.884', 2),
(1794, 54, '00:01:32.319', 2),
(1795, 39, '00:01:33.202', 2),
(1796, 52, '00:01:33.909', 2),
(1797, 33, '00:01:46.842', 2),
(1798, 52, '00:02:03.496', 2),
(1799, 45, '00:02:02.462', 2),
(1800, 52, '00:01:54.690', 2),
(1801, 35, '00:01:47.702', 2),
(1802, 48, '00:01:52.381', 2),
(1803, 44, '00:02:03.053', 2),
(1804, 34, '00:01:56.720', 2),
(1805, 45, '00:01:42.569', 2),
(1806, 39, '00:01:46.076', 2),
(1807, 48, '00:01:44.997', 2),
(1808, 31, '00:01:53.155', 2),
(1809, 54, '00:02:02.447', 2),
(1810, 51, '00:01:56.903', 2),
(1811, 33, '00:01:56.766', 2),
(1812, 42, '00:01:32.186', 2),
(1813, 45, '00:01:51.017', 2),
(1814, 45, '00:01:46.831', 2),
(1815, 31, '00:01:44.388', 2),
(1816, 31, '00:01:44.374', 2),
(1817, 55, '00:01:56.036', 2),
(1818, 52, '00:01:32.511', 2),
(1819, 32, '00:02:02.690', 2),
(1820, 57, '00:01:48.227', 2),
(1821, 55, '00:02:08.525', 2),
(1822, 49, '00:01:30.016', 2),
(1823, 31, '00:02:00.391', 2),
(1824, 44, '00:01:49.154', 2),
(1825, 39, '00:01:33.574', 2),
(1826, 45, '00:01:53.452', 2),
(1827, 50, '00:01:33.476', 2),
(1828, 48, '00:02:00.470', 2),
(1829, 32, '00:01:42.573', 2),
(1830, 34, '00:02:10.395', 2),
(1831, 35, '00:01:50.271', 2),
(1832, 57, '00:01:32.599', 2),
(1833, 38, '00:01:53.774', 2),
(1834, 57, '00:01:40.572', 2),
(1835, 31, '00:02:08.057', 2),
(1836, 58, '00:01:40.514', 2),
(1837, 31, '00:01:53.094', 2),
(1838, 35, '00:01:45.861', 2),
(1839, 52, '00:02:01.552', 2),
(1840, 29, '00:01:31.316', 2),
(1841, 56, '00:01:40.984', 2),
(1842, 38, '00:01:39.205', 2),
(1843, 44, '00:01:34.627', 2),
(1844, 46, '00:01:33.476', 2),
(1845, 31, '00:02:09.027', 2),
(1846, 33, '00:01:35.758', 2),
(1847, 42, '00:01:58.103', 2),
(1848, 33, '00:01:30.696', 2),
(1849, 29, '00:02:10.000', 2),
(1850, 52, '00:01:38.985', 2),
(1851, 44, '00:01:45.235', 2),
(1852, 46, '00:02:09.662', 2),
(1853, 46, '00:02:04.829', 2),
(1854, 51, '00:02:07.941', 2),
(1855, 29, '00:01:32.192', 2),
(1856, 36, '00:01:37.103', 2),
(1857, 48, '00:01:55.578', 2),
(1858, 57, '00:01:44.556', 2),
(1859, 39, '00:01:32.381', 2),
(1860, 49, '00:02:10.845', 2),
(1861, 56, '00:01:52.934', 2),
(1862, 32, '00:01:45.883', 2),
(1863, 51, '00:01:45.509', 2),
(1864, 32, '00:01:58.997', 2),
(1865, 58, '00:02:09.924', 2),
(1866, 29, '00:01:48.937', 2),
(1867, 51, '00:01:59.287', 2),
(1868, 33, '00:01:37.922', 2),
(1869, 31, '00:01:55.992', 2),
(1870, 42, '00:01:59.937', 2),
(1871, 38, '00:01:57.719', 2),
(1872, 34, '00:01:33.501', 2),
(1873, 43, '00:01:45.279', 2),
(1874, 42, '00:01:59.497', 2),
(1875, 43, '00:01:37.796', 2),
(1876, 48, '00:01:33.719', 2),
(1877, 35, '00:01:36.568', 2),
(1878, 57, '00:02:06.953', 2),
(1879, 51, '00:02:04.468', 2),
(1880, 57, '00:01:39.474', 2),
(1881, 55, '00:01:32.793', 2),
(1882, 56, '00:01:40.441', 2),
(1883, 38, '00:01:39.694', 2),
(1884, 36, '00:02:02.269', 2),
(1885, 42, '00:01:33.165', 2),
(1886, 34, '00:02:09.742', 2),
(1887, 50, '00:02:01.403', 2),
(1888, 43, '00:01:40.389', 2),
(1889, 41, '00:02:00.993', 2),
(1890, 48, '00:02:06.063', 2),
(1891, 31, '00:01:46.702', 2),
(1892, 38, '00:01:35.082', 2),
(1893, 41, '00:01:50.606', 2),
(1894, 52, '00:01:52.376', 2),
(1895, 32, '00:01:49.258', 2),
(1896, 48, '00:02:00.963', 2),
(1897, 41, '00:01:52.549', 2),
(1898, 58, '00:01:37.729', 2),
(1899, 57, '00:01:43.879', 2),
(1900, 35, '00:01:38.402', 2),
(1901, 31, '00:01:50.228', 2),
(1902, 51, '00:01:36.231', 2),
(1903, 29, '00:01:51.472', 2),
(1904, 48, '00:01:43.602', 2),
(1905, 39, '00:01:53.313', 2),
(1906, 50, '00:02:04.545', 2),
(1907, 38, '00:01:58.360', 2),
(1908, 31, '00:02:00.033', 2),
(1909, 56, '00:01:44.544', 2),
(1910, 56, '00:01:52.634', 2),
(1911, 44, '00:01:47.102', 2),
(1912, 41, '00:01:48.614', 2),
(1913, 58, '00:01:47.106', 2),
(1914, 50, '00:02:00.366', 2),
(1915, 47, '00:01:47.481', 2),
(1916, 49, '00:02:06.451', 2),
(1917, 38, '00:01:43.944', 2),
(1918, 39, '00:01:47.453', 2),
(1919, 58, '00:01:36.508', 2),
(1920, 41, '00:01:37.655', 2),
(1921, 34, '00:02:09.499', 2),
(1922, 36, '00:01:37.096', 2),
(1923, 32, '00:01:45.565', 2),
(1924, 33, '00:02:02.136', 2),
(1925, 50, '00:02:01.588', 2),
(1926, 44, '00:01:36.539', 2),
(1927, 29, '00:02:05.151', 2);
INSERT INTO `event_lap` (`id`, `event_registration_id`, `laptime`, `event_phase_id`) VALUES
(1928, 33, '00:01:38.066', 2),
(1929, 41, '00:01:47.791', 2),
(1930, 49, '00:01:48.676', 2),
(1931, 31, '00:01:49.670', 2),
(1932, 38, '00:01:43.881', 2),
(1933, 56, '00:01:57.964', 2),
(1934, 49, '00:02:07.104', 2),
(1935, 47, '00:01:56.615', 2),
(1936, 43, '00:01:40.899', 2),
(1937, 35, '00:02:00.856', 2),
(1938, 47, '00:02:09.463', 2),
(1939, 36, '00:02:09.796', 2),
(1940, 41, '00:01:48.984', 2),
(1941, 51, '00:01:39.513', 2),
(1942, 35, '00:01:37.192', 2),
(1943, 50, '00:01:47.869', 2),
(1944, 36, '00:01:34.177', 2),
(1945, 42, '00:01:36.629', 2),
(1946, 47, '00:01:39.227', 2),
(1947, 56, '00:01:48.997', 2),
(1948, 32, '00:02:07.926', 2),
(1949, 43, '00:01:55.560', 2),
(1950, 34, '00:01:33.736', 2),
(1951, 42, '00:01:46.857', 2),
(1952, 36, '00:01:32.216', 2),
(1953, 51, '00:01:30.789', 2),
(1954, 32, '00:02:09.358', 2),
(1955, 50, '00:02:03.987', 2),
(1956, 57, '00:01:51.480', 2),
(1957, 51, '00:01:36.094', 2),
(1958, 42, '00:01:41.120', 2),
(1959, 31, '00:01:39.263', 2),
(1960, 56, '00:01:48.351', 2),
(1961, 49, '00:02:03.726', 2),
(1962, 42, '00:02:07.870', 2),
(1963, 36, '00:02:06.821', 2),
(1964, 51, '00:01:50.585', 2),
(1965, 36, '00:01:42.536', 2),
(1966, 51, '00:01:42.204', 2),
(1967, 44, '00:01:38.421', 2),
(1968, 55, '00:01:43.085', 2),
(1969, 50, '00:02:04.941', 2),
(1970, 47, '00:01:32.157', 2),
(1971, 49, '00:01:58.721', 2),
(1972, 51, '00:01:49.650', 2),
(1973, 50, '00:01:34.950', 2),
(1974, 55, '00:02:10.770', 2),
(1975, 49, '00:02:07.740', 2),
(1976, 55, '00:01:38.098', 2),
(1977, 38, '00:02:02.794', 2),
(1978, 51, '00:01:52.214', 2),
(1979, 44, '00:01:55.909', 2),
(1980, 43, '00:01:35.910', 2),
(1981, 32, '00:01:34.896', 2),
(1982, 56, '00:02:07.576', 2),
(1983, 38, '00:01:44.847', 2),
(1984, 55, '00:01:39.641', 2),
(1985, 35, '00:02:10.654', 2),
(1986, 35, '00:02:01.559', 2),
(1987, 31, '00:02:09.237', 2),
(1988, 50, '00:02:03.104', 2),
(1989, 55, '00:01:31.122', 2),
(1990, 32, '00:01:51.856', 2),
(1991, 34, '00:01:44.709', 2),
(1992, 43, '00:01:54.883', 2),
(1993, 50, '00:01:39.197', 2),
(1994, 43, '00:02:08.819', 2),
(1995, 50, '00:01:36.372', 2),
(1996, 38, '00:01:44.910', 2),
(1997, 56, '00:01:50.174', 2),
(1998, 35, '00:02:01.193', 2),
(1999, 51, '00:01:37.856', 2),
(2000, 35, '00:01:43.344', 2),
(2001, 43, '00:02:04.503', 2),
(2002, 51, '00:01:36.058', 2),
(2003, 55, '00:02:04.296', 2),
(2004, 32, '00:01:59.254', 2),
(2005, 49, '00:02:01.135', 2),
(2006, 44, '00:01:33.289', 2),
(2007, 51, '00:01:39.346', 2),
(2008, 35, '00:01:48.874', 2),
(2009, 49, '00:02:03.538', 2),
(2010, 43, '00:01:35.224', 2),
(2011, 35, '00:01:46.271', 2),
(2012, 49, '00:01:46.956', 2),
(2013, 35, '00:02:06.591', 2),
(2014, 49, '00:01:52.851', 2),
(2015, 49, '00:01:35.897', 2),
(2016, 29, '00:01:50.872', 3),
(2017, 29, '00:01:30.745', 3),
(2018, 29, '00:01:52.019', 3),
(2019, 29, '00:02:02.204', 3),
(2020, 29, '00:01:43.849', 3),
(2021, 29, '00:02:06.345', 3),
(2022, 29, '00:02:00.537', 3),
(2023, 29, '00:01:35.295', 3),
(2024, 29, '00:01:37.582', 3),
(2025, 29, '00:01:43.324', 3),
(2026, 29, '00:01:45.670', 3),
(2027, 29, '00:02:03.184', 3),
(2028, 29, '00:01:33.960', 3),
(2029, 29, '00:01:42.338', 3),
(2030, 29, '00:01:54.111', 3),
(2031, 29, '00:02:02.390', 3),
(2032, 29, '00:01:47.946', 3),
(2033, 29, '00:02:10.692', 3),
(2034, 29, '00:01:37.793', 3),
(2035, 29, '00:01:57.283', 3),
(2036, 29, '00:01:43.499', 3),
(2037, 29, '00:01:38.304', 3),
(2038, 29, '00:01:57.415', 3),
(2039, 29, '00:02:03.168', 3),
(2040, 29, '00:01:47.704', 3),
(2041, 29, '00:01:58.736', 3),
(2042, 29, '00:01:42.211', 3),
(2043, 29, '00:01:34.290', 3),
(2044, 29, '00:01:49.581', 3),
(2045, 29, '00:01:37.146', 3),
(2046, 30, '00:01:36.257', 3),
(2047, 30, '00:01:43.461', 3),
(2048, 30, '00:01:45.740', 3),
(2049, 30, '00:01:34.200', 3),
(2050, 30, '00:01:36.575', 3),
(2051, 30, '00:01:54.102', 3),
(2052, 30, '00:01:51.079', 3),
(2053, 30, '00:01:45.349', 3),
(2054, 30, '00:01:54.820', 3),
(2055, 30, '00:01:31.926', 3),
(2056, 30, '00:02:07.323', 3),
(2057, 30, '00:01:39.684', 3),
(2058, 30, '00:01:54.648', 3),
(2059, 30, '00:01:32.089', 3),
(2060, 30, '00:01:38.316', 3),
(2061, 30, '00:01:42.883', 3),
(2062, 30, '00:02:09.839', 3),
(2063, 30, '00:02:03.521', 3),
(2064, 30, '00:01:56.879', 3),
(2065, 30, '00:01:49.095', 3),
(2066, 30, '00:01:34.451', 3),
(2067, 30, '00:01:40.882', 3),
(2068, 30, '00:01:52.654', 3),
(2069, 30, '00:01:42.650', 3),
(2070, 30, '00:02:02.262', 3),
(2071, 30, '00:01:44.354', 3),
(2072, 30, '00:01:32.448', 3),
(2073, 30, '00:02:05.123', 3),
(2074, 30, '00:01:40.917', 3),
(2075, 30, '00:01:54.015', 3),
(2076, 31, '00:01:41.957', 3),
(2077, 31, '00:01:59.327', 3),
(2078, 31, '00:01:36.520', 3),
(2079, 31, '00:01:55.548', 3),
(2080, 31, '00:01:38.361', 3),
(2081, 31, '00:01:49.883', 3),
(2082, 31, '00:02:01.252', 3),
(2083, 31, '00:01:52.072', 3),
(2084, 31, '00:01:41.062', 3),
(2085, 31, '00:01:43.214', 3),
(2086, 31, '00:01:53.808', 3),
(2087, 31, '00:01:58.078', 3),
(2088, 31, '00:01:43.610', 3),
(2089, 31, '00:01:49.194', 3),
(2090, 31, '00:01:54.444', 3),
(2091, 31, '00:02:03.674', 3),
(2092, 31, '00:01:55.499', 3),
(2093, 31, '00:01:59.314', 3),
(2094, 31, '00:02:08.147', 3),
(2095, 31, '00:01:51.206', 3),
(2096, 31, '00:01:58.508', 3),
(2097, 31, '00:01:38.648', 3),
(2098, 31, '00:01:49.276', 3),
(2099, 31, '00:01:44.288', 3),
(2100, 31, '00:02:10.297', 3),
(2101, 31, '00:02:01.753', 3),
(2102, 31, '00:01:52.698', 3),
(2103, 31, '00:01:58.037', 3),
(2104, 31, '00:01:52.261', 3),
(2105, 31, '00:02:07.651', 3),
(2106, 32, '00:01:55.497', 3),
(2107, 32, '00:02:00.794', 3),
(2108, 32, '00:01:59.487', 3),
(2109, 32, '00:01:45.060', 3),
(2110, 32, '00:01:41.465', 3),
(2111, 32, '00:01:53.521', 3),
(2112, 32, '00:01:32.426', 3),
(2113, 32, '00:01:56.450', 3),
(2114, 32, '00:01:36.272', 3),
(2115, 32, '00:01:39.364', 3),
(2116, 32, '00:01:43.426', 3),
(2117, 32, '00:02:03.882', 3),
(2118, 32, '00:01:41.659', 3),
(2119, 32, '00:01:36.366', 3),
(2120, 32, '00:02:09.435', 3),
(2121, 32, '00:02:01.611', 3),
(2122, 32, '00:01:40.474', 3),
(2123, 32, '00:02:02.432', 3),
(2124, 32, '00:01:54.154', 3),
(2125, 32, '00:01:45.409', 3),
(2126, 32, '00:01:49.370', 3),
(2127, 32, '00:01:56.476', 3),
(2128, 32, '00:01:50.733', 3),
(2129, 32, '00:01:49.313', 3),
(2130, 32, '00:01:42.617', 3),
(2131, 32, '00:01:32.090', 3),
(2132, 32, '00:02:00.184', 3),
(2133, 32, '00:01:39.339', 3),
(2134, 32, '00:01:35.901', 3),
(2135, 32, '00:01:42.987', 3),
(2136, 33, '00:02:01.103', 3),
(2137, 33, '00:01:36.229', 3),
(2138, 33, '00:02:04.272', 3),
(2139, 33, '00:01:43.254', 3),
(2140, 33, '00:01:53.068', 3),
(2141, 33, '00:01:54.303', 3),
(2142, 33, '00:01:57.362', 3),
(2143, 33, '00:01:31.358', 3),
(2144, 33, '00:01:58.557', 3),
(2145, 33, '00:01:30.927', 3),
(2146, 33, '00:01:30.186', 3),
(2147, 33, '00:02:03.407', 3),
(2148, 33, '00:01:36.047', 3),
(2149, 33, '00:02:07.627', 3),
(2150, 33, '00:01:40.428', 3),
(2151, 33, '00:02:10.495', 3),
(2152, 33, '00:02:00.853', 3),
(2153, 33, '00:01:33.340', 3),
(2154, 33, '00:01:50.042', 3),
(2155, 33, '00:01:32.833', 3),
(2156, 33, '00:01:49.828', 3),
(2157, 33, '00:01:43.711', 3),
(2158, 33, '00:01:43.977', 3),
(2159, 33, '00:01:41.602', 3),
(2160, 33, '00:01:38.175', 3),
(2161, 33, '00:01:43.041', 3),
(2162, 33, '00:01:46.397', 3),
(2163, 33, '00:01:30.227', 3),
(2164, 33, '00:01:37.128', 3),
(2165, 33, '00:01:42.335', 3),
(2166, 34, '00:01:46.355', 3),
(2167, 34, '00:02:10.887', 3),
(2168, 34, '00:02:05.081', 3),
(2169, 34, '00:01:47.294', 3),
(2170, 34, '00:01:59.142', 3),
(2171, 34, '00:01:48.462', 3),
(2172, 34, '00:02:00.729', 3),
(2173, 34, '00:02:09.695', 3),
(2174, 34, '00:01:30.273', 3),
(2175, 34, '00:01:54.748', 3),
(2176, 34, '00:02:01.812', 3),
(2177, 34, '00:01:39.383', 3),
(2178, 34, '00:01:45.722', 3),
(2179, 34, '00:01:51.300', 3),
(2180, 34, '00:01:44.290', 3),
(2181, 34, '00:02:10.907', 3),
(2182, 34, '00:01:36.343', 3),
(2183, 34, '00:02:10.335', 3),
(2184, 34, '00:02:10.054', 3),
(2185, 34, '00:01:51.972', 3),
(2186, 34, '00:01:46.675', 3),
(2187, 34, '00:01:57.467', 3),
(2188, 34, '00:02:00.696', 3),
(2189, 34, '00:01:42.029', 3),
(2190, 34, '00:01:54.290', 3),
(2191, 34, '00:02:00.074', 3),
(2192, 34, '00:01:53.523', 3),
(2193, 34, '00:01:48.490', 3),
(2194, 34, '00:01:47.051', 3),
(2195, 34, '00:01:34.154', 3),
(2196, 35, '00:02:01.653', 3),
(2197, 35, '00:01:56.000', 3),
(2198, 35, '00:01:55.610', 3),
(2199, 35, '00:01:40.451', 3),
(2200, 35, '00:01:54.367', 3),
(2201, 35, '00:01:48.704', 3),
(2202, 35, '00:02:06.354', 3),
(2203, 35, '00:01:46.189', 3),
(2204, 35, '00:01:39.333', 3),
(2205, 35, '00:01:38.068', 3),
(2206, 35, '00:02:03.344', 3),
(2207, 35, '00:01:55.756', 3),
(2208, 35, '00:02:05.899', 3),
(2209, 35, '00:02:05.188', 3),
(2210, 35, '00:01:36.959', 3),
(2211, 35, '00:01:36.503', 3),
(2212, 35, '00:01:51.301', 3),
(2213, 35, '00:01:55.884', 3),
(2214, 35, '00:01:42.976', 3),
(2215, 35, '00:01:33.559', 3),
(2216, 35, '00:01:58.294', 3),
(2217, 35, '00:01:38.291', 3),
(2218, 35, '00:01:39.672', 3),
(2219, 35, '00:02:01.243', 3),
(2220, 35, '00:02:01.950', 3),
(2221, 35, '00:02:05.601', 3),
(2222, 35, '00:01:45.298', 3),
(2223, 35, '00:02:01.533', 3),
(2224, 35, '00:02:03.633', 3),
(2225, 35, '00:01:45.832', 3),
(2226, 36, '00:01:56.323', 3),
(2227, 36, '00:01:37.214', 3),
(2228, 36, '00:01:37.052', 3),
(2229, 36, '00:01:43.411', 3),
(2230, 36, '00:02:05.585', 3),
(2231, 36, '00:01:30.451', 3),
(2232, 36, '00:02:06.323', 3),
(2233, 36, '00:02:09.961', 3),
(2234, 36, '00:02:01.676', 3),
(2235, 36, '00:02:00.263', 3),
(2236, 36, '00:01:47.050', 3),
(2237, 36, '00:01:47.340', 3),
(2238, 36, '00:01:48.950', 3),
(2239, 36, '00:01:47.589', 3),
(2240, 36, '00:01:42.193', 3),
(2241, 36, '00:01:55.471', 3),
(2242, 36, '00:01:55.521', 3),
(2243, 36, '00:01:36.139', 3),
(2244, 36, '00:02:06.572', 3),
(2245, 36, '00:01:58.277', 3),
(2246, 36, '00:01:43.160', 3),
(2247, 36, '00:01:30.174', 3),
(2248, 36, '00:01:39.902', 3),
(2249, 36, '00:01:48.844', 3),
(2250, 36, '00:01:46.872', 3),
(2251, 36, '00:02:10.920', 3),
(2252, 36, '00:01:51.090', 3),
(2253, 36, '00:01:58.988', 3),
(2254, 36, '00:02:02.524', 3),
(2255, 36, '00:02:01.298', 3),
(2256, 37, '00:01:50.827', 3),
(2257, 37, '00:01:44.087', 3),
(2258, 37, '00:02:01.808', 3),
(2259, 37, '00:01:56.577', 3),
(2260, 37, '00:01:54.355', 3),
(2261, 37, '00:01:43.088', 3),
(2262, 37, '00:01:35.131', 3),
(2263, 37, '00:01:51.015', 3),
(2264, 37, '00:01:35.042', 3),
(2265, 37, '00:01:51.900', 3),
(2266, 37, '00:01:43.382', 3),
(2267, 37, '00:02:08.775', 3),
(2268, 37, '00:01:54.681', 3),
(2269, 37, '00:01:46.386', 3),
(2270, 37, '00:01:51.199', 3),
(2271, 37, '00:01:39.558', 3),
(2272, 37, '00:01:54.216', 3),
(2273, 37, '00:01:30.102', 3),
(2274, 37, '00:02:03.004', 3),
(2275, 37, '00:02:02.060', 3),
(2276, 37, '00:01:55.575', 3),
(2277, 37, '00:01:45.544', 3),
(2278, 37, '00:02:09.543', 3),
(2279, 37, '00:01:50.138', 3),
(2280, 37, '00:02:06.841', 3),
(2281, 37, '00:02:08.515', 3),
(2282, 37, '00:02:09.992', 3),
(2283, 37, '00:01:42.510', 3),
(2284, 37, '00:01:55.542', 3),
(2285, 37, '00:02:00.895', 3),
(2286, 38, '00:01:31.816', 3),
(2287, 38, '00:01:46.984', 3),
(2288, 38, '00:01:31.250', 3),
(2289, 38, '00:01:32.382', 3),
(2290, 38, '00:01:38.883', 3),
(2291, 38, '00:01:36.872', 3),
(2292, 38, '00:01:57.787', 3),
(2293, 38, '00:01:56.067', 3),
(2294, 38, '00:01:34.305', 3),
(2295, 38, '00:01:57.165', 3),
(2296, 38, '00:01:46.625', 3),
(2297, 38, '00:01:55.617', 3),
(2298, 38, '00:01:36.033', 3),
(2299, 38, '00:02:07.462', 3),
(2300, 38, '00:01:34.027', 3),
(2301, 38, '00:01:41.991', 3),
(2302, 38, '00:01:44.404', 3),
(2303, 38, '00:02:09.500', 3),
(2304, 38, '00:02:10.209', 3),
(2305, 38, '00:01:43.476', 3),
(2306, 38, '00:02:03.636', 3),
(2307, 38, '00:01:31.418', 3),
(2308, 38, '00:01:51.921', 3),
(2309, 38, '00:01:46.234', 3),
(2310, 38, '00:01:53.952', 3),
(2311, 38, '00:01:55.960', 3),
(2312, 38, '00:01:37.379', 3),
(2313, 38, '00:01:59.014', 3),
(2314, 38, '00:01:42.261', 3),
(2315, 38, '00:01:45.096', 3),
(2316, 39, '00:02:07.593', 3),
(2317, 39, '00:01:47.907', 3),
(2318, 39, '00:01:48.452', 3),
(2319, 39, '00:02:03.084', 3),
(2320, 39, '00:02:06.306', 3),
(2321, 39, '00:01:48.982', 3),
(2322, 39, '00:01:45.450', 3),
(2323, 39, '00:02:06.413', 3),
(2324, 39, '00:01:50.839', 3),
(2325, 39, '00:02:00.667', 3),
(2326, 39, '00:02:02.203', 3),
(2327, 39, '00:01:39.186', 3),
(2328, 39, '00:01:50.869', 3),
(2329, 39, '00:01:55.621', 3),
(2330, 39, '00:01:59.697', 3),
(2331, 39, '00:01:58.057', 3),
(2332, 39, '00:01:45.073', 3),
(2333, 39, '00:01:32.260', 3),
(2334, 39, '00:01:57.534', 3),
(2335, 39, '00:01:41.169', 3),
(2336, 39, '00:01:48.683', 3),
(2337, 39, '00:02:09.714', 3),
(2338, 39, '00:02:05.464', 3),
(2339, 39, '00:02:06.826', 3),
(2340, 39, '00:02:00.006', 3),
(2341, 39, '00:01:58.151', 3),
(2342, 39, '00:02:04.865', 3),
(2343, 39, '00:01:36.482', 3),
(2344, 39, '00:01:47.688', 3),
(2345, 39, '00:01:53.967', 3),
(2346, 40, '00:01:31.195', 3),
(2347, 40, '00:01:46.614', 3),
(2348, 40, '00:01:44.924', 3),
(2349, 40, '00:01:33.810', 3),
(2350, 40, '00:01:46.579', 3),
(2351, 40, '00:01:38.410', 3),
(2352, 40, '00:01:59.541', 3),
(2353, 40, '00:02:03.480', 3),
(2354, 40, '00:01:55.165', 3),
(2355, 40, '00:02:06.935', 3),
(2356, 40, '00:01:36.211', 3),
(2357, 40, '00:02:04.240', 3),
(2358, 40, '00:02:06.126', 3),
(2359, 40, '00:01:43.917', 3),
(2360, 40, '00:01:51.188', 3),
(2361, 40, '00:01:37.344', 3),
(2362, 40, '00:01:36.213', 3),
(2363, 40, '00:01:55.696', 3),
(2364, 40, '00:01:41.687', 3),
(2365, 40, '00:01:57.760', 3),
(2366, 40, '00:01:52.287', 3),
(2367, 40, '00:01:44.761', 3),
(2368, 40, '00:01:40.476', 3),
(2369, 40, '00:01:37.674', 3),
(2370, 40, '00:01:54.886', 3),
(2371, 40, '00:01:51.961', 3),
(2372, 40, '00:02:09.506', 3),
(2373, 40, '00:02:02.478', 3),
(2374, 40, '00:01:49.642', 3),
(2375, 40, '00:01:57.842', 3),
(2376, 41, '00:01:42.963', 3),
(2377, 41, '00:02:10.294', 3),
(2378, 41, '00:01:54.684', 3),
(2379, 41, '00:01:58.518', 3),
(2380, 41, '00:01:53.736', 3),
(2381, 41, '00:01:48.451', 3),
(2382, 41, '00:02:05.234', 3),
(2383, 41, '00:02:10.279', 3),
(2384, 41, '00:01:39.282', 3),
(2385, 41, '00:01:47.822', 3),
(2386, 41, '00:02:10.859', 3),
(2387, 41, '00:01:41.268', 3),
(2388, 41, '00:01:38.458', 3),
(2389, 41, '00:01:39.494', 3),
(2390, 41, '00:01:53.811', 3),
(2391, 41, '00:01:59.239', 3),
(2392, 41, '00:01:56.805', 3),
(2393, 41, '00:02:09.451', 3),
(2394, 41, '00:01:56.097', 3),
(2395, 41, '00:01:53.909', 3),
(2396, 41, '00:01:51.795', 3),
(2397, 41, '00:02:07.439', 3),
(2398, 41, '00:01:30.652', 3),
(2399, 41, '00:01:43.952', 3),
(2400, 41, '00:01:32.510', 3),
(2401, 41, '00:02:05.192', 3),
(2402, 41, '00:02:00.134', 3),
(2403, 41, '00:01:31.128', 3),
(2404, 41, '00:01:42.896', 3),
(2405, 41, '00:01:32.992', 3),
(2406, 42, '00:01:41.242', 3),
(2407, 42, '00:01:34.520', 3),
(2408, 42, '00:01:39.500', 3),
(2409, 42, '00:02:01.741', 3),
(2410, 42, '00:01:42.451', 3),
(2411, 42, '00:02:01.091', 3),
(2412, 42, '00:01:32.986', 3),
(2413, 42, '00:01:31.196', 3),
(2414, 42, '00:01:59.871', 3),
(2415, 42, '00:01:44.248', 3),
(2416, 42, '00:01:37.088', 3),
(2417, 42, '00:02:05.109', 3),
(2418, 42, '00:01:56.148', 3),
(2419, 42, '00:01:45.348', 3),
(2420, 42, '00:01:57.205', 3),
(2421, 42, '00:01:38.231', 3),
(2422, 42, '00:01:35.615', 3),
(2423, 42, '00:01:59.072', 3),
(2424, 42, '00:02:03.416', 3),
(2425, 42, '00:01:54.469', 3),
(2426, 42, '00:01:31.742', 3),
(2427, 42, '00:01:59.956', 3),
(2428, 42, '00:01:43.090', 3),
(2429, 42, '00:01:49.810', 3),
(2430, 42, '00:01:36.375', 3),
(2431, 42, '00:02:07.052', 3),
(2432, 42, '00:01:31.574', 3),
(2433, 42, '00:01:54.026', 3),
(2434, 42, '00:01:58.609', 3),
(2435, 42, '00:01:31.617', 3),
(2436, 43, '00:01:45.133', 3),
(2437, 43, '00:01:55.643', 3),
(2438, 43, '00:02:01.283', 3),
(2439, 43, '00:01:33.642', 3),
(2440, 43, '00:01:58.341', 3),
(2441, 43, '00:01:37.471', 3),
(2442, 43, '00:02:03.592', 3),
(2443, 43, '00:01:48.853', 3),
(2444, 43, '00:01:44.342', 3),
(2445, 43, '00:02:04.822', 3),
(2446, 43, '00:01:36.733', 3),
(2447, 43, '00:02:10.923', 3),
(2448, 43, '00:01:30.027', 3),
(2449, 43, '00:01:38.957', 3),
(2450, 43, '00:02:05.152', 3),
(2451, 43, '00:01:38.892', 3),
(2452, 43, '00:01:39.778', 3),
(2453, 43, '00:02:00.382', 3),
(2454, 43, '00:01:43.261', 3),
(2455, 43, '00:01:53.269', 3),
(2456, 43, '00:02:06.789', 3),
(2457, 43, '00:01:34.706', 3),
(2458, 43, '00:01:52.082', 3),
(2459, 43, '00:02:09.392', 3),
(2460, 43, '00:01:51.469', 3),
(2461, 43, '00:01:47.333', 3),
(2462, 43, '00:01:59.602', 3),
(2463, 43, '00:01:50.995', 3),
(2464, 43, '00:02:07.795', 3),
(2465, 43, '00:01:54.027', 3),
(2466, 44, '00:01:34.263', 3),
(2467, 44, '00:01:58.344', 3),
(2468, 44, '00:01:35.574', 3),
(2469, 44, '00:01:45.126', 3),
(2470, 44, '00:02:07.664', 3),
(2471, 44, '00:01:35.097', 3),
(2472, 44, '00:01:31.241', 3),
(2473, 44, '00:01:36.329', 3),
(2474, 44, '00:01:44.628', 3),
(2475, 44, '00:01:47.528', 3),
(2476, 44, '00:01:35.776', 3),
(2477, 44, '00:01:41.556', 3),
(2478, 44, '00:02:06.636', 3),
(2479, 44, '00:01:30.918', 3),
(2480, 44, '00:01:54.820', 3),
(2481, 44, '00:01:38.779', 3),
(2482, 44, '00:01:43.239', 3),
(2483, 44, '00:01:50.403', 3),
(2484, 44, '00:01:31.699', 3),
(2485, 44, '00:01:51.614', 3),
(2486, 44, '00:02:06.678', 3),
(2487, 44, '00:01:41.624', 3),
(2488, 44, '00:02:07.922', 3),
(2489, 44, '00:01:47.726', 3),
(2490, 44, '00:01:51.817', 3),
(2491, 44, '00:01:54.268', 3),
(2492, 44, '00:01:54.102', 3),
(2493, 44, '00:01:58.058', 3),
(2494, 44, '00:01:40.711', 3),
(2495, 44, '00:01:43.027', 3),
(2496, 45, '00:02:05.787', 3),
(2497, 45, '00:01:47.016', 3),
(2498, 45, '00:02:08.763', 3),
(2499, 45, '00:01:44.852', 3),
(2500, 45, '00:01:31.006', 3),
(2501, 45, '00:01:36.316', 3),
(2502, 45, '00:01:32.696', 3),
(2503, 45, '00:01:58.105', 3),
(2504, 45, '00:01:39.442', 3),
(2505, 45, '00:01:40.894', 3),
(2506, 45, '00:01:35.623', 3),
(2507, 45, '00:02:09.978', 3),
(2508, 45, '00:02:10.892', 3),
(2509, 45, '00:01:36.772', 3),
(2510, 45, '00:01:41.606', 3),
(2511, 45, '00:01:55.521', 3),
(2512, 45, '00:02:09.520', 3),
(2513, 45, '00:01:37.594', 3),
(2514, 45, '00:02:09.369', 3),
(2515, 45, '00:01:51.623', 3),
(2516, 45, '00:01:49.632', 3),
(2517, 45, '00:01:48.709', 3),
(2518, 45, '00:01:46.873', 3),
(2519, 45, '00:01:52.245', 3),
(2520, 45, '00:01:38.403', 3),
(2521, 45, '00:01:49.685', 3),
(2522, 45, '00:01:56.046', 3),
(2523, 45, '00:01:38.091', 3),
(2524, 45, '00:02:01.906', 3),
(2525, 45, '00:01:31.973', 3),
(2526, 46, '00:01:50.524', 3),
(2527, 46, '00:01:40.618', 3),
(2528, 46, '00:02:04.175', 3),
(2529, 46, '00:01:35.219', 3),
(2530, 46, '00:01:46.219', 3),
(2531, 46, '00:01:51.219', 3),
(2532, 46, '00:01:42.090', 3),
(2533, 46, '00:02:10.476', 3),
(2534, 46, '00:01:53.887', 3),
(2535, 46, '00:01:46.566', 3),
(2536, 46, '00:01:35.039', 3),
(2537, 46, '00:01:34.199', 3),
(2538, 46, '00:01:31.420', 3),
(2539, 46, '00:01:31.880', 3),
(2540, 46, '00:01:48.374', 3),
(2541, 46, '00:01:39.104', 3),
(2542, 46, '00:01:42.040', 3),
(2543, 46, '00:01:46.486', 3),
(2544, 46, '00:02:00.785', 3),
(2545, 46, '00:01:36.654', 3),
(2546, 46, '00:02:01.346', 3),
(2547, 46, '00:01:35.298', 3),
(2548, 46, '00:01:39.603', 3),
(2549, 46, '00:02:08.591', 3),
(2550, 46, '00:01:52.261', 3),
(2551, 46, '00:01:35.353', 3),
(2552, 46, '00:01:56.096', 3),
(2553, 46, '00:01:44.939', 3),
(2554, 46, '00:01:48.032', 3),
(2555, 46, '00:02:10.642', 3),
(2556, 47, '00:02:04.473', 3),
(2557, 47, '00:02:03.416', 3),
(2558, 47, '00:01:34.506', 3),
(2559, 47, '00:01:38.092', 3),
(2560, 47, '00:01:31.452', 3),
(2561, 47, '00:01:43.039', 3),
(2562, 47, '00:01:51.972', 3),
(2563, 47, '00:02:06.108', 3),
(2564, 47, '00:01:31.149', 3),
(2565, 47, '00:01:57.144', 3),
(2566, 47, '00:01:54.314', 3),
(2567, 47, '00:01:43.045', 3),
(2568, 47, '00:01:32.972', 3),
(2569, 47, '00:01:50.140', 3),
(2570, 47, '00:01:44.237', 3),
(2571, 47, '00:01:40.199', 3),
(2572, 47, '00:01:44.779', 3),
(2573, 47, '00:01:37.817', 3),
(2574, 47, '00:01:37.297', 3),
(2575, 47, '00:02:01.760', 3),
(2576, 47, '00:01:35.788', 3),
(2577, 47, '00:01:34.428', 3),
(2578, 47, '00:01:32.868', 3),
(2579, 47, '00:01:37.561', 3),
(2580, 47, '00:01:59.254', 3),
(2581, 47, '00:02:00.023', 3),
(2582, 47, '00:01:43.242', 3),
(2583, 47, '00:01:39.734', 3),
(2584, 47, '00:01:32.440', 3),
(2585, 47, '00:01:47.726', 3),
(2586, 48, '00:01:48.133', 3),
(2587, 48, '00:01:55.117', 3),
(2588, 48, '00:01:55.725', 3),
(2589, 48, '00:01:47.123', 3),
(2590, 48, '00:02:04.988', 3),
(2591, 48, '00:02:00.270', 3),
(2592, 48, '00:02:01.582', 3),
(2593, 48, '00:01:47.789', 3),
(2594, 48, '00:02:04.007', 3),
(2595, 48, '00:01:42.014', 3),
(2596, 48, '00:02:05.403', 3),
(2597, 48, '00:01:43.110', 3),
(2598, 48, '00:01:52.655', 3),
(2599, 48, '00:01:42.480', 3),
(2600, 48, '00:02:07.049', 3),
(2601, 48, '00:01:49.718', 3),
(2602, 48, '00:01:49.249', 3),
(2603, 48, '00:01:47.619', 3),
(2604, 48, '00:01:56.916', 3),
(2605, 48, '00:01:36.306', 3),
(2606, 48, '00:01:33.903', 3),
(2607, 48, '00:02:07.317', 3),
(2608, 48, '00:01:59.204', 3),
(2609, 48, '00:02:10.766', 3),
(2610, 48, '00:01:46.876', 3),
(2611, 48, '00:01:53.791', 3),
(2612, 48, '00:01:41.705', 3),
(2613, 48, '00:02:10.633', 3),
(2614, 48, '00:01:38.706', 3),
(2615, 48, '00:01:48.922', 3),
(2616, 49, '00:01:37.671', 3),
(2617, 49, '00:01:57.990', 3),
(2618, 49, '00:02:02.213', 3),
(2619, 49, '00:01:35.857', 3),
(2620, 49, '00:01:43.596', 3),
(2621, 49, '00:01:37.384', 3),
(2622, 49, '00:01:42.140', 3),
(2623, 49, '00:01:51.662', 3),
(2624, 49, '00:01:44.562', 3),
(2625, 49, '00:01:57.122', 3),
(2626, 49, '00:01:50.817', 3),
(2627, 49, '00:02:06.728', 3),
(2628, 49, '00:01:33.920', 3),
(2629, 49, '00:02:09.607', 3),
(2630, 49, '00:01:56.645', 3),
(2631, 49, '00:01:44.094', 3),
(2632, 49, '00:01:32.737', 3),
(2633, 49, '00:01:43.004', 3),
(2634, 49, '00:02:09.536', 3),
(2635, 49, '00:01:31.179', 3),
(2636, 49, '00:01:44.324', 3),
(2637, 49, '00:02:10.068', 3),
(2638, 49, '00:01:51.501', 3),
(2639, 49, '00:02:04.714', 3),
(2640, 49, '00:01:44.731', 3),
(2641, 49, '00:02:00.828', 3),
(2642, 49, '00:01:43.586', 3),
(2643, 49, '00:02:05.932', 3),
(2644, 49, '00:02:03.864', 3),
(2645, 49, '00:01:55.391', 3),
(2646, 50, '00:01:36.328', 3),
(2647, 50, '00:02:10.498', 3),
(2648, 50, '00:01:36.875', 3),
(2649, 50, '00:01:59.207', 3),
(2650, 50, '00:01:49.708', 3),
(2651, 50, '00:01:46.678', 3),
(2652, 50, '00:01:58.802', 3),
(2653, 50, '00:01:57.418', 3),
(2654, 50, '00:01:49.017', 3),
(2655, 50, '00:02:10.783', 3),
(2656, 50, '00:01:35.259', 3),
(2657, 50, '00:01:37.367', 3),
(2658, 50, '00:01:49.293', 3),
(2659, 50, '00:01:49.044', 3),
(2660, 50, '00:02:04.005', 3),
(2661, 50, '00:01:57.684', 3),
(2662, 50, '00:01:40.241', 3),
(2663, 50, '00:01:49.051', 3),
(2664, 50, '00:01:39.936', 3),
(2665, 50, '00:01:52.793', 3),
(2666, 50, '00:01:31.278', 3),
(2667, 50, '00:01:57.334', 3),
(2668, 50, '00:01:37.812', 3),
(2669, 50, '00:01:38.663', 3),
(2670, 50, '00:02:09.500', 3),
(2671, 50, '00:01:59.024', 3),
(2672, 50, '00:02:06.849', 3),
(2673, 50, '00:01:50.104', 3),
(2674, 50, '00:01:31.623', 3),
(2675, 50, '00:01:31.664', 3),
(2676, 51, '00:01:42.246', 3),
(2677, 51, '00:01:34.561', 3),
(2678, 51, '00:01:53.108', 3),
(2679, 51, '00:02:05.091', 3),
(2680, 51, '00:01:41.124', 3),
(2681, 51, '00:01:58.417', 3),
(2682, 51, '00:01:34.992', 3),
(2683, 51, '00:01:45.523', 3),
(2684, 51, '00:01:32.379', 3),
(2685, 51, '00:01:55.061', 3),
(2686, 51, '00:02:10.349', 3),
(2687, 51, '00:01:55.222', 3),
(2688, 51, '00:01:59.324', 3),
(2689, 51, '00:01:34.554', 3),
(2690, 51, '00:02:10.693', 3),
(2691, 51, '00:01:46.530', 3),
(2692, 51, '00:01:53.052', 3),
(2693, 51, '00:01:33.843', 3),
(2694, 51, '00:01:47.309', 3),
(2695, 51, '00:01:39.966', 3),
(2696, 51, '00:01:30.264', 3),
(2697, 51, '00:01:36.503', 3),
(2698, 51, '00:01:49.489', 3),
(2699, 51, '00:01:58.307', 3),
(2700, 51, '00:01:41.892', 3),
(2701, 51, '00:01:33.787', 3),
(2702, 51, '00:01:53.083', 3),
(2703, 51, '00:01:32.749', 3),
(2704, 51, '00:01:49.148', 3),
(2705, 51, '00:01:57.865', 3),
(2706, 52, '00:02:05.605', 3),
(2707, 52, '00:01:49.965', 3),
(2708, 52, '00:01:55.031', 3),
(2709, 52, '00:01:40.497', 3),
(2710, 52, '00:01:41.231', 3),
(2711, 52, '00:01:57.743', 3),
(2712, 52, '00:01:36.981', 3),
(2713, 52, '00:01:53.665', 3),
(2714, 52, '00:01:43.744', 3),
(2715, 52, '00:01:36.084', 3),
(2716, 52, '00:02:01.141', 3),
(2717, 52, '00:01:50.768', 3),
(2718, 52, '00:01:56.206', 3),
(2719, 52, '00:01:39.563', 3),
(2720, 52, '00:01:53.963', 3),
(2721, 52, '00:01:55.691', 3),
(2722, 52, '00:01:53.348', 3),
(2723, 52, '00:01:38.566', 3),
(2724, 52, '00:01:52.705', 3),
(2725, 52, '00:01:53.151', 3),
(2726, 52, '00:01:49.240', 3),
(2727, 52, '00:01:31.205', 3),
(2728, 52, '00:01:43.929', 3),
(2729, 52, '00:02:02.606', 3),
(2730, 52, '00:01:55.769', 3),
(2731, 52, '00:01:45.021', 3),
(2732, 52, '00:02:05.709', 3),
(2733, 52, '00:02:10.986', 3),
(2734, 52, '00:02:01.508', 3),
(2735, 52, '00:01:54.901', 3),
(2736, 53, '00:01:43.037', 3),
(2737, 53, '00:01:36.934', 3),
(2738, 53, '00:01:55.747', 3),
(2739, 53, '00:01:52.532', 3),
(2740, 53, '00:02:01.128', 3),
(2741, 53, '00:01:50.267', 3),
(2742, 53, '00:01:53.168', 3),
(2743, 53, '00:01:38.526', 3),
(2744, 53, '00:01:33.153', 3),
(2745, 53, '00:01:47.232', 3),
(2746, 53, '00:02:00.224', 3),
(2747, 53, '00:01:53.841', 3),
(2748, 53, '00:02:05.952', 3),
(2749, 53, '00:01:32.396', 3),
(2750, 53, '00:01:58.119', 3),
(2751, 53, '00:01:35.521', 3),
(2752, 53, '00:01:56.828', 3),
(2753, 53, '00:01:54.596', 3),
(2754, 53, '00:01:58.929', 3),
(2755, 53, '00:01:44.635', 3),
(2756, 53, '00:01:48.807', 3),
(2757, 53, '00:01:48.137', 3),
(2758, 53, '00:01:44.618', 3),
(2759, 53, '00:01:45.060', 3),
(2760, 53, '00:02:09.754', 3),
(2761, 53, '00:01:36.079', 3),
(2762, 53, '00:01:52.892', 3),
(2763, 53, '00:02:10.307', 3),
(2764, 53, '00:01:57.713', 3),
(2765, 53, '00:02:10.765', 3),
(2766, 54, '00:01:49.185', 3),
(2767, 54, '00:01:52.311', 3),
(2768, 54, '00:02:06.213', 3),
(2769, 54, '00:01:41.056', 3),
(2770, 54, '00:01:51.867', 3),
(2771, 54, '00:01:36.503', 3),
(2772, 54, '00:01:35.843', 3),
(2773, 54, '00:02:00.304', 3),
(2774, 54, '00:02:08.255', 3),
(2775, 54, '00:02:10.753', 3),
(2776, 54, '00:01:51.106', 3),
(2777, 54, '00:02:03.681', 3),
(2778, 54, '00:02:08.507', 3),
(2779, 54, '00:02:05.204', 3),
(2780, 54, '00:01:58.129', 3),
(2781, 54, '00:02:07.173', 3),
(2782, 54, '00:02:05.778', 3),
(2783, 54, '00:01:35.441', 3),
(2784, 54, '00:01:41.026', 3),
(2785, 54, '00:01:34.335', 3),
(2786, 54, '00:01:34.137', 3),
(2787, 54, '00:02:09.064', 3),
(2788, 54, '00:02:09.562', 3),
(2789, 54, '00:01:45.897', 3),
(2790, 54, '00:02:00.827', 3),
(2791, 54, '00:02:06.348', 3),
(2792, 54, '00:01:37.734', 3),
(2793, 54, '00:02:01.437', 3),
(2794, 54, '00:02:08.512', 3),
(2795, 54, '00:01:43.586', 3),
(2796, 55, '00:01:50.301', 3),
(2797, 55, '00:01:37.294', 3),
(2798, 55, '00:02:03.089', 3),
(2799, 55, '00:01:43.343', 3),
(2800, 55, '00:02:03.734', 3),
(2801, 55, '00:02:06.796', 3),
(2802, 55, '00:01:31.858', 3),
(2803, 55, '00:02:07.222', 3),
(2804, 55, '00:01:37.995', 3),
(2805, 55, '00:02:08.706', 3),
(2806, 55, '00:01:54.046', 3),
(2807, 55, '00:01:46.213', 3),
(2808, 55, '00:02:05.313', 3),
(2809, 55, '00:01:38.719', 3),
(2810, 55, '00:01:36.030', 3),
(2811, 55, '00:02:00.991', 3),
(2812, 55, '00:02:00.326', 3),
(2813, 55, '00:02:03.877', 3),
(2814, 55, '00:02:06.031', 3),
(2815, 55, '00:01:35.530', 3),
(2816, 55, '00:01:30.988', 3),
(2817, 55, '00:02:04.891', 3),
(2818, 55, '00:02:01.250', 3),
(2819, 55, '00:01:47.985', 3),
(2820, 55, '00:01:37.963', 3),
(2821, 55, '00:02:07.814', 3),
(2822, 55, '00:02:02.668', 3),
(2823, 55, '00:02:02.437', 3),
(2824, 55, '00:01:47.827', 3),
(2825, 55, '00:01:56.124', 3),
(2826, 56, '00:01:34.925', 3),
(2827, 56, '00:01:40.166', 3),
(2828, 56, '00:01:37.782', 3),
(2829, 56, '00:01:32.604', 3),
(2830, 56, '00:01:44.712', 3),
(2831, 56, '00:01:35.433', 3),
(2832, 56, '00:01:46.358', 3),
(2833, 56, '00:02:04.391', 3),
(2834, 56, '00:02:05.723', 3),
(2835, 56, '00:01:47.515', 3),
(2836, 56, '00:02:01.146', 3),
(2837, 56, '00:01:41.894', 3),
(2838, 56, '00:01:56.557', 3),
(2839, 56, '00:01:56.736', 3),
(2840, 56, '00:01:59.980', 3),
(2841, 56, '00:02:03.178', 3),
(2842, 56, '00:01:34.228', 3),
(2843, 56, '00:01:42.014', 3),
(2844, 56, '00:01:41.207', 3),
(2845, 56, '00:01:44.422', 3),
(2846, 56, '00:01:54.696', 3),
(2847, 56, '00:01:37.297', 3),
(2848, 56, '00:01:30.571', 3),
(2849, 56, '00:01:42.220', 3),
(2850, 56, '00:01:31.863', 3),
(2851, 56, '00:01:53.324', 3),
(2852, 56, '00:01:34.810', 3),
(2853, 56, '00:01:48.342', 3),
(2854, 56, '00:01:31.694', 3),
(2855, 56, '00:01:41.236', 3),
(2856, 57, '00:01:58.703', 3),
(2857, 57, '00:01:38.212', 3),
(2858, 57, '00:01:58.551', 3),
(2859, 57, '00:02:05.254', 3),
(2860, 57, '00:01:48.318', 3),
(2861, 57, '00:01:58.740', 3),
(2862, 57, '00:02:04.684', 3),
(2863, 57, '00:01:41.770', 3),
(2864, 57, '00:02:10.622', 3),
(2865, 57, '00:01:55.803', 3),
(2866, 57, '00:01:40.851', 3),
(2867, 57, '00:01:34.201', 3),
(2868, 57, '00:01:37.834', 3),
(2869, 57, '00:01:49.171', 3),
(2870, 57, '00:02:06.956', 3),
(2871, 57, '00:02:04.978', 3),
(2872, 57, '00:01:47.093', 3),
(2873, 57, '00:01:33.473', 3),
(2874, 57, '00:02:04.184', 3),
(2875, 57, '00:01:31.979', 3),
(2876, 57, '00:02:00.111', 3),
(2877, 57, '00:01:38.670', 3),
(2878, 57, '00:01:40.861', 3),
(2879, 57, '00:02:06.221', 3),
(2880, 57, '00:01:46.144', 3),
(2881, 57, '00:02:04.181', 3),
(2882, 57, '00:02:02.155', 3),
(2883, 57, '00:01:36.875', 3),
(2884, 57, '00:01:54.085', 3),
(2885, 57, '00:01:49.220', 3),
(2886, 58, '00:02:09.369', 3),
(2887, 58, '00:01:31.017', 3),
(2888, 58, '00:01:42.254', 3),
(2889, 58, '00:02:06.028', 3),
(2890, 58, '00:01:41.646', 3),
(2891, 58, '00:01:36.471', 3),
(2892, 58, '00:02:07.066', 3),
(2893, 58, '00:01:57.916', 3),
(2894, 58, '00:01:36.535', 3),
(2895, 58, '00:01:38.239', 3),
(2896, 58, '00:01:43.235', 3),
(2897, 58, '00:01:59.043', 3),
(2898, 58, '00:01:57.494', 3),
(2899, 58, '00:01:44.570', 3),
(2900, 58, '00:01:48.155', 3),
(2901, 58, '00:01:52.832', 3),
(2902, 58, '00:01:38.492', 3),
(2903, 58, '00:01:45.301', 3),
(2904, 58, '00:02:02.992', 3),
(2905, 58, '00:01:53.643', 3),
(2906, 58, '00:01:53.485', 3),
(2907, 58, '00:01:40.999', 3),
(2908, 58, '00:01:52.675', 3),
(2909, 58, '00:01:34.032', 3),
(2910, 58, '00:02:04.359', 3),
(2911, 58, '00:01:59.198', 3),
(2912, 58, '00:01:31.251', 3),
(2913, 58, '00:01:40.799', 3),
(2914, 58, '00:01:43.084', 3),
(2915, 58, '00:01:31.196', 3),
(2916, 59, '00:00:12.146', 1),
(2917, 59, '00:00:05.022', 1),
(2918, 59, '00:00:13.950', 1),
(2919, 59, '00:00:05.022', 1),
(2920, 59, '00:00:05.023', 1),
(2921, 59, '00:00:05.024', 1),
(2922, 59, '00:00:12.675', 1),
(2923, 59, '00:00:09.673', 1),
(2924, 60, '00:00:05.096', 3),
(2925, 60, '00:00:05.106', 3),
(2926, 60, '00:00:09.516', 3),
(2927, 102, '00:02:01.969', 1),
(2928, 102, '00:01:45.303', 1),
(2929, 102, '00:02:00.080', 1),
(2930, 102, '00:01:30.809', 1),
(2931, 102, '00:01:33.474', 1),
(2932, 102, '00:01:44.576', 1),
(2933, 102, '00:02:10.167', 1),
(2934, 101, '00:01:51.900', 1),
(2935, 101, '00:01:34.397', 1),
(2936, 101, '00:02:10.549', 1),
(2937, 101, '00:02:06.942', 1),
(2938, 101, '00:01:36.353', 1),
(2939, 101, '00:01:50.863', 1),
(2940, 101, '00:01:36.733', 1),
(2941, 100, '00:01:32.344', 1),
(2942, 100, '00:02:00.651', 1),
(2943, 100, '00:02:09.597', 1),
(2944, 100, '00:01:58.872', 1),
(2945, 100, '00:01:42.800', 1),
(2946, 100, '00:01:52.410', 1),
(2947, 100, '00:01:54.815', 1),
(2948, 99, '00:01:34.201', 1),
(2949, 99, '00:01:58.473', 1),
(2950, 99, '00:01:39.028', 1),
(2951, 99, '00:01:58.684', 1),
(2952, 99, '00:01:34.525', 1),
(2953, 99, '00:01:36.620', 1),
(2954, 99, '00:01:54.331', 1),
(2955, 98, '00:02:01.036', 1),
(2956, 98, '00:02:09.989', 1),
(2957, 98, '00:01:49.862', 1),
(2958, 98, '00:01:42.703', 1),
(2959, 98, '00:01:45.708', 1),
(2960, 98, '00:01:54.447', 1),
(2961, 98, '00:01:50.168', 1),
(2962, 97, '00:01:40.035', 1),
(2963, 97, '00:01:59.649', 1),
(2964, 97, '00:02:06.882', 1),
(2965, 97, '00:02:02.407', 1),
(2966, 97, '00:01:37.286', 1),
(2967, 97, '00:01:38.255', 1),
(2968, 97, '00:01:38.060', 1),
(2969, 96, '00:02:04.377', 1),
(2970, 96, '00:01:47.447', 1),
(2971, 96, '00:02:04.733', 1),
(2972, 96, '00:01:56.565', 1),
(2973, 96, '00:01:31.774', 1),
(2974, 96, '00:01:30.321', 1),
(2975, 96, '00:02:09.689', 1),
(2976, 95, '00:01:56.048', 1),
(2977, 95, '00:02:00.219', 1),
(2978, 95, '00:01:59.858', 1),
(2979, 95, '00:02:00.604', 1),
(2980, 95, '00:01:56.132', 1),
(2981, 95, '00:01:58.631', 1),
(2982, 95, '00:01:44.203', 1),
(2983, 94, '00:01:43.599', 1),
(2984, 94, '00:01:31.970', 1),
(2985, 94, '00:01:42.399', 1),
(2986, 94, '00:01:43.470', 1),
(2987, 94, '00:02:06.795', 1),
(2988, 94, '00:01:39.128', 1),
(2989, 94, '00:01:45.295', 1),
(2990, 93, '00:01:40.369', 1),
(2991, 93, '00:01:54.194', 1),
(2992, 93, '00:02:08.581', 1),
(2993, 93, '00:01:33.557', 1),
(2994, 93, '00:01:44.683', 1),
(2995, 93, '00:01:40.085', 1),
(2996, 93, '00:02:08.346', 1),
(2997, 92, '00:02:10.039', 1),
(2998, 92, '00:01:36.165', 1),
(2999, 92, '00:01:40.217', 1),
(3000, 92, '00:01:45.996', 1),
(3001, 92, '00:02:10.593', 1),
(3002, 92, '00:01:33.078', 1),
(3003, 92, '00:02:10.212', 1),
(3004, 91, '00:01:48.110', 1),
(3005, 91, '00:01:41.967', 1),
(3006, 91, '00:02:03.116', 1),
(3007, 91, '00:01:54.678', 1),
(3008, 91, '00:01:46.985', 1),
(3009, 91, '00:01:32.863', 1),
(3010, 91, '00:02:07.201', 1),
(3011, 90, '00:01:52.165', 1),
(3012, 90, '00:01:43.863', 1),
(3013, 90, '00:01:37.731', 1),
(3014, 90, '00:01:53.961', 1),
(3015, 90, '00:01:47.148', 1),
(3016, 90, '00:02:01.646', 1),
(3017, 90, '00:01:47.385', 1),
(3018, 89, '00:01:32.077', 1),
(3019, 89, '00:01:33.814', 1),
(3020, 89, '00:02:10.557', 1),
(3021, 89, '00:01:47.213', 1),
(3022, 89, '00:02:03.192', 1),
(3023, 89, '00:01:59.258', 1),
(3024, 89, '00:01:51.142', 1),
(3025, 88, '00:02:00.856', 1),
(3026, 88, '00:02:02.773', 1),
(3027, 88, '00:01:47.503', 1),
(3028, 88, '00:01:50.547', 1),
(3029, 88, '00:02:00.833', 1),
(3030, 88, '00:02:05.511', 1),
(3031, 88, '00:01:41.888', 1),
(3032, 87, '00:01:36.823', 1),
(3033, 87, '00:01:39.586', 1),
(3034, 87, '00:01:49.409', 1),
(3035, 87, '00:01:48.243', 1),
(3036, 87, '00:02:03.825', 1),
(3037, 87, '00:01:42.913', 1),
(3038, 87, '00:01:57.873', 1),
(3039, 86, '00:02:05.317', 1),
(3040, 86, '00:01:45.372', 1),
(3041, 86, '00:01:42.424', 1),
(3042, 86, '00:01:52.171', 1),
(3043, 86, '00:01:37.655', 1),
(3044, 86, '00:01:45.553', 1),
(3045, 86, '00:01:49.032', 1),
(3046, 85, '00:01:57.991', 1),
(3047, 85, '00:01:30.516', 1),
(3048, 85, '00:02:10.281', 1),
(3049, 85, '00:01:34.682', 1),
(3050, 85, '00:02:01.624', 1),
(3051, 85, '00:01:30.620', 1),
(3052, 85, '00:01:38.234', 1),
(3053, 84, '00:01:33.044', 1),
(3054, 84, '00:02:05.175', 1),
(3055, 84, '00:01:40.719', 1),
(3056, 84, '00:01:41.383', 1),
(3057, 84, '00:01:39.041', 1),
(3058, 84, '00:02:10.302', 1),
(3059, 84, '00:02:00.220', 1),
(3060, 83, '00:01:34.213', 1),
(3061, 83, '00:01:35.473', 1),
(3062, 83, '00:01:51.920', 1),
(3063, 83, '00:01:57.429', 1),
(3064, 83, '00:01:52.510', 1),
(3065, 83, '00:01:57.246', 1),
(3066, 83, '00:01:49.721', 1),
(3067, 82, '00:01:36.703', 1),
(3068, 82, '00:02:10.606', 1),
(3069, 82, '00:01:55.086', 1),
(3070, 82, '00:01:34.444', 1),
(3071, 82, '00:01:44.396', 1),
(3072, 82, '00:01:51.813', 1),
(3073, 82, '00:02:01.709', 1),
(3074, 81, '00:01:39.374', 1),
(3075, 81, '00:01:34.647', 1),
(3076, 81, '00:01:43.675', 1),
(3077, 81, '00:01:54.482', 1),
(3078, 81, '00:02:02.683', 1),
(3079, 81, '00:01:57.370', 1),
(3080, 81, '00:02:05.380', 1),
(3081, 80, '00:01:31.694', 1),
(3082, 80, '00:02:04.549', 1),
(3083, 80, '00:02:00.196', 1),
(3084, 80, '00:01:48.399', 1),
(3085, 80, '00:01:37.015', 1),
(3086, 80, '00:02:00.571', 1),
(3087, 80, '00:01:30.310', 1),
(3088, 79, '00:01:36.655', 1),
(3089, 79, '00:02:05.506', 1),
(3090, 79, '00:01:51.821', 1),
(3091, 79, '00:01:39.905', 1),
(3092, 79, '00:02:05.314', 1),
(3093, 79, '00:01:46.242', 1),
(3094, 79, '00:02:07.166', 1),
(3095, 78, '00:01:40.585', 1),
(3096, 78, '00:02:09.719', 1),
(3097, 78, '00:01:57.045', 1),
(3098, 78, '00:01:43.481', 1),
(3099, 78, '00:02:07.741', 1),
(3100, 78, '00:01:37.856', 1),
(3101, 78, '00:02:09.985', 1),
(3102, 77, '00:01:54.023', 1),
(3103, 77, '00:01:58.331', 1),
(3104, 77, '00:01:35.437', 1),
(3105, 77, '00:01:47.432', 1),
(3106, 77, '00:01:45.166', 1),
(3107, 77, '00:01:39.373', 1),
(3108, 77, '00:01:30.003', 1),
(3109, 76, '00:01:51.996', 1),
(3110, 76, '00:02:07.944', 1),
(3111, 76, '00:01:52.632', 1),
(3112, 76, '00:02:09.183', 1),
(3113, 76, '00:01:39.832', 1),
(3114, 76, '00:01:53.463', 1),
(3115, 76, '00:01:52.073', 1),
(3116, 75, '00:01:46.191', 1),
(3117, 75, '00:01:50.221', 1),
(3118, 75, '00:01:52.202', 1),
(3119, 75, '00:01:40.830', 1),
(3120, 75, '00:01:43.740', 1),
(3121, 75, '00:01:50.797', 1),
(3122, 75, '00:01:42.011', 1),
(3123, 74, '00:01:59.481', 1),
(3124, 74, '00:01:44.002', 1),
(3125, 74, '00:02:01.660', 1),
(3126, 74, '00:01:53.413', 1),
(3127, 74, '00:02:01.552', 1),
(3128, 74, '00:02:01.338', 1),
(3129, 74, '00:01:37.578', 1),
(3130, 73, '00:01:57.690', 1),
(3131, 73, '00:01:58.576', 1),
(3132, 73, '00:02:08.098', 1),
(3133, 73, '00:02:04.616', 1),
(3134, 73, '00:01:54.611', 1),
(3135, 73, '00:01:39.429', 1),
(3136, 73, '00:01:47.404', 1),
(3137, 72, '00:02:09.112', 1),
(3138, 72, '00:01:47.805', 1),
(3139, 72, '00:01:37.050', 1),
(3140, 72, '00:02:02.397', 1),
(3141, 72, '00:01:53.105', 1),
(3142, 72, '00:02:06.192', 1),
(3143, 72, '00:01:37.646', 1),
(3144, 71, '00:02:06.528', 1),
(3145, 71, '00:01:33.451', 1),
(3146, 71, '00:01:56.619', 1),
(3147, 71, '00:01:55.749', 1),
(3148, 71, '00:01:33.338', 1),
(3149, 71, '00:02:05.553', 1),
(3150, 71, '00:01:38.699', 1),
(3151, 70, '00:02:00.650', 1),
(3152, 70, '00:02:01.036', 1),
(3153, 70, '00:01:57.070', 1),
(3154, 70, '00:01:54.671', 1),
(3155, 70, '00:02:01.143', 1),
(3156, 70, '00:01:47.971', 1),
(3157, 70, '00:01:51.351', 1),
(3158, 69, '00:01:38.021', 1),
(3159, 69, '00:01:55.807', 1),
(3160, 69, '00:01:51.737', 1),
(3161, 69, '00:01:55.237', 1),
(3162, 69, '00:02:07.734', 1),
(3163, 69, '00:01:58.344', 1),
(3164, 69, '00:01:34.528', 1),
(3165, 68, '00:02:00.569', 1),
(3166, 68, '00:01:41.527', 1),
(3167, 68, '00:01:47.969', 1),
(3168, 68, '00:01:50.463', 1),
(3169, 68, '00:01:41.340', 1),
(3170, 68, '00:02:02.416', 1),
(3171, 68, '00:01:48.499', 1),
(3172, 67, '00:02:05.141', 1),
(3173, 67, '00:01:41.612', 1),
(3174, 67, '00:02:03.211', 1),
(3175, 67, '00:01:56.723', 1),
(3176, 67, '00:01:44.753', 1),
(3177, 67, '00:01:43.982', 1),
(3178, 67, '00:01:48.327', 1),
(3179, 66, '00:01:43.705', 1),
(3180, 66, '00:01:47.405', 1),
(3181, 66, '00:02:05.999', 1),
(3182, 66, '00:01:43.513', 1),
(3183, 66, '00:01:57.415', 1),
(3184, 66, '00:01:39.174', 1),
(3185, 66, '00:02:05.217', 1),
(3186, 65, '00:01:31.288', 1),
(3187, 65, '00:01:56.644', 1),
(3188, 65, '00:01:41.315', 1),
(3189, 65, '00:01:35.049', 1),
(3190, 65, '00:02:01.917', 1),
(3191, 65, '00:01:33.967', 1),
(3192, 65, '00:01:31.102', 1),
(3193, 64, '00:01:34.452', 1),
(3194, 64, '00:01:34.792', 1),
(3195, 64, '00:01:43.354', 1),
(3196, 64, '00:02:03.120', 1),
(3197, 64, '00:01:52.021', 1),
(3198, 64, '00:01:52.780', 1),
(3199, 64, '00:02:03.430', 1),
(3200, 102, '00:01:47.108', 2),
(3201, 102, '00:01:55.815', 2),
(3202, 102, '00:01:31.959', 2),
(3203, 102, '00:02:04.771', 2),
(3204, 102, '00:01:31.702', 2),
(3205, 102, '00:01:36.976', 2),
(3206, 102, '00:01:55.532', 2),
(3207, 101, '00:01:49.085', 2),
(3208, 101, '00:01:39.455', 2),
(3209, 101, '00:01:45.997', 2),
(3210, 101, '00:01:36.681', 2),
(3211, 101, '00:01:38.933', 2),
(3212, 101, '00:01:31.558', 2),
(3213, 101, '00:02:04.815', 2),
(3214, 100, '00:01:37.754', 2),
(3215, 100, '00:01:59.421', 2),
(3216, 100, '00:01:30.129', 2),
(3217, 100, '00:01:46.889', 2),
(3218, 100, '00:01:56.397', 2),
(3219, 100, '00:01:36.146', 2),
(3220, 100, '00:01:37.249', 2),
(3221, 99, '00:01:30.838', 2),
(3222, 99, '00:01:37.342', 2),
(3223, 99, '00:01:44.857', 2),
(3224, 99, '00:01:54.746', 2),
(3225, 99, '00:01:42.574', 2),
(3226, 99, '00:02:02.481', 2),
(3227, 99, '00:01:31.538', 2),
(3228, 98, '00:01:48.384', 2),
(3229, 98, '00:01:45.044', 2),
(3230, 98, '00:02:01.512', 2),
(3231, 98, '00:01:52.022', 2),
(3232, 98, '00:01:37.452', 2),
(3233, 98, '00:01:45.780', 2),
(3234, 98, '00:01:41.679', 2),
(3235, 97, '00:01:32.388', 2),
(3236, 97, '00:01:36.469', 2),
(3237, 97, '00:01:55.638', 2),
(3238, 97, '00:01:57.510', 2),
(3239, 97, '00:01:47.944', 2),
(3240, 97, '00:01:35.576', 2),
(3241, 97, '00:02:09.129', 2),
(3242, 96, '00:01:48.028', 2),
(3243, 96, '00:01:43.615', 2),
(3244, 96, '00:01:38.340', 2),
(3245, 96, '00:02:02.298', 2),
(3246, 96, '00:01:48.225', 2),
(3247, 96, '00:01:42.273', 2),
(3248, 96, '00:01:50.572', 2),
(3249, 95, '00:01:37.016', 2),
(3250, 95, '00:01:39.744', 2),
(3251, 95, '00:01:38.215', 2),
(3252, 95, '00:01:40.444', 2),
(3253, 95, '00:01:47.196', 2),
(3254, 95, '00:01:30.779', 2),
(3255, 95, '00:02:02.891', 2),
(3256, 94, '00:01:52.884', 2),
(3257, 94, '00:01:50.484', 2),
(3258, 94, '00:01:46.742', 2),
(3259, 94, '00:01:57.591', 2),
(3260, 94, '00:01:45.703', 2),
(3261, 94, '00:01:44.601', 2),
(3262, 94, '00:01:45.367', 2),
(3263, 93, '00:01:56.323', 2),
(3264, 93, '00:01:32.701', 2),
(3265, 93, '00:01:54.317', 2),
(3266, 93, '00:01:31.150', 2),
(3267, 93, '00:01:39.283', 2),
(3268, 93, '00:01:40.295', 2),
(3269, 93, '00:01:54.432', 2),
(3270, 92, '00:01:49.416', 2),
(3271, 92, '00:01:44.299', 2),
(3272, 92, '00:01:54.972', 2),
(3273, 92, '00:02:08.830', 2),
(3274, 92, '00:02:05.692', 2),
(3275, 92, '00:01:58.921', 2),
(3276, 92, '00:01:37.975', 2),
(3277, 91, '00:02:03.171', 2),
(3278, 91, '00:01:54.476', 2),
(3279, 91, '00:01:32.600', 2),
(3280, 91, '00:01:48.233', 2),
(3281, 91, '00:01:47.628', 2),
(3282, 91, '00:02:00.538', 2),
(3283, 91, '00:01:40.493', 2),
(3284, 90, '00:01:45.483', 2),
(3285, 90, '00:01:47.131', 2),
(3286, 90, '00:01:42.197', 2),
(3287, 90, '00:01:33.129', 2),
(3288, 90, '00:02:08.465', 2),
(3289, 90, '00:01:36.894', 2),
(3290, 90, '00:01:34.122', 2),
(3291, 89, '00:01:51.677', 2),
(3292, 89, '00:01:57.398', 2),
(3293, 89, '00:01:36.885', 2),
(3294, 89, '00:01:37.375', 2),
(3295, 89, '00:01:38.159', 2),
(3296, 89, '00:01:30.608', 2),
(3297, 89, '00:01:45.969', 2),
(3298, 88, '00:01:51.441', 2),
(3299, 88, '00:01:45.693', 2),
(3300, 88, '00:01:52.013', 2),
(3301, 88, '00:01:39.426', 2),
(3302, 88, '00:01:33.303', 2),
(3303, 88, '00:01:36.601', 2),
(3304, 88, '00:01:37.868', 2),
(3305, 87, '00:02:07.220', 2),
(3306, 87, '00:01:55.849', 2),
(3307, 87, '00:01:57.803', 2),
(3308, 87, '00:01:59.390', 2),
(3309, 87, '00:02:02.609', 2),
(3310, 87, '00:01:37.813', 2),
(3311, 87, '00:01:59.474', 2),
(3312, 86, '00:02:02.435', 2),
(3313, 86, '00:02:10.354', 2),
(3314, 86, '00:01:46.854', 2),
(3315, 86, '00:02:03.075', 2),
(3316, 86, '00:02:02.184', 2),
(3317, 86, '00:01:39.270', 2),
(3318, 86, '00:01:52.750', 2),
(3319, 85, '00:01:52.732', 2),
(3320, 85, '00:01:51.966', 2),
(3321, 85, '00:01:33.111', 2),
(3322, 85, '00:02:10.945', 2),
(3323, 85, '00:01:46.606', 2),
(3324, 85, '00:02:10.503', 2),
(3325, 85, '00:01:39.252', 2),
(3326, 84, '00:02:02.914', 2),
(3327, 84, '00:02:00.692', 2),
(3328, 84, '00:01:50.949', 2),
(3329, 84, '00:01:42.955', 2),
(3330, 84, '00:01:55.316', 2),
(3331, 84, '00:02:08.809', 2),
(3332, 84, '00:01:57.443', 2),
(3333, 83, '00:01:32.794', 2),
(3334, 83, '00:02:10.950', 2),
(3335, 83, '00:01:51.698', 2),
(3336, 83, '00:01:49.978', 2),
(3337, 83, '00:02:06.713', 2),
(3338, 83, '00:01:56.304', 2),
(3339, 83, '00:02:07.833', 2),
(3340, 82, '00:01:47.480', 2),
(3341, 82, '00:01:57.430', 2),
(3342, 82, '00:01:56.616', 2),
(3343, 82, '00:01:37.511', 2),
(3344, 82, '00:01:31.498', 2),
(3345, 82, '00:01:54.657', 2),
(3346, 82, '00:01:56.041', 2),
(3347, 81, '00:02:03.410', 2),
(3348, 81, '00:01:50.737', 2),
(3349, 81, '00:02:10.469', 2),
(3350, 81, '00:01:33.338', 2),
(3351, 81, '00:01:32.340', 2),
(3352, 81, '00:01:38.555', 2),
(3353, 81, '00:01:57.243', 2),
(3354, 80, '00:01:51.895', 2),
(3355, 80, '00:01:48.323', 2),
(3356, 80, '00:02:00.031', 2),
(3357, 80, '00:01:41.286', 2),
(3358, 80, '00:02:07.652', 2),
(3359, 80, '00:02:02.496', 2),
(3360, 80, '00:01:39.158', 2),
(3361, 79, '00:01:56.767', 2),
(3362, 79, '00:01:51.943', 2),
(3363, 79, '00:01:31.242', 2),
(3364, 79, '00:01:39.513', 2),
(3365, 79, '00:01:43.860', 2),
(3366, 79, '00:01:37.574', 2),
(3367, 79, '00:01:31.981', 2),
(3368, 78, '00:01:47.397', 2),
(3369, 78, '00:01:30.846', 2),
(3370, 78, '00:01:58.739', 2),
(3371, 78, '00:01:59.038', 2),
(3372, 78, '00:01:50.478', 2),
(3373, 78, '00:02:06.023', 2),
(3374, 78, '00:01:36.868', 2),
(3375, 77, '00:01:40.293', 2),
(3376, 77, '00:02:09.130', 2),
(3377, 77, '00:01:34.542', 2),
(3378, 77, '00:02:07.920', 2),
(3379, 77, '00:01:42.131', 2),
(3380, 77, '00:01:50.174', 2),
(3381, 77, '00:02:03.585', 2),
(3382, 76, '00:02:09.829', 2),
(3383, 76, '00:02:04.334', 2),
(3384, 76, '00:01:52.025', 2),
(3385, 76, '00:01:35.513', 2),
(3386, 76, '00:01:31.523', 2),
(3387, 76, '00:02:10.700', 2),
(3388, 76, '00:01:36.841', 2),
(3389, 75, '00:01:57.751', 2),
(3390, 75, '00:01:32.666', 2),
(3391, 75, '00:01:41.535', 2),
(3392, 75, '00:02:02.070', 2),
(3393, 75, '00:01:45.178', 2),
(3394, 75, '00:01:47.851', 2),
(3395, 75, '00:02:08.263', 2),
(3396, 74, '00:02:08.005', 2),
(3397, 74, '00:01:58.110', 2),
(3398, 74, '00:01:56.000', 2),
(3399, 74, '00:02:04.405', 2),
(3400, 74, '00:01:48.406', 2),
(3401, 74, '00:01:58.149', 2),
(3402, 74, '00:01:39.131', 2),
(3403, 73, '00:01:34.559', 2),
(3404, 73, '00:02:06.525', 2),
(3405, 73, '00:02:04.464', 2),
(3406, 73, '00:01:39.030', 2),
(3407, 73, '00:02:06.646', 2),
(3408, 73, '00:02:10.240', 2),
(3409, 73, '00:01:51.118', 2),
(3410, 72, '00:02:06.158', 2),
(3411, 72, '00:01:46.208', 2),
(3412, 72, '00:01:41.117', 2),
(3413, 72, '00:01:57.848', 2),
(3414, 72, '00:01:49.800', 2),
(3415, 72, '00:01:58.158', 2),
(3416, 72, '00:01:42.163', 2),
(3417, 71, '00:01:35.464', 2),
(3418, 71, '00:01:59.012', 2),
(3419, 71, '00:01:35.926', 2),
(3420, 71, '00:01:36.411', 2),
(3421, 71, '00:01:57.911', 2),
(3422, 71, '00:01:30.282', 2),
(3423, 71, '00:02:10.489', 2),
(3424, 70, '00:01:46.410', 2),
(3425, 70, '00:01:52.071', 2),
(3426, 70, '00:01:44.934', 2),
(3427, 70, '00:02:02.824', 2),
(3428, 70, '00:01:53.953', 2),
(3429, 70, '00:01:51.653', 2),
(3430, 70, '00:01:36.391', 2),
(3431, 69, '00:01:38.050', 2),
(3432, 69, '00:01:30.885', 2),
(3433, 69, '00:02:01.425', 2),
(3434, 69, '00:01:44.435', 2),
(3435, 69, '00:01:54.292', 2),
(3436, 69, '00:01:56.437', 2),
(3437, 69, '00:01:31.539', 2),
(3438, 68, '00:01:42.599', 2),
(3439, 68, '00:02:10.821', 2),
(3440, 68, '00:01:37.768', 2),
(3441, 68, '00:02:06.438', 2),
(3442, 68, '00:01:55.849', 2),
(3443, 68, '00:01:41.115', 2),
(3444, 68, '00:01:32.237', 2),
(3445, 67, '00:01:58.566', 2),
(3446, 67, '00:01:35.430', 2),
(3447, 67, '00:01:39.618', 2),
(3448, 67, '00:02:10.345', 2),
(3449, 67, '00:01:54.127', 2),
(3450, 67, '00:01:53.186', 2),
(3451, 67, '00:01:55.416', 2),
(3452, 66, '00:01:45.074', 2),
(3453, 66, '00:01:32.427', 2),
(3454, 66, '00:01:55.324', 2),
(3455, 66, '00:01:59.907', 2),
(3456, 66, '00:02:06.113', 2),
(3457, 66, '00:02:01.870', 2),
(3458, 66, '00:01:34.461', 2),
(3459, 65, '00:01:45.203', 2),
(3460, 65, '00:01:44.763', 2),
(3461, 65, '00:02:00.781', 2),
(3462, 65, '00:01:47.067', 2),
(3463, 65, '00:01:31.865', 2),
(3464, 65, '00:01:42.469', 2),
(3465, 65, '00:02:03.462', 2),
(3466, 64, '00:01:42.297', 2),
(3467, 64, '00:02:05.922', 2),
(3468, 64, '00:01:53.277', 2),
(3469, 64, '00:01:59.499', 2),
(3470, 64, '00:01:43.028', 2),
(3471, 64, '00:01:32.668', 2),
(3472, 64, '00:02:02.086', 2),
(3473, 102, '00:02:07.324', 3),
(3474, 102, '00:01:41.268', 3),
(3475, 102, '00:01:43.429', 3),
(3476, 102, '00:01:43.500', 3),
(3477, 102, '00:01:38.592', 3),
(3478, 102, '00:02:03.658', 3),
(3479, 102, '00:02:09.022', 3),
(3480, 102, '00:02:09.446', 3),
(3481, 102, '00:01:57.019', 3),
(3482, 102, '00:01:58.856', 3),
(3483, 102, '00:01:57.642', 3),
(3484, 102, '00:02:09.157', 3),
(3485, 102, '00:01:52.441', 3),
(3486, 102, '00:01:36.812', 3),
(3487, 102, '00:02:04.895', 3),
(3488, 102, '00:01:43.030', 3),
(3489, 102, '00:02:06.279', 3),
(3490, 102, '00:01:34.625', 3),
(3491, 102, '00:01:57.159', 3),
(3492, 102, '00:01:34.647', 3),
(3493, 102, '00:02:07.858', 3),
(3494, 102, '00:01:56.284', 3),
(3495, 102, '00:02:05.213', 3),
(3496, 102, '00:01:50.805', 3),
(3497, 102, '00:01:59.651', 3),
(3498, 102, '00:01:57.696', 3),
(3499, 102, '00:01:54.176', 3),
(3500, 102, '00:02:05.624', 3),
(3501, 102, '00:01:49.936', 3),
(3502, 102, '00:01:59.866', 3),
(3503, 102, '00:01:51.916', 3),
(3504, 102, '00:01:36.417', 3),
(3505, 102, '00:01:41.155', 3),
(3506, 102, '00:01:55.266', 3),
(3507, 102, '00:01:30.254', 3),
(3508, 102, '00:02:01.093', 3),
(3509, 102, '00:02:03.057', 3),
(3510, 102, '00:01:35.099', 3),
(3511, 102, '00:01:36.096', 3),
(3512, 102, '00:01:53.100', 3),
(3513, 101, '00:01:41.294', 3),
(3514, 101, '00:01:59.954', 3),
(3515, 101, '00:01:44.043', 3),
(3516, 101, '00:01:55.991', 3),
(3517, 101, '00:02:09.920', 3),
(3518, 101, '00:01:58.481', 3),
(3519, 101, '00:02:10.882', 3),
(3520, 101, '00:02:06.477', 3),
(3521, 101, '00:01:38.151', 3),
(3522, 101, '00:01:40.530', 3),
(3523, 101, '00:01:50.899', 3),
(3524, 101, '00:01:32.097', 3),
(3525, 101, '00:01:49.828', 3),
(3526, 101, '00:01:31.722', 3),
(3527, 101, '00:01:43.063', 3),
(3528, 101, '00:01:42.809', 3),
(3529, 101, '00:01:55.685', 3),
(3530, 101, '00:02:05.077', 3),
(3531, 101, '00:01:33.469', 3),
(3532, 101, '00:01:45.510', 3),
(3533, 101, '00:01:32.527', 3),
(3534, 101, '00:01:38.203', 3),
(3535, 101, '00:01:40.739', 3),
(3536, 101, '00:02:06.945', 3),
(3537, 101, '00:02:03.685', 3),
(3538, 101, '00:01:48.644', 3),
(3539, 101, '00:01:55.117', 3),
(3540, 101, '00:02:09.386', 3),
(3541, 101, '00:01:58.901', 3),
(3542, 101, '00:01:42.080', 3),
(3543, 101, '00:02:08.649', 3),
(3544, 101, '00:02:08.522', 3),
(3545, 101, '00:01:46.486', 3),
(3546, 101, '00:01:30.502', 3),
(3547, 101, '00:01:44.098', 3),
(3548, 101, '00:01:45.254', 3),
(3549, 101, '00:01:42.065', 3),
(3550, 101, '00:02:07.940', 3),
(3551, 101, '00:02:03.005', 3),
(3552, 101, '00:01:59.457', 3),
(3553, 100, '00:01:55.398', 3),
(3554, 100, '00:02:03.998', 3),
(3555, 100, '00:01:42.111', 3),
(3556, 100, '00:02:06.679', 3),
(3557, 100, '00:01:50.010', 3),
(3558, 100, '00:02:04.779', 3),
(3559, 100, '00:02:07.535', 3),
(3560, 100, '00:01:59.775', 3),
(3561, 100, '00:01:39.511', 3),
(3562, 100, '00:01:39.005', 3),
(3563, 100, '00:02:02.339', 3),
(3564, 100, '00:01:30.433', 3),
(3565, 100, '00:01:32.881', 3),
(3566, 100, '00:01:42.478', 3),
(3567, 100, '00:01:45.211', 3),
(3568, 100, '00:02:00.424', 3),
(3569, 100, '00:01:47.654', 3),
(3570, 100, '00:02:10.883', 3),
(3571, 100, '00:02:08.118', 3),
(3572, 100, '00:01:43.994', 3),
(3573, 100, '00:01:53.063', 3),
(3574, 100, '00:01:41.192', 3),
(3575, 100, '00:01:54.996', 3),
(3576, 100, '00:02:03.450', 3),
(3577, 100, '00:02:00.673', 3),
(3578, 100, '00:01:42.828', 3),
(3579, 100, '00:02:06.218', 3),
(3580, 100, '00:01:59.220', 3),
(3581, 100, '00:02:04.623', 3),
(3582, 100, '00:01:55.169', 3),
(3583, 100, '00:01:45.806', 3),
(3584, 100, '00:01:42.881', 3),
(3585, 100, '00:02:10.179', 3),
(3586, 100, '00:01:45.747', 3),
(3587, 100, '00:02:06.739', 3),
(3588, 100, '00:02:10.569', 3),
(3589, 100, '00:01:43.422', 3),
(3590, 100, '00:01:36.372', 3),
(3591, 100, '00:01:57.445', 3),
(3592, 100, '00:01:36.593', 3),
(3593, 99, '00:01:36.726', 3),
(3594, 99, '00:02:09.023', 3),
(3595, 99, '00:01:49.245', 3),
(3596, 99, '00:01:30.205', 3),
(3597, 99, '00:01:36.991', 3),
(3598, 99, '00:02:05.197', 3),
(3599, 99, '00:02:06.107', 3),
(3600, 99, '00:01:40.785', 3),
(3601, 99, '00:01:56.483', 3),
(3602, 99, '00:01:54.581', 3),
(3603, 99, '00:01:55.962', 3),
(3604, 99, '00:01:34.635', 3),
(3605, 99, '00:01:38.077', 3),
(3606, 99, '00:01:37.470', 3),
(3607, 99, '00:01:43.981', 3),
(3608, 99, '00:01:56.533', 3),
(3609, 99, '00:02:01.775', 3),
(3610, 99, '00:01:52.032', 3),
(3611, 99, '00:01:43.884', 3),
(3612, 99, '00:01:32.389', 3),
(3613, 99, '00:01:41.241', 3),
(3614, 99, '00:01:52.234', 3),
(3615, 99, '00:02:09.974', 3),
(3616, 99, '00:02:00.500', 3),
(3617, 99, '00:01:31.142', 3),
(3618, 99, '00:01:38.053', 3),
(3619, 99, '00:02:01.826', 3),
(3620, 99, '00:01:54.978', 3),
(3621, 99, '00:02:06.986', 3),
(3622, 99, '00:01:34.733', 3),
(3623, 99, '00:01:40.381', 3),
(3624, 99, '00:01:49.416', 3),
(3625, 99, '00:01:49.007', 3),
(3626, 99, '00:01:51.792', 3),
(3627, 99, '00:01:50.316', 3),
(3628, 99, '00:01:33.733', 3),
(3629, 99, '00:01:38.561', 3),
(3630, 99, '00:02:06.110', 3),
(3631, 99, '00:01:47.813', 3),
(3632, 99, '00:02:08.988', 3),
(3633, 98, '00:02:07.640', 3),
(3634, 98, '00:01:58.030', 3),
(3635, 98, '00:01:55.141', 3),
(3636, 98, '00:01:48.888', 3),
(3637, 98, '00:01:55.579', 3),
(3638, 98, '00:01:53.111', 3),
(3639, 98, '00:02:04.578', 3),
(3640, 98, '00:01:55.386', 3),
(3641, 98, '00:02:09.376', 3),
(3642, 98, '00:01:33.413', 3);
INSERT INTO `event_lap` (`id`, `event_registration_id`, `laptime`, `event_phase_id`) VALUES
(3643, 98, '00:01:50.570', 3),
(3644, 98, '00:01:32.234', 3),
(3645, 98, '00:02:00.196', 3),
(3646, 98, '00:01:43.363', 3),
(3647, 98, '00:01:52.055', 3),
(3648, 98, '00:02:08.678', 3),
(3649, 98, '00:02:03.554', 3),
(3650, 98, '00:01:56.025', 3),
(3651, 98, '00:02:05.377', 3),
(3652, 98, '00:01:36.445', 3),
(3653, 98, '00:01:56.894', 3),
(3654, 98, '00:01:57.009', 3),
(3655, 98, '00:01:30.219', 3),
(3656, 98, '00:01:38.197', 3),
(3657, 98, '00:01:52.860', 3),
(3658, 98, '00:01:39.250', 3),
(3659, 98, '00:01:35.417', 3),
(3660, 98, '00:02:00.868', 3),
(3661, 98, '00:01:47.688', 3),
(3662, 98, '00:01:50.305', 3),
(3663, 98, '00:01:42.929', 3),
(3664, 98, '00:01:49.697', 3),
(3665, 98, '00:01:39.413', 3),
(3666, 98, '00:01:40.108', 3),
(3667, 98, '00:02:09.753', 3),
(3668, 98, '00:01:53.802', 3),
(3669, 98, '00:01:32.421', 3),
(3670, 98, '00:02:10.780', 3),
(3671, 98, '00:01:36.732', 3),
(3672, 98, '00:01:52.200', 3),
(3673, 97, '00:02:02.864', 3),
(3674, 97, '00:01:56.717', 3),
(3675, 97, '00:01:51.727', 3),
(3676, 97, '00:01:33.472', 3),
(3677, 97, '00:01:53.875', 3),
(3678, 97, '00:01:58.150', 3),
(3679, 97, '00:01:38.272', 3),
(3680, 97, '00:02:04.282', 3),
(3681, 97, '00:02:04.631', 3),
(3682, 97, '00:01:59.259', 3),
(3683, 97, '00:01:52.920', 3),
(3684, 97, '00:01:34.153', 3),
(3685, 97, '00:02:10.269', 3),
(3686, 97, '00:01:51.846', 3),
(3687, 97, '00:01:31.147', 3),
(3688, 97, '00:01:57.248', 3),
(3689, 97, '00:02:04.985', 3),
(3690, 97, '00:01:37.832', 3),
(3691, 97, '00:02:02.315', 3),
(3692, 97, '00:01:56.119', 3),
(3693, 97, '00:02:10.878', 3),
(3694, 97, '00:01:56.662', 3),
(3695, 97, '00:01:48.623', 3),
(3696, 97, '00:01:33.144', 3),
(3697, 97, '00:01:42.386', 3),
(3698, 97, '00:01:34.198', 3),
(3699, 97, '00:01:31.949', 3),
(3700, 97, '00:01:33.709', 3),
(3701, 97, '00:02:03.295', 3),
(3702, 97, '00:02:09.121', 3),
(3703, 97, '00:01:33.937', 3),
(3704, 97, '00:02:07.315', 3),
(3705, 97, '00:02:09.302', 3),
(3706, 97, '00:01:35.686', 3),
(3707, 97, '00:02:08.453', 3),
(3708, 97, '00:01:52.597', 3),
(3709, 97, '00:01:33.274', 3),
(3710, 97, '00:01:36.970', 3),
(3711, 97, '00:01:35.548', 3),
(3712, 97, '00:02:04.371', 3),
(3713, 96, '00:01:30.651', 3),
(3714, 96, '00:01:59.246', 3),
(3715, 96, '00:02:01.519', 3),
(3716, 96, '00:01:46.411', 3),
(3717, 96, '00:01:50.099', 3),
(3718, 96, '00:01:31.890', 3),
(3719, 96, '00:01:39.471', 3),
(3720, 96, '00:01:30.079', 3),
(3721, 96, '00:02:06.628', 3),
(3722, 96, '00:02:07.096', 3),
(3723, 96, '00:01:40.010', 3),
(3724, 96, '00:02:02.932', 3),
(3725, 96, '00:01:55.787', 3),
(3726, 96, '00:01:34.268', 3),
(3727, 96, '00:02:02.904', 3),
(3728, 96, '00:02:10.293', 3),
(3729, 96, '00:01:47.043', 3),
(3730, 96, '00:01:53.804', 3),
(3731, 96, '00:01:40.864', 3),
(3732, 96, '00:02:06.443', 3),
(3733, 96, '00:02:08.609', 3),
(3734, 96, '00:01:56.070', 3),
(3735, 96, '00:01:34.707', 3),
(3736, 96, '00:01:58.209', 3),
(3737, 96, '00:01:32.967', 3),
(3738, 96, '00:02:00.826', 3),
(3739, 96, '00:02:09.115', 3),
(3740, 96, '00:01:37.680', 3),
(3741, 96, '00:02:06.873', 3),
(3742, 96, '00:01:42.949', 3),
(3743, 96, '00:01:58.192', 3),
(3744, 96, '00:01:43.720', 3),
(3745, 96, '00:02:10.056', 3),
(3746, 96, '00:01:42.508', 3),
(3747, 96, '00:01:59.075', 3),
(3748, 96, '00:01:54.243', 3),
(3749, 96, '00:02:00.557', 3),
(3750, 96, '00:02:06.278', 3),
(3751, 96, '00:02:05.712', 3),
(3752, 96, '00:02:06.800', 3),
(3753, 95, '00:01:34.355', 3),
(3754, 95, '00:02:05.385', 3),
(3755, 95, '00:01:57.448', 3),
(3756, 95, '00:01:47.624', 3),
(3757, 95, '00:01:42.078', 3),
(3758, 95, '00:01:51.538', 3),
(3759, 95, '00:01:34.510', 3),
(3760, 95, '00:01:30.425', 3),
(3761, 95, '00:01:33.590', 3),
(3762, 95, '00:02:07.997', 3),
(3763, 95, '00:01:41.116', 3),
(3764, 95, '00:01:47.922', 3),
(3765, 95, '00:02:01.925', 3),
(3766, 95, '00:01:30.946', 3),
(3767, 95, '00:02:06.927', 3),
(3768, 95, '00:01:33.111', 3),
(3769, 95, '00:02:00.307', 3),
(3770, 95, '00:01:41.296', 3),
(3771, 95, '00:01:51.263', 3),
(3772, 95, '00:02:05.554', 3),
(3773, 95, '00:01:31.345', 3),
(3774, 95, '00:02:06.389', 3),
(3775, 95, '00:02:10.013', 3),
(3776, 95, '00:01:58.101', 3),
(3777, 95, '00:02:07.812', 3),
(3778, 95, '00:01:35.703', 3),
(3779, 95, '00:01:40.283', 3),
(3780, 95, '00:01:39.958', 3),
(3781, 95, '00:01:54.334', 3),
(3782, 95, '00:02:09.211', 3),
(3783, 95, '00:01:41.590', 3),
(3784, 95, '00:02:10.947', 3),
(3785, 95, '00:01:41.462', 3),
(3786, 95, '00:01:43.382', 3),
(3787, 95, '00:02:03.182', 3),
(3788, 95, '00:01:34.998', 3),
(3789, 95, '00:01:37.109', 3),
(3790, 95, '00:01:33.319', 3),
(3791, 95, '00:01:33.450', 3),
(3792, 95, '00:01:54.335', 3),
(3793, 94, '00:01:54.164', 3),
(3794, 94, '00:02:05.342', 3),
(3795, 94, '00:01:55.280', 3),
(3796, 94, '00:02:03.334', 3),
(3797, 94, '00:01:36.521', 3),
(3798, 94, '00:02:10.744', 3),
(3799, 94, '00:01:56.980', 3),
(3800, 94, '00:02:00.367', 3),
(3801, 94, '00:01:38.871', 3),
(3802, 94, '00:01:46.272', 3),
(3803, 94, '00:02:00.244', 3),
(3804, 94, '00:02:05.703', 3),
(3805, 94, '00:01:54.242', 3),
(3806, 94, '00:01:54.158', 3),
(3807, 94, '00:01:30.157', 3),
(3808, 94, '00:01:41.716', 3),
(3809, 94, '00:01:40.138', 3),
(3810, 94, '00:01:59.143', 3),
(3811, 94, '00:01:47.183', 3),
(3812, 94, '00:01:55.507', 3),
(3813, 94, '00:01:33.198', 3),
(3814, 94, '00:01:53.628', 3),
(3815, 94, '00:01:47.183', 3),
(3816, 94, '00:01:59.932', 3),
(3817, 94, '00:02:08.928', 3),
(3818, 94, '00:01:46.444', 3),
(3819, 94, '00:01:42.015', 3),
(3820, 94, '00:01:59.745', 3),
(3821, 94, '00:01:55.821', 3),
(3822, 94, '00:01:51.906', 3),
(3823, 94, '00:01:54.651', 3),
(3824, 94, '00:01:44.897', 3),
(3825, 94, '00:02:04.278', 3),
(3826, 94, '00:02:10.439', 3),
(3827, 94, '00:01:54.992', 3),
(3828, 94, '00:01:30.878', 3),
(3829, 94, '00:01:43.851', 3),
(3830, 94, '00:02:06.751', 3),
(3831, 94, '00:02:10.269', 3),
(3832, 94, '00:02:06.999', 3),
(3833, 93, '00:01:43.592', 3),
(3834, 93, '00:01:40.431', 3),
(3835, 93, '00:01:35.045', 3),
(3836, 93, '00:02:04.596', 3),
(3837, 93, '00:01:32.552', 3),
(3838, 93, '00:01:59.098', 3),
(3839, 93, '00:02:04.053', 3),
(3840, 93, '00:01:50.463', 3),
(3841, 93, '00:01:35.572', 3),
(3842, 93, '00:01:58.816', 3),
(3843, 93, '00:01:36.536', 3),
(3844, 93, '00:01:46.066', 3),
(3845, 93, '00:01:31.040', 3),
(3846, 93, '00:01:34.261', 3),
(3847, 93, '00:02:10.841', 3),
(3848, 93, '00:02:08.567', 3),
(3849, 93, '00:01:32.890', 3),
(3850, 93, '00:01:53.492', 3),
(3851, 93, '00:02:09.223', 3),
(3852, 93, '00:01:35.017', 3),
(3853, 93, '00:02:02.587', 3),
(3854, 93, '00:01:39.216', 3),
(3855, 93, '00:02:08.023', 3),
(3856, 93, '00:01:55.797', 3),
(3857, 93, '00:01:40.288', 3),
(3858, 93, '00:01:39.136', 3),
(3859, 93, '00:01:41.923', 3),
(3860, 93, '00:01:55.276', 3),
(3861, 93, '00:01:55.375', 3),
(3862, 93, '00:01:41.836', 3),
(3863, 93, '00:01:47.121', 3),
(3864, 93, '00:02:02.883', 3),
(3865, 93, '00:01:41.550', 3),
(3866, 93, '00:01:49.519', 3),
(3867, 93, '00:01:59.844', 3),
(3868, 93, '00:02:00.026', 3),
(3869, 93, '00:01:47.561', 3),
(3870, 93, '00:01:45.715', 3),
(3871, 93, '00:01:39.389', 3),
(3872, 93, '00:01:44.717', 3),
(3873, 92, '00:01:47.079', 3),
(3874, 92, '00:01:43.233', 3),
(3875, 92, '00:01:33.603', 3),
(3876, 92, '00:01:47.173', 3),
(3877, 92, '00:01:39.061', 3),
(3878, 92, '00:01:44.195', 3),
(3879, 92, '00:01:51.184', 3),
(3880, 92, '00:01:53.358', 3),
(3881, 92, '00:01:30.943', 3),
(3882, 92, '00:01:40.118', 3),
(3883, 92, '00:01:56.899', 3),
(3884, 92, '00:01:47.182', 3),
(3885, 92, '00:01:45.432', 3),
(3886, 92, '00:01:57.951', 3),
(3887, 92, '00:01:50.041', 3),
(3888, 92, '00:01:55.599', 3),
(3889, 92, '00:01:38.728', 3),
(3890, 92, '00:01:30.558', 3),
(3891, 92, '00:01:59.384', 3),
(3892, 92, '00:01:40.150', 3),
(3893, 92, '00:01:35.731', 3),
(3894, 92, '00:01:40.247', 3),
(3895, 92, '00:02:05.810', 3),
(3896, 92, '00:01:47.534', 3),
(3897, 92, '00:01:34.110', 3),
(3898, 92, '00:01:49.520', 3),
(3899, 92, '00:01:34.520', 3),
(3900, 92, '00:02:01.690', 3),
(3901, 92, '00:01:37.811', 3),
(3902, 92, '00:01:34.760', 3),
(3903, 92, '00:01:32.157', 3),
(3904, 92, '00:01:41.681', 3),
(3905, 92, '00:01:56.488', 3),
(3906, 92, '00:01:53.517', 3),
(3907, 92, '00:02:10.087', 3),
(3908, 92, '00:01:53.706', 3),
(3909, 92, '00:02:10.086', 3),
(3910, 92, '00:01:41.664', 3),
(3911, 92, '00:01:36.754', 3),
(3912, 92, '00:01:45.810', 3),
(3913, 91, '00:01:32.192', 3),
(3914, 91, '00:01:38.538', 3),
(3915, 91, '00:01:31.563', 3),
(3916, 91, '00:01:47.034', 3),
(3917, 91, '00:01:34.051', 3),
(3918, 91, '00:01:50.528', 3),
(3919, 91, '00:02:06.047', 3),
(3920, 91, '00:01:40.042', 3),
(3921, 91, '00:02:07.001', 3),
(3922, 91, '00:02:08.244', 3),
(3923, 91, '00:01:36.639', 3),
(3924, 91, '00:01:56.363', 3),
(3925, 91, '00:01:51.995', 3),
(3926, 91, '00:01:47.570', 3),
(3927, 91, '00:01:41.297', 3),
(3928, 91, '00:02:00.324', 3),
(3929, 91, '00:01:49.267', 3),
(3930, 91, '00:01:46.908', 3),
(3931, 91, '00:01:41.805', 3),
(3932, 91, '00:02:02.606', 3),
(3933, 91, '00:02:08.085', 3),
(3934, 91, '00:02:02.534', 3),
(3935, 91, '00:01:42.608', 3),
(3936, 91, '00:01:32.917', 3),
(3937, 91, '00:02:05.066', 3),
(3938, 91, '00:02:03.701', 3),
(3939, 91, '00:01:34.656', 3),
(3940, 91, '00:02:03.648', 3),
(3941, 91, '00:01:49.952', 3),
(3942, 91, '00:01:51.332', 3),
(3943, 91, '00:01:53.638', 3),
(3944, 91, '00:01:34.369', 3),
(3945, 91, '00:01:31.042', 3),
(3946, 91, '00:01:30.009', 3),
(3947, 91, '00:02:08.859', 3),
(3948, 91, '00:01:49.840', 3),
(3949, 91, '00:01:54.925', 3),
(3950, 91, '00:02:02.509', 3),
(3951, 91, '00:01:51.153', 3),
(3952, 91, '00:02:05.053', 3),
(3953, 90, '00:01:57.264', 3),
(3954, 90, '00:01:37.606', 3),
(3955, 90, '00:01:34.914', 3),
(3956, 90, '00:02:02.732', 3),
(3957, 90, '00:02:00.496', 3),
(3958, 90, '00:01:31.486', 3),
(3959, 90, '00:01:31.916', 3),
(3960, 90, '00:01:54.670', 3),
(3961, 90, '00:01:50.479', 3),
(3962, 90, '00:01:37.861', 3),
(3963, 90, '00:02:02.334', 3),
(3964, 90, '00:01:37.380', 3),
(3965, 90, '00:02:07.758', 3),
(3966, 90, '00:01:54.050', 3),
(3967, 90, '00:01:34.834', 3),
(3968, 90, '00:02:07.104', 3),
(3969, 90, '00:01:46.153', 3),
(3970, 90, '00:01:58.687', 3),
(3971, 90, '00:01:48.810', 3),
(3972, 90, '00:01:31.851', 3),
(3973, 90, '00:01:51.439', 3),
(3974, 90, '00:01:45.463', 3),
(3975, 90, '00:01:51.017', 3),
(3976, 90, '00:01:57.602', 3),
(3977, 90, '00:01:33.450', 3),
(3978, 90, '00:01:50.327', 3),
(3979, 90, '00:01:37.870', 3),
(3980, 90, '00:02:07.948', 3),
(3981, 90, '00:01:49.089', 3),
(3982, 90, '00:01:35.947', 3),
(3983, 90, '00:01:53.862', 3),
(3984, 90, '00:01:32.876', 3),
(3985, 90, '00:01:37.932', 3),
(3986, 90, '00:01:49.604', 3),
(3987, 90, '00:01:32.747', 3),
(3988, 90, '00:02:03.764', 3),
(3989, 90, '00:02:04.824', 3),
(3990, 90, '00:01:35.075', 3),
(3991, 90, '00:01:39.994', 3),
(3992, 90, '00:01:34.028', 3),
(3993, 89, '00:02:03.581', 3),
(3994, 89, '00:01:55.101', 3),
(3995, 89, '00:02:07.958', 3),
(3996, 89, '00:01:53.847', 3),
(3997, 89, '00:02:00.506', 3),
(3998, 89, '00:01:42.926', 3),
(3999, 89, '00:02:00.577', 3),
(4000, 89, '00:01:32.969', 3),
(4001, 89, '00:01:55.474', 3),
(4002, 89, '00:01:36.227', 3),
(4003, 89, '00:01:35.649', 3),
(4004, 89, '00:01:30.426', 3),
(4005, 89, '00:01:57.349', 3),
(4006, 89, '00:01:45.403', 3),
(4007, 89, '00:01:47.138', 3),
(4008, 89, '00:01:35.340', 3),
(4009, 89, '00:01:42.202', 3),
(4010, 89, '00:01:48.429', 3),
(4011, 89, '00:01:40.452', 3),
(4012, 89, '00:02:08.216', 3),
(4013, 89, '00:01:33.444', 3),
(4014, 89, '00:01:52.616', 3),
(4015, 89, '00:01:42.219', 3),
(4016, 89, '00:01:49.641', 3),
(4017, 89, '00:02:08.759', 3),
(4018, 89, '00:01:55.393', 3),
(4019, 89, '00:01:55.113', 3),
(4020, 89, '00:02:07.477', 3),
(4021, 89, '00:02:08.638', 3),
(4022, 89, '00:02:04.257', 3),
(4023, 89, '00:01:38.163', 3),
(4024, 89, '00:01:58.278', 3),
(4025, 89, '00:01:34.750', 3),
(4026, 89, '00:01:45.402', 3),
(4027, 89, '00:01:46.181', 3),
(4028, 89, '00:01:49.804', 3),
(4029, 89, '00:02:09.480', 3),
(4030, 89, '00:01:53.115', 3),
(4031, 89, '00:02:04.123', 3),
(4032, 89, '00:02:04.248', 3),
(4033, 88, '00:01:59.707', 3),
(4034, 88, '00:02:07.678', 3),
(4035, 88, '00:01:38.174', 3),
(4036, 88, '00:02:01.545', 3),
(4037, 88, '00:01:35.039', 3),
(4038, 88, '00:02:01.980', 3),
(4039, 88, '00:02:02.411', 3),
(4040, 88, '00:01:31.625', 3),
(4041, 88, '00:01:46.164', 3),
(4042, 88, '00:01:33.689', 3),
(4043, 88, '00:01:31.542', 3),
(4044, 88, '00:01:39.364', 3),
(4045, 88, '00:01:44.151', 3),
(4046, 88, '00:01:41.781', 3),
(4047, 88, '00:02:10.830', 3),
(4048, 88, '00:02:05.806', 3),
(4049, 88, '00:01:57.333', 3),
(4050, 88, '00:02:08.617', 3),
(4051, 88, '00:01:45.298', 3),
(4052, 88, '00:01:32.562', 3),
(4053, 88, '00:01:50.170', 3),
(4054, 88, '00:01:30.680', 3),
(4055, 88, '00:01:54.217', 3),
(4056, 88, '00:01:56.395', 3),
(4057, 88, '00:01:38.138', 3),
(4058, 88, '00:02:08.916', 3),
(4059, 88, '00:02:06.307', 3),
(4060, 88, '00:02:08.866', 3),
(4061, 88, '00:01:47.832', 3),
(4062, 88, '00:01:36.425', 3),
(4063, 88, '00:02:05.705', 3),
(4064, 88, '00:02:04.038', 3),
(4065, 88, '00:01:43.179', 3),
(4066, 88, '00:01:38.727', 3),
(4067, 88, '00:02:03.444', 3),
(4068, 88, '00:01:37.834', 3),
(4069, 88, '00:01:39.335', 3),
(4070, 88, '00:01:40.865', 3),
(4071, 88, '00:01:49.576', 3),
(4072, 88, '00:01:35.155', 3),
(4073, 87, '00:01:34.530', 3),
(4074, 87, '00:01:48.557', 3),
(4075, 87, '00:02:03.166', 3),
(4076, 87, '00:01:54.747', 3),
(4077, 87, '00:01:40.434', 3),
(4078, 87, '00:01:56.096', 3),
(4079, 87, '00:01:59.170', 3),
(4080, 87, '00:01:41.300', 3),
(4081, 87, '00:01:36.434', 3),
(4082, 87, '00:01:34.010', 3),
(4083, 87, '00:01:35.629', 3),
(4084, 87, '00:01:31.968', 3),
(4085, 87, '00:02:07.511', 3),
(4086, 87, '00:01:45.190', 3),
(4087, 87, '00:02:03.587', 3),
(4088, 87, '00:01:42.746', 3),
(4089, 87, '00:01:55.279', 3),
(4090, 87, '00:01:51.908', 3),
(4091, 87, '00:02:06.335', 3),
(4092, 87, '00:01:37.085', 3),
(4093, 87, '00:02:06.984', 3),
(4094, 87, '00:02:02.388', 3),
(4095, 87, '00:01:40.624', 3),
(4096, 87, '00:01:40.653', 3),
(4097, 87, '00:01:34.172', 3),
(4098, 87, '00:01:31.221', 3),
(4099, 87, '00:01:35.013', 3),
(4100, 87, '00:02:08.307', 3),
(4101, 87, '00:01:43.875', 3),
(4102, 87, '00:02:05.149', 3),
(4103, 87, '00:02:08.761', 3),
(4104, 87, '00:01:53.827', 3),
(4105, 87, '00:02:05.274', 3),
(4106, 87, '00:02:03.304', 3),
(4107, 87, '00:01:35.348', 3),
(4108, 87, '00:01:57.103', 3),
(4109, 87, '00:01:42.524', 3),
(4110, 87, '00:02:10.814', 3),
(4111, 87, '00:01:31.693', 3),
(4112, 87, '00:01:55.209', 3),
(4113, 86, '00:01:35.744', 3),
(4114, 86, '00:01:33.091', 3),
(4115, 86, '00:01:53.934', 3),
(4116, 86, '00:01:46.016', 3),
(4117, 86, '00:01:54.671', 3),
(4118, 86, '00:02:04.498', 3),
(4119, 86, '00:01:32.852', 3),
(4120, 86, '00:01:53.611', 3),
(4121, 86, '00:01:47.865', 3),
(4122, 86, '00:01:31.515', 3),
(4123, 86, '00:01:57.115', 3),
(4124, 86, '00:01:39.327', 3),
(4125, 86, '00:01:46.488', 3),
(4126, 86, '00:01:36.415', 3),
(4127, 86, '00:02:06.636', 3),
(4128, 86, '00:01:30.063', 3),
(4129, 86, '00:01:41.450', 3),
(4130, 86, '00:01:42.385', 3),
(4131, 86, '00:01:37.181', 3),
(4132, 86, '00:02:10.963', 3),
(4133, 86, '00:01:51.063', 3),
(4134, 86, '00:01:52.222', 3),
(4135, 86, '00:01:35.358', 3),
(4136, 86, '00:02:09.050', 3),
(4137, 86, '00:02:09.679', 3),
(4138, 86, '00:01:40.386', 3),
(4139, 86, '00:01:37.693', 3),
(4140, 86, '00:01:30.657', 3),
(4141, 86, '00:01:52.747', 3),
(4142, 86, '00:02:09.538', 3),
(4143, 86, '00:02:07.792', 3),
(4144, 86, '00:02:10.636', 3),
(4145, 86, '00:02:09.864', 3),
(4146, 86, '00:01:55.349', 3),
(4147, 86, '00:02:04.824', 3),
(4148, 86, '00:02:10.544', 3),
(4149, 86, '00:01:51.642', 3),
(4150, 86, '00:02:00.029', 3),
(4151, 86, '00:02:08.274', 3),
(4152, 86, '00:01:47.398', 3),
(4153, 85, '00:01:47.493', 3),
(4154, 85, '00:01:44.639', 3),
(4155, 85, '00:01:38.004', 3),
(4156, 85, '00:01:58.417', 3),
(4157, 85, '00:01:58.871', 3),
(4158, 85, '00:02:02.049', 3),
(4159, 85, '00:01:55.912', 3),
(4160, 85, '00:01:34.882', 3),
(4161, 85, '00:01:55.650', 3),
(4162, 85, '00:01:43.018', 3),
(4163, 85, '00:01:40.121', 3),
(4164, 85, '00:01:36.774', 3),
(4165, 85, '00:01:37.671', 3),
(4166, 85, '00:01:31.657', 3),
(4167, 85, '00:02:06.776', 3),
(4168, 85, '00:01:30.130', 3),
(4169, 85, '00:01:33.714', 3),
(4170, 85, '00:01:57.097', 3),
(4171, 85, '00:01:41.660', 3),
(4172, 85, '00:02:05.639', 3),
(4173, 85, '00:01:58.950', 3),
(4174, 85, '00:01:36.071', 3),
(4175, 85, '00:01:41.181', 3),
(4176, 85, '00:01:39.825', 3),
(4177, 85, '00:01:46.780', 3),
(4178, 85, '00:02:07.309', 3),
(4179, 85, '00:01:48.412', 3),
(4180, 85, '00:01:49.548', 3),
(4181, 85, '00:02:04.206', 3),
(4182, 85, '00:01:31.811', 3),
(4183, 85, '00:01:54.421', 3),
(4184, 85, '00:01:41.106', 3),
(4185, 85, '00:01:43.799', 3),
(4186, 85, '00:02:04.500', 3),
(4187, 85, '00:01:48.655', 3),
(4188, 85, '00:02:07.934', 3),
(4189, 85, '00:01:42.816', 3),
(4190, 85, '00:01:54.627', 3),
(4191, 85, '00:01:54.058', 3),
(4192, 85, '00:01:49.327', 3),
(4193, 84, '00:02:04.179', 3),
(4194, 84, '00:02:09.570', 3),
(4195, 84, '00:01:34.179', 3),
(4196, 84, '00:02:01.010', 3),
(4197, 84, '00:02:03.617', 3),
(4198, 84, '00:01:39.220', 3),
(4199, 84, '00:01:41.094', 3),
(4200, 84, '00:01:55.804', 3),
(4201, 84, '00:01:35.521', 3),
(4202, 84, '00:01:41.983', 3),
(4203, 84, '00:01:56.381', 3),
(4204, 84, '00:01:30.993', 3),
(4205, 84, '00:01:40.576', 3),
(4206, 84, '00:01:33.577', 3),
(4207, 84, '00:01:53.766', 3),
(4208, 84, '00:02:01.948', 3),
(4209, 84, '00:01:40.987', 3),
(4210, 84, '00:01:59.713', 3),
(4211, 84, '00:01:30.296', 3),
(4212, 84, '00:01:38.014', 3),
(4213, 84, '00:02:05.368', 3),
(4214, 84, '00:01:38.976', 3),
(4215, 84, '00:01:56.291', 3),
(4216, 84, '00:01:41.419', 3),
(4217, 84, '00:01:41.742', 3),
(4218, 84, '00:01:48.987', 3),
(4219, 84, '00:01:42.316', 3),
(4220, 84, '00:01:50.818', 3),
(4221, 84, '00:01:56.850', 3),
(4222, 84, '00:01:51.924', 3),
(4223, 84, '00:01:30.902', 3),
(4224, 84, '00:02:04.751', 3),
(4225, 84, '00:01:30.368', 3),
(4226, 84, '00:02:08.275', 3),
(4227, 84, '00:01:47.482', 3),
(4228, 84, '00:02:09.694', 3),
(4229, 84, '00:02:02.485', 3),
(4230, 84, '00:01:32.754', 3),
(4231, 84, '00:01:39.412', 3),
(4232, 84, '00:01:55.598', 3),
(4233, 83, '00:01:40.269', 3),
(4234, 83, '00:02:09.666', 3),
(4235, 83, '00:01:36.695', 3),
(4236, 83, '00:02:01.546', 3),
(4237, 83, '00:01:46.395', 3),
(4238, 83, '00:01:33.121', 3),
(4239, 83, '00:01:30.020', 3),
(4240, 83, '00:01:37.545', 3),
(4241, 83, '00:02:00.933', 3),
(4242, 83, '00:01:49.328', 3),
(4243, 83, '00:01:52.249', 3),
(4244, 83, '00:02:00.074', 3),
(4245, 83, '00:01:50.407', 3),
(4246, 83, '00:01:56.119', 3),
(4247, 83, '00:01:37.300', 3),
(4248, 83, '00:01:52.081', 3),
(4249, 83, '00:01:52.852', 3),
(4250, 83, '00:02:06.660', 3),
(4251, 83, '00:02:05.921', 3),
(4252, 83, '00:01:53.209', 3),
(4253, 83, '00:01:47.607', 3),
(4254, 83, '00:01:44.533', 3),
(4255, 83, '00:01:59.579', 3),
(4256, 83, '00:02:06.138', 3),
(4257, 83, '00:01:52.616', 3),
(4258, 83, '00:02:05.088', 3),
(4259, 83, '00:02:03.578', 3),
(4260, 83, '00:01:32.391', 3),
(4261, 83, '00:01:51.966', 3),
(4262, 83, '00:01:46.478', 3),
(4263, 83, '00:01:49.176', 3),
(4264, 83, '00:01:39.285', 3),
(4265, 83, '00:02:06.803', 3),
(4266, 83, '00:01:44.562', 3),
(4267, 83, '00:02:10.702', 3),
(4268, 83, '00:02:10.775', 3),
(4269, 83, '00:01:33.015', 3),
(4270, 83, '00:01:58.078', 3),
(4271, 83, '00:01:41.499', 3),
(4272, 83, '00:01:33.023', 3),
(4273, 82, '00:02:00.159', 3),
(4274, 82, '00:01:53.391', 3),
(4275, 82, '00:01:42.549', 3),
(4276, 82, '00:02:08.633', 3),
(4277, 82, '00:01:42.156', 3),
(4278, 82, '00:01:46.782', 3),
(4279, 82, '00:01:45.515', 3),
(4280, 82, '00:02:08.191', 3),
(4281, 82, '00:01:38.690', 3),
(4282, 82, '00:01:40.663', 3),
(4283, 82, '00:01:48.146', 3),
(4284, 82, '00:01:47.515', 3),
(4285, 82, '00:01:39.543', 3),
(4286, 82, '00:01:53.231', 3),
(4287, 82, '00:01:49.107', 3),
(4288, 82, '00:01:34.963', 3),
(4289, 82, '00:01:31.927', 3),
(4290, 82, '00:01:30.779', 3),
(4291, 82, '00:01:57.220', 3),
(4292, 82, '00:01:58.454', 3),
(4293, 82, '00:01:37.308', 3),
(4294, 82, '00:01:33.995', 3),
(4295, 82, '00:01:47.777', 3),
(4296, 82, '00:02:07.555', 3),
(4297, 82, '00:02:05.576', 3),
(4298, 82, '00:01:45.392', 3),
(4299, 82, '00:01:43.565', 3),
(4300, 82, '00:01:40.890', 3),
(4301, 82, '00:02:09.102', 3),
(4302, 82, '00:01:54.843', 3),
(4303, 82, '00:02:00.267', 3),
(4304, 82, '00:01:43.879', 3),
(4305, 82, '00:02:09.650', 3),
(4306, 82, '00:01:31.149', 3),
(4307, 82, '00:01:32.651', 3),
(4308, 82, '00:02:03.678', 3),
(4309, 82, '00:01:40.031', 3),
(4310, 82, '00:01:31.007', 3),
(4311, 82, '00:01:51.985', 3),
(4312, 82, '00:02:07.027', 3),
(4313, 81, '00:02:09.087', 3),
(4314, 81, '00:01:33.382', 3),
(4315, 81, '00:01:36.589', 3),
(4316, 81, '00:02:09.203', 3),
(4317, 81, '00:01:52.253', 3),
(4318, 81, '00:01:31.949', 3),
(4319, 81, '00:01:30.242', 3),
(4320, 81, '00:01:58.069', 3),
(4321, 81, '00:01:56.028', 3),
(4322, 81, '00:02:02.404', 3),
(4323, 81, '00:01:37.947', 3),
(4324, 81, '00:02:06.156', 3),
(4325, 81, '00:01:43.111', 3),
(4326, 81, '00:01:50.168', 3),
(4327, 81, '00:01:47.547', 3),
(4328, 81, '00:01:31.474', 3),
(4329, 81, '00:01:41.064', 3),
(4330, 81, '00:01:30.678', 3),
(4331, 81, '00:01:55.843', 3),
(4332, 81, '00:02:00.071', 3),
(4333, 81, '00:02:07.565', 3),
(4334, 81, '00:01:46.854', 3),
(4335, 81, '00:02:07.950', 3),
(4336, 81, '00:01:38.372', 3),
(4337, 81, '00:01:36.814', 3),
(4338, 81, '00:01:32.725', 3),
(4339, 81, '00:02:01.320', 3),
(4340, 81, '00:01:51.503', 3),
(4341, 81, '00:01:49.718', 3),
(4342, 81, '00:01:57.798', 3),
(4343, 81, '00:02:07.193', 3),
(4344, 81, '00:02:03.249', 3),
(4345, 81, '00:01:52.741', 3),
(4346, 81, '00:02:00.759', 3),
(4347, 81, '00:02:08.142', 3),
(4348, 81, '00:01:45.999', 3),
(4349, 81, '00:01:34.896', 3),
(4350, 81, '00:01:38.157', 3),
(4351, 81, '00:01:48.219', 3),
(4352, 81, '00:01:34.015', 3),
(4353, 80, '00:01:59.853', 3),
(4354, 80, '00:01:38.338', 3),
(4355, 80, '00:01:35.074', 3),
(4356, 80, '00:01:50.966', 3),
(4357, 80, '00:01:54.486', 3),
(4358, 80, '00:01:32.395', 3),
(4359, 80, '00:01:48.185', 3),
(4360, 80, '00:01:43.802', 3),
(4361, 80, '00:01:52.098', 3),
(4362, 80, '00:01:44.482', 3),
(4363, 80, '00:01:49.226', 3),
(4364, 80, '00:02:08.458', 3),
(4365, 80, '00:02:04.543', 3),
(4366, 80, '00:02:05.983', 3),
(4367, 80, '00:01:48.254', 3),
(4368, 80, '00:01:54.055', 3),
(4369, 80, '00:01:53.082', 3),
(4370, 80, '00:01:37.973', 3),
(4371, 80, '00:01:44.925', 3),
(4372, 80, '00:01:58.363', 3),
(4373, 80, '00:01:54.589', 3),
(4374, 80, '00:01:40.927', 3),
(4375, 80, '00:01:50.577', 3),
(4376, 80, '00:02:01.496', 3),
(4377, 80, '00:01:49.537', 3),
(4378, 80, '00:01:40.548', 3),
(4379, 80, '00:01:54.300', 3),
(4380, 80, '00:01:43.371', 3),
(4381, 80, '00:01:50.568', 3),
(4382, 80, '00:01:30.247', 3),
(4383, 80, '00:01:34.514', 3),
(4384, 80, '00:02:08.288', 3),
(4385, 80, '00:02:09.414', 3),
(4386, 80, '00:01:37.218', 3),
(4387, 80, '00:01:32.008', 3),
(4388, 80, '00:02:01.051', 3),
(4389, 80, '00:01:50.910', 3),
(4390, 80, '00:01:58.089', 3),
(4391, 80, '00:01:58.215', 3),
(4392, 80, '00:02:05.128', 3),
(4393, 79, '00:01:30.544', 3),
(4394, 79, '00:01:53.336', 3),
(4395, 79, '00:01:33.230', 3),
(4396, 79, '00:01:46.699', 3),
(4397, 79, '00:01:56.555', 3),
(4398, 79, '00:02:04.089', 3),
(4399, 79, '00:02:00.959', 3),
(4400, 79, '00:01:52.463', 3),
(4401, 79, '00:01:39.854', 3),
(4402, 79, '00:01:50.269', 3),
(4403, 79, '00:01:57.473', 3),
(4404, 79, '00:01:52.272', 3),
(4405, 79, '00:01:59.711', 3),
(4406, 79, '00:01:46.622', 3),
(4407, 79, '00:01:37.398', 3),
(4408, 79, '00:02:05.003', 3),
(4409, 79, '00:01:30.050', 3),
(4410, 79, '00:01:58.202', 3),
(4411, 79, '00:01:54.994', 3),
(4412, 79, '00:01:33.866', 3),
(4413, 79, '00:02:10.571', 3),
(4414, 79, '00:01:30.507', 3),
(4415, 79, '00:02:03.870', 3),
(4416, 79, '00:02:10.180', 3),
(4417, 79, '00:01:35.320', 3),
(4418, 79, '00:01:56.897', 3),
(4419, 79, '00:01:51.002', 3),
(4420, 79, '00:01:38.013', 3),
(4421, 79, '00:01:59.038', 3),
(4422, 79, '00:01:35.683', 3),
(4423, 79, '00:01:46.723', 3),
(4424, 79, '00:02:00.219', 3),
(4425, 79, '00:01:54.302', 3),
(4426, 79, '00:01:41.646', 3),
(4427, 79, '00:01:50.330', 3),
(4428, 79, '00:01:44.975', 3),
(4429, 79, '00:01:48.266', 3),
(4430, 79, '00:01:47.215', 3),
(4431, 79, '00:01:51.670', 3),
(4432, 79, '00:02:06.132', 3),
(4433, 78, '00:01:53.918', 3),
(4434, 78, '00:01:36.175', 3),
(4435, 78, '00:01:39.923', 3),
(4436, 78, '00:01:46.383', 3),
(4437, 78, '00:02:08.235', 3),
(4438, 78, '00:01:49.709', 3),
(4439, 78, '00:01:49.774', 3),
(4440, 78, '00:01:40.058', 3),
(4441, 78, '00:01:50.270', 3),
(4442, 78, '00:01:35.476', 3),
(4443, 78, '00:01:51.515', 3),
(4444, 78, '00:01:58.843', 3),
(4445, 78, '00:02:00.101', 3),
(4446, 78, '00:01:48.359', 3),
(4447, 78, '00:01:36.566', 3),
(4448, 78, '00:02:07.442', 3),
(4449, 78, '00:01:50.334', 3),
(4450, 78, '00:01:42.793', 3),
(4451, 78, '00:01:51.005', 3),
(4452, 78, '00:01:38.792', 3),
(4453, 78, '00:01:52.365', 3),
(4454, 78, '00:02:08.121', 3),
(4455, 78, '00:02:02.014', 3),
(4456, 78, '00:01:35.591', 3),
(4457, 78, '00:01:40.756', 3),
(4458, 78, '00:01:30.203', 3),
(4459, 78, '00:02:08.074', 3),
(4460, 78, '00:01:56.441', 3),
(4461, 78, '00:01:34.528', 3),
(4462, 78, '00:01:50.717', 3),
(4463, 78, '00:01:31.675', 3),
(4464, 78, '00:01:53.358', 3),
(4465, 78, '00:02:06.585', 3),
(4466, 78, '00:01:43.935', 3),
(4467, 78, '00:01:42.883', 3),
(4468, 78, '00:02:06.052', 3),
(4469, 78, '00:02:10.667', 3),
(4470, 78, '00:01:42.109', 3),
(4471, 78, '00:02:02.370', 3),
(4472, 78, '00:01:47.895', 3),
(4473, 77, '00:01:40.197', 3),
(4474, 77, '00:01:45.515', 3),
(4475, 77, '00:02:06.064', 3),
(4476, 77, '00:01:53.107', 3),
(4477, 77, '00:01:30.032', 3),
(4478, 77, '00:01:54.122', 3),
(4479, 77, '00:02:01.982', 3),
(4480, 77, '00:02:00.206', 3),
(4481, 77, '00:01:35.529', 3),
(4482, 77, '00:02:01.608', 3),
(4483, 77, '00:01:53.254', 3),
(4484, 77, '00:01:33.998', 3),
(4485, 77, '00:01:48.817', 3),
(4486, 77, '00:01:51.051', 3),
(4487, 77, '00:01:39.247', 3),
(4488, 77, '00:02:10.032', 3),
(4489, 77, '00:02:08.031', 3),
(4490, 77, '00:01:38.153', 3),
(4491, 77, '00:01:39.213', 3),
(4492, 77, '00:01:44.214', 3),
(4493, 77, '00:01:59.504', 3),
(4494, 77, '00:01:34.628', 3),
(4495, 77, '00:02:08.116', 3),
(4496, 77, '00:01:51.630', 3),
(4497, 77, '00:01:54.931', 3),
(4498, 77, '00:02:10.919', 3),
(4499, 77, '00:01:35.664', 3),
(4500, 77, '00:01:31.639', 3),
(4501, 77, '00:01:49.665', 3),
(4502, 77, '00:01:43.239', 3),
(4503, 77, '00:01:42.759', 3),
(4504, 77, '00:02:10.878', 3),
(4505, 77, '00:02:02.913', 3),
(4506, 77, '00:01:33.521', 3),
(4507, 77, '00:02:08.395', 3),
(4508, 77, '00:01:49.692', 3),
(4509, 77, '00:01:40.846', 3),
(4510, 77, '00:01:36.330', 3),
(4511, 77, '00:02:06.942', 3),
(4512, 77, '00:01:54.250', 3),
(4513, 76, '00:02:08.416', 3),
(4514, 76, '00:01:58.556', 3),
(4515, 76, '00:01:32.253', 3),
(4516, 76, '00:01:36.470', 3),
(4517, 76, '00:01:53.405', 3),
(4518, 76, '00:01:41.343', 3),
(4519, 76, '00:01:54.540', 3),
(4520, 76, '00:01:31.060', 3),
(4521, 76, '00:02:10.854', 3),
(4522, 76, '00:01:37.279', 3),
(4523, 76, '00:01:35.472', 3),
(4524, 76, '00:01:37.257', 3),
(4525, 76, '00:01:56.702', 3),
(4526, 76, '00:01:41.960', 3),
(4527, 76, '00:01:48.319', 3),
(4528, 76, '00:01:58.706', 3),
(4529, 76, '00:01:34.001', 3),
(4530, 76, '00:01:36.943', 3),
(4531, 76, '00:01:41.166', 3),
(4532, 76, '00:01:42.068', 3),
(4533, 76, '00:01:54.156', 3),
(4534, 76, '00:01:34.425', 3),
(4535, 76, '00:01:30.859', 3),
(4536, 76, '00:01:43.905', 3),
(4537, 76, '00:01:38.029', 3),
(4538, 76, '00:02:09.780', 3),
(4539, 76, '00:01:43.516', 3),
(4540, 76, '00:01:38.449', 3),
(4541, 76, '00:02:03.283', 3),
(4542, 76, '00:02:05.504', 3),
(4543, 76, '00:01:55.561', 3),
(4544, 76, '00:01:39.212', 3),
(4545, 76, '00:02:02.555', 3),
(4546, 76, '00:01:30.202', 3),
(4547, 76, '00:02:03.701', 3),
(4548, 76, '00:01:45.843', 3),
(4549, 76, '00:02:01.506', 3),
(4550, 76, '00:01:52.337', 3),
(4551, 76, '00:01:47.799', 3),
(4552, 76, '00:01:41.923', 3),
(4553, 75, '00:01:57.281', 3),
(4554, 75, '00:01:55.019', 3),
(4555, 75, '00:01:39.217', 3),
(4556, 75, '00:01:39.668', 3),
(4557, 75, '00:02:06.317', 3),
(4558, 75, '00:01:56.904', 3),
(4559, 75, '00:01:56.153', 3),
(4560, 75, '00:01:58.451', 3),
(4561, 75, '00:01:50.159', 3),
(4562, 75, '00:01:55.488', 3),
(4563, 75, '00:01:49.427', 3),
(4564, 75, '00:01:36.112', 3),
(4565, 75, '00:01:31.569', 3),
(4566, 75, '00:01:36.934', 3),
(4567, 75, '00:01:52.702', 3),
(4568, 75, '00:01:40.913', 3),
(4569, 75, '00:01:32.433', 3),
(4570, 75, '00:01:32.046', 3),
(4571, 75, '00:01:54.228', 3),
(4572, 75, '00:01:38.663', 3),
(4573, 75, '00:01:56.382', 3),
(4574, 75, '00:01:35.361', 3),
(4575, 75, '00:02:09.849', 3),
(4576, 75, '00:01:46.978', 3),
(4577, 75, '00:01:52.916', 3),
(4578, 75, '00:01:59.200', 3),
(4579, 75, '00:02:02.613', 3),
(4580, 75, '00:02:04.781', 3),
(4581, 75, '00:01:52.250', 3),
(4582, 75, '00:02:06.365', 3),
(4583, 75, '00:01:36.521', 3),
(4584, 75, '00:01:56.008', 3),
(4585, 75, '00:02:07.714', 3),
(4586, 75, '00:01:47.700', 3),
(4587, 75, '00:01:34.023', 3),
(4588, 75, '00:01:38.936', 3),
(4589, 75, '00:01:51.378', 3),
(4590, 75, '00:01:51.622', 3),
(4591, 75, '00:02:01.713', 3),
(4592, 75, '00:01:35.091', 3),
(4593, 74, '00:02:05.243', 3),
(4594, 74, '00:02:09.272', 3),
(4595, 74, '00:02:00.959', 3),
(4596, 74, '00:02:04.318', 3),
(4597, 74, '00:02:02.135', 3),
(4598, 74, '00:01:30.925', 3),
(4599, 74, '00:02:05.938', 3),
(4600, 74, '00:01:33.728', 3),
(4601, 74, '00:01:45.449', 3),
(4602, 74, '00:01:33.560', 3),
(4603, 74, '00:01:41.615', 3),
(4604, 74, '00:02:04.505', 3),
(4605, 74, '00:02:02.201', 3),
(4606, 74, '00:01:39.922', 3),
(4607, 74, '00:01:41.120', 3),
(4608, 74, '00:02:00.711', 3),
(4609, 74, '00:02:07.581', 3),
(4610, 74, '00:02:04.114', 3),
(4611, 74, '00:01:51.322', 3),
(4612, 74, '00:01:39.960', 3),
(4613, 74, '00:01:36.397', 3),
(4614, 74, '00:01:45.163', 3),
(4615, 74, '00:01:44.867', 3),
(4616, 74, '00:01:33.207', 3),
(4617, 74, '00:02:02.917', 3),
(4618, 74, '00:01:38.256', 3),
(4619, 74, '00:02:09.421', 3),
(4620, 74, '00:02:08.541', 3),
(4621, 74, '00:02:00.045', 3),
(4622, 74, '00:01:50.578', 3),
(4623, 74, '00:01:40.083', 3),
(4624, 74, '00:02:06.752', 3),
(4625, 74, '00:02:05.622', 3),
(4626, 74, '00:01:52.439', 3),
(4627, 74, '00:02:09.563', 3),
(4628, 74, '00:01:42.905', 3),
(4629, 74, '00:01:49.890', 3),
(4630, 74, '00:02:03.104', 3),
(4631, 74, '00:01:45.163', 3),
(4632, 74, '00:01:36.979', 3),
(4633, 73, '00:01:49.483', 3),
(4634, 73, '00:01:54.181', 3),
(4635, 73, '00:01:45.648', 3),
(4636, 73, '00:02:07.433', 3),
(4637, 73, '00:01:42.499', 3),
(4638, 73, '00:01:55.695', 3),
(4639, 73, '00:02:01.900', 3),
(4640, 73, '00:01:32.052', 3),
(4641, 73, '00:02:10.884', 3),
(4642, 73, '00:01:54.467', 3),
(4643, 73, '00:02:08.968', 3),
(4644, 73, '00:02:02.674', 3),
(4645, 73, '00:01:36.346', 3),
(4646, 73, '00:01:43.485', 3),
(4647, 73, '00:02:03.876', 3),
(4648, 73, '00:01:34.082', 3),
(4649, 73, '00:02:04.690', 3),
(4650, 73, '00:01:30.611', 3),
(4651, 73, '00:01:54.464', 3),
(4652, 73, '00:02:03.978', 3),
(4653, 73, '00:01:41.329', 3),
(4654, 73, '00:02:01.339', 3),
(4655, 73, '00:02:07.707', 3),
(4656, 73, '00:01:36.666', 3),
(4657, 73, '00:02:00.154', 3),
(4658, 73, '00:02:03.947', 3),
(4659, 73, '00:01:54.166', 3),
(4660, 73, '00:02:06.702', 3),
(4661, 73, '00:01:53.123', 3),
(4662, 73, '00:01:43.514', 3),
(4663, 73, '00:02:09.596', 3),
(4664, 73, '00:01:56.364', 3),
(4665, 73, '00:01:44.401', 3),
(4666, 73, '00:02:08.486', 3),
(4667, 73, '00:01:53.126', 3),
(4668, 73, '00:01:55.879', 3),
(4669, 73, '00:01:42.440', 3),
(4670, 73, '00:01:46.819', 3),
(4671, 73, '00:02:04.933', 3),
(4672, 73, '00:01:51.523', 3),
(4673, 72, '00:01:40.493', 3),
(4674, 72, '00:02:07.168', 3),
(4675, 72, '00:02:09.082', 3),
(4676, 72, '00:01:44.892', 3),
(4677, 72, '00:01:49.705', 3),
(4678, 72, '00:01:54.718', 3),
(4679, 72, '00:02:08.350', 3),
(4680, 72, '00:01:50.017', 3),
(4681, 72, '00:02:03.051', 3),
(4682, 72, '00:01:30.386', 3),
(4683, 72, '00:01:42.086', 3),
(4684, 72, '00:02:00.056', 3),
(4685, 72, '00:02:04.130', 3),
(4686, 72, '00:02:10.888', 3),
(4687, 72, '00:02:02.800', 3),
(4688, 72, '00:01:39.039', 3),
(4689, 72, '00:01:52.353', 3),
(4690, 72, '00:01:59.849', 3),
(4691, 72, '00:01:43.457', 3),
(4692, 72, '00:01:36.043', 3),
(4693, 72, '00:02:03.810', 3),
(4694, 72, '00:01:47.164', 3),
(4695, 72, '00:02:08.003', 3),
(4696, 72, '00:02:09.055', 3),
(4697, 72, '00:01:57.913', 3),
(4698, 72, '00:01:50.517', 3),
(4699, 72, '00:01:51.183', 3),
(4700, 72, '00:01:58.099', 3),
(4701, 72, '00:01:51.047', 3),
(4702, 72, '00:01:49.589', 3),
(4703, 72, '00:01:54.361', 3),
(4704, 72, '00:01:59.525', 3),
(4705, 72, '00:01:45.498', 3),
(4706, 72, '00:01:39.505', 3),
(4707, 72, '00:01:53.139', 3),
(4708, 72, '00:01:31.597', 3),
(4709, 72, '00:02:10.349', 3),
(4710, 72, '00:02:06.334', 3),
(4711, 72, '00:01:48.978', 3),
(4712, 72, '00:01:53.953', 3),
(4713, 71, '00:01:55.900', 3),
(4714, 71, '00:01:38.277', 3),
(4715, 71, '00:02:10.641', 3),
(4716, 71, '00:02:03.726', 3),
(4717, 71, '00:01:54.110', 3),
(4718, 71, '00:02:01.374', 3),
(4719, 71, '00:02:06.939', 3),
(4720, 71, '00:02:08.608', 3),
(4721, 71, '00:01:40.389', 3),
(4722, 71, '00:02:09.887', 3),
(4723, 71, '00:01:51.951', 3),
(4724, 71, '00:01:31.793', 3),
(4725, 71, '00:02:04.771', 3),
(4726, 71, '00:01:50.003', 3),
(4727, 71, '00:01:51.655', 3),
(4728, 71, '00:02:05.887', 3),
(4729, 71, '00:01:35.112', 3),
(4730, 71, '00:01:39.740', 3),
(4731, 71, '00:02:09.024', 3),
(4732, 71, '00:01:37.765', 3),
(4733, 71, '00:01:48.929', 3),
(4734, 71, '00:02:10.502', 3),
(4735, 71, '00:01:35.833', 3),
(4736, 71, '00:01:58.950', 3),
(4737, 71, '00:02:07.088', 3),
(4738, 71, '00:01:55.290', 3),
(4739, 71, '00:01:59.176', 3),
(4740, 71, '00:01:54.544', 3),
(4741, 71, '00:01:50.251', 3),
(4742, 71, '00:01:38.680', 3),
(4743, 71, '00:01:54.975', 3),
(4744, 71, '00:01:51.733', 3),
(4745, 71, '00:01:34.319', 3),
(4746, 71, '00:01:43.541', 3),
(4747, 71, '00:01:52.183', 3),
(4748, 71, '00:01:42.278', 3),
(4749, 71, '00:02:00.067', 3),
(4750, 71, '00:01:37.108', 3),
(4751, 71, '00:01:54.973', 3),
(4752, 71, '00:01:47.768', 3),
(4753, 70, '00:01:45.160', 3),
(4754, 70, '00:02:02.429', 3),
(4755, 70, '00:01:50.003', 3),
(4756, 70, '00:01:33.258', 3),
(4757, 70, '00:02:07.967', 3),
(4758, 70, '00:01:31.099', 3),
(4759, 70, '00:01:47.529', 3),
(4760, 70, '00:01:39.059', 3),
(4761, 70, '00:02:10.378', 3),
(4762, 70, '00:02:05.699', 3),
(4763, 70, '00:01:45.963', 3),
(4764, 70, '00:01:50.571', 3),
(4765, 70, '00:01:30.520', 3),
(4766, 70, '00:01:51.214', 3),
(4767, 70, '00:01:37.704', 3),
(4768, 70, '00:01:44.863', 3),
(4769, 70, '00:02:02.090', 3),
(4770, 70, '00:02:08.327', 3),
(4771, 70, '00:01:59.766', 3),
(4772, 70, '00:01:56.481', 3),
(4773, 70, '00:02:00.441', 3),
(4774, 70, '00:01:38.279', 3),
(4775, 70, '00:01:48.320', 3),
(4776, 70, '00:01:56.535', 3),
(4777, 70, '00:01:31.674', 3),
(4778, 70, '00:01:31.961', 3),
(4779, 70, '00:02:03.959', 3),
(4780, 70, '00:01:39.460', 3),
(4781, 70, '00:02:00.664', 3),
(4782, 70, '00:02:10.020', 3),
(4783, 70, '00:02:04.254', 3),
(4784, 70, '00:01:32.050', 3),
(4785, 70, '00:01:42.196', 3),
(4786, 70, '00:02:01.957', 3),
(4787, 70, '00:02:02.154', 3),
(4788, 70, '00:01:36.081', 3),
(4789, 70, '00:01:55.688', 3),
(4790, 70, '00:02:05.671', 3),
(4791, 70, '00:01:38.579', 3),
(4792, 70, '00:02:04.240', 3),
(4793, 69, '00:01:36.847', 3),
(4794, 69, '00:01:59.650', 3),
(4795, 69, '00:02:08.020', 3),
(4796, 69, '00:02:04.234', 3),
(4797, 69, '00:01:34.951', 3),
(4798, 69, '00:02:03.213', 3),
(4799, 69, '00:01:31.024', 3),
(4800, 69, '00:02:10.102', 3),
(4801, 69, '00:02:03.495', 3),
(4802, 69, '00:02:02.741', 3),
(4803, 69, '00:02:00.590', 3),
(4804, 69, '00:02:08.555', 3),
(4805, 69, '00:01:33.814', 3),
(4806, 69, '00:01:58.712', 3),
(4807, 69, '00:02:00.467', 3),
(4808, 69, '00:01:45.150', 3),
(4809, 69, '00:02:07.133', 3),
(4810, 69, '00:02:09.090', 3),
(4811, 69, '00:02:05.371', 3),
(4812, 69, '00:01:37.986', 3),
(4813, 69, '00:01:36.724', 3),
(4814, 69, '00:01:45.075', 3),
(4815, 69, '00:02:02.301', 3),
(4816, 69, '00:01:30.616', 3),
(4817, 69, '00:01:41.389', 3),
(4818, 69, '00:02:07.977', 3),
(4819, 69, '00:01:36.056', 3),
(4820, 69, '00:02:09.801', 3),
(4821, 69, '00:01:34.402', 3),
(4822, 69, '00:01:53.544', 3),
(4823, 69, '00:01:37.881', 3),
(4824, 69, '00:01:54.407', 3),
(4825, 69, '00:01:44.723', 3),
(4826, 69, '00:01:49.767', 3),
(4827, 69, '00:01:56.612', 3),
(4828, 69, '00:02:08.101', 3),
(4829, 69, '00:02:00.391', 3),
(4830, 69, '00:01:59.637', 3),
(4831, 69, '00:01:59.800', 3),
(4832, 69, '00:01:33.251', 3),
(4833, 68, '00:01:31.016', 3),
(4834, 68, '00:02:08.139', 3),
(4835, 68, '00:01:51.568', 3),
(4836, 68, '00:01:48.902', 3),
(4837, 68, '00:01:33.349', 3),
(4838, 68, '00:01:39.635', 3),
(4839, 68, '00:01:48.729', 3),
(4840, 68, '00:01:45.466', 3),
(4841, 68, '00:01:30.486', 3),
(4842, 68, '00:02:01.160', 3),
(4843, 68, '00:02:10.972', 3),
(4844, 68, '00:01:58.597', 3),
(4845, 68, '00:01:51.166', 3),
(4846, 68, '00:01:54.407', 3),
(4847, 68, '00:01:36.013', 3),
(4848, 68, '00:01:31.659', 3),
(4849, 68, '00:01:31.103', 3),
(4850, 68, '00:01:32.689', 3),
(4851, 68, '00:01:45.939', 3),
(4852, 68, '00:01:44.706', 3),
(4853, 68, '00:01:35.806', 3),
(4854, 68, '00:01:48.480', 3),
(4855, 68, '00:01:45.051', 3),
(4856, 68, '00:02:10.138', 3),
(4857, 68, '00:01:56.725', 3),
(4858, 68, '00:02:08.045', 3),
(4859, 68, '00:02:09.854', 3),
(4860, 68, '00:02:08.213', 3),
(4861, 68, '00:01:59.396', 3),
(4862, 68, '00:01:50.150', 3),
(4863, 68, '00:01:55.805', 3),
(4864, 68, '00:01:31.867', 3),
(4865, 68, '00:02:05.973', 3),
(4866, 68, '00:01:31.774', 3),
(4867, 68, '00:01:36.837', 3),
(4868, 68, '00:01:40.738', 3),
(4869, 68, '00:01:42.503', 3),
(4870, 68, '00:01:30.199', 3),
(4871, 68, '00:01:48.440', 3),
(4872, 68, '00:01:41.798', 3),
(4873, 67, '00:01:56.865', 3),
(4874, 67, '00:01:38.651', 3),
(4875, 67, '00:01:49.724', 3),
(4876, 67, '00:01:52.984', 3),
(4877, 67, '00:01:56.475', 3),
(4878, 67, '00:02:06.509', 3),
(4879, 67, '00:01:36.080', 3),
(4880, 67, '00:01:37.826', 3),
(4881, 67, '00:01:50.329', 3),
(4882, 67, '00:01:39.010', 3),
(4883, 67, '00:01:58.067', 3),
(4884, 67, '00:01:44.604', 3),
(4885, 67, '00:01:56.576', 3),
(4886, 67, '00:01:57.651', 3),
(4887, 67, '00:01:58.688', 3),
(4888, 67, '00:01:36.217', 3),
(4889, 67, '00:01:58.976', 3),
(4890, 67, '00:01:40.144', 3),
(4891, 67, '00:01:49.231', 3),
(4892, 67, '00:01:44.392', 3),
(4893, 67, '00:02:05.466', 3),
(4894, 67, '00:01:52.144', 3),
(4895, 67, '00:01:51.028', 3),
(4896, 67, '00:01:42.388', 3),
(4897, 67, '00:01:39.414', 3),
(4898, 67, '00:01:30.614', 3),
(4899, 67, '00:01:40.594', 3),
(4900, 67, '00:01:31.246', 3),
(4901, 67, '00:01:56.069', 3),
(4902, 67, '00:02:05.118', 3),
(4903, 67, '00:02:04.626', 3),
(4904, 67, '00:01:48.979', 3),
(4905, 67, '00:01:42.877', 3),
(4906, 67, '00:01:50.291', 3),
(4907, 67, '00:01:56.411', 3),
(4908, 67, '00:02:10.824', 3),
(4909, 67, '00:01:44.578', 3),
(4910, 67, '00:01:33.370', 3),
(4911, 67, '00:02:09.877', 3),
(4912, 67, '00:01:59.579', 3),
(4913, 66, '00:01:57.818', 3),
(4914, 66, '00:01:33.333', 3),
(4915, 66, '00:01:37.998', 3),
(4916, 66, '00:01:56.117', 3),
(4917, 66, '00:01:45.838', 3),
(4918, 66, '00:02:08.431', 3),
(4919, 66, '00:02:10.137', 3),
(4920, 66, '00:02:03.627', 3),
(4921, 66, '00:02:01.933', 3),
(4922, 66, '00:02:00.610', 3),
(4923, 66, '00:01:31.865', 3),
(4924, 66, '00:01:41.179', 3),
(4925, 66, '00:01:38.977', 3),
(4926, 66, '00:01:36.109', 3),
(4927, 66, '00:01:41.254', 3),
(4928, 66, '00:01:44.404', 3),
(4929, 66, '00:02:01.474', 3),
(4930, 66, '00:01:36.381', 3),
(4931, 66, '00:01:47.232', 3),
(4932, 66, '00:02:04.287', 3),
(4933, 66, '00:02:03.991', 3),
(4934, 66, '00:02:02.831', 3),
(4935, 66, '00:02:09.327', 3),
(4936, 66, '00:01:52.151', 3),
(4937, 66, '00:02:03.753', 3),
(4938, 66, '00:01:59.003', 3),
(4939, 66, '00:01:33.412', 3),
(4940, 66, '00:01:50.294', 3),
(4941, 66, '00:01:57.006', 3),
(4942, 66, '00:02:00.680', 3),
(4943, 66, '00:01:48.241', 3),
(4944, 66, '00:01:57.090', 3),
(4945, 66, '00:01:42.742', 3),
(4946, 66, '00:01:54.747', 3),
(4947, 66, '00:02:05.328', 3),
(4948, 66, '00:01:35.345', 3),
(4949, 66, '00:01:48.407', 3),
(4950, 66, '00:01:45.705', 3),
(4951, 66, '00:01:30.294', 3),
(4952, 66, '00:01:39.936', 3),
(4953, 65, '00:02:05.712', 3),
(4954, 65, '00:01:37.385', 3),
(4955, 65, '00:02:05.593', 3),
(4956, 65, '00:01:56.919', 3),
(4957, 65, '00:01:56.610', 3),
(4958, 65, '00:02:05.305', 3),
(4959, 65, '00:01:45.839', 3),
(4960, 65, '00:01:33.404', 3),
(4961, 65, '00:01:31.415', 3),
(4962, 65, '00:01:35.538', 3),
(4963, 65, '00:01:53.472', 3),
(4964, 65, '00:01:39.574', 3),
(4965, 65, '00:01:39.374', 3),
(4966, 65, '00:02:03.206', 3),
(4967, 65, '00:02:00.164', 3),
(4968, 65, '00:01:34.441', 3),
(4969, 65, '00:01:36.827', 3),
(4970, 65, '00:01:33.812', 3),
(4971, 65, '00:02:10.993', 3),
(4972, 65, '00:01:47.815', 3),
(4973, 65, '00:01:44.582', 3),
(4974, 65, '00:02:09.858', 3),
(4975, 65, '00:01:45.177', 3),
(4976, 65, '00:01:54.471', 3),
(4977, 65, '00:01:50.782', 3),
(4978, 65, '00:01:37.045', 3),
(4979, 65, '00:02:03.012', 3),
(4980, 65, '00:01:49.085', 3),
(4981, 65, '00:02:10.684', 3),
(4982, 65, '00:01:37.923', 3),
(4983, 65, '00:01:54.540', 3),
(4984, 65, '00:02:04.494', 3),
(4985, 65, '00:02:01.910', 3),
(4986, 65, '00:01:45.057', 3),
(4987, 65, '00:01:31.902', 3),
(4988, 65, '00:02:08.594', 3),
(4989, 65, '00:01:33.298', 3),
(4990, 65, '00:02:09.528', 3),
(4991, 65, '00:02:04.595', 3),
(4992, 65, '00:01:36.567', 3),
(4993, 64, '00:01:41.467', 3),
(4994, 64, '00:02:04.714', 3),
(4995, 64, '00:02:06.139', 3),
(4996, 64, '00:01:52.172', 3),
(4997, 64, '00:02:10.367', 3),
(4998, 64, '00:02:09.637', 3),
(4999, 64, '00:01:40.395', 3),
(5000, 64, '00:01:35.635', 3),
(5001, 64, '00:01:56.037', 3),
(5002, 64, '00:02:08.114', 3),
(5003, 64, '00:02:06.465', 3),
(5004, 64, '00:01:33.022', 3),
(5005, 64, '00:02:00.347', 3),
(5006, 64, '00:01:42.416', 3),
(5007, 64, '00:01:58.218', 3),
(5008, 64, '00:02:09.928', 3),
(5009, 64, '00:01:56.642', 3),
(5010, 64, '00:02:09.933', 3),
(5011, 64, '00:01:31.011', 3),
(5012, 64, '00:01:55.782', 3),
(5013, 64, '00:01:44.283', 3),
(5014, 64, '00:02:09.261', 3),
(5015, 64, '00:01:42.584', 3),
(5016, 64, '00:01:36.095', 3),
(5017, 64, '00:01:56.734', 3),
(5018, 64, '00:01:43.201', 3),
(5019, 64, '00:01:46.857', 3),
(5020, 64, '00:01:36.078', 3),
(5021, 64, '00:01:39.886', 3),
(5022, 64, '00:01:45.366', 3),
(5023, 64, '00:01:58.402', 3),
(5024, 64, '00:01:47.586', 3),
(5025, 64, '00:01:57.914', 3),
(5026, 64, '00:02:03.960', 3),
(5027, 64, '00:02:00.397', 3),
(5028, 64, '00:01:40.768', 3),
(5029, 64, '00:02:09.990', 3),
(5030, 64, '00:01:45.717', 3),
(5031, 64, '00:01:49.440', 3),
(5032, 64, '00:02:03.787', 3);

-- --------------------------------------------------------

--
-- Struktura tabulky `event_phase`
--

CREATE TABLE `event_phase` (
  `id` tinyint(4) NOT NULL,
  `phase_name` varchar(16) NOT NULL,
  `result_type` varchar(4) DEFAULT NULL
) ENGINE=InnoDB DEFAULT CHARSET=utf8mb4 COLLATE=utf8mb4_general_ci;

--
-- Vypisuji data pro tabulku `event_phase`
--

INSERT INTO `event_phase` (`id`, `phase_name`, `result_type`) VALUES
(1, 'Trénink', 'MIN'),
(2, 'Kvalifikace', 'MIN'),
(3, 'Závod', 'SUM'),
(4, 'Příprava', NULL),
(5, 'Ukončen', NULL);

-- --------------------------------------------------------

--
-- Struktura tabulky `event_registration`
--

CREATE TABLE `event_registration` (
  `id` smallint(6) NOT NULL,
  `driver_id` smallint(6) NOT NULL,
  `car_id` smallint(5) UNSIGNED NOT NULL,
  `car_category_id` tinyint(4) NOT NULL,
  `car_configuration_id` tinyint(11) DEFAULT NULL,
  `event_id` smallint(6) NOT NULL,
  `dnf` tinyint(1) NOT NULL DEFAULT 0,
  `finished` tinyint(1) NOT NULL DEFAULT 0
) ENGINE=InnoDB DEFAULT CHARSET=utf8mb4 COLLATE=utf8mb4_general_ci;

--
-- Vypisuji data pro tabulku `event_registration`
--

INSERT INTO `event_registration` (`id`, `driver_id`, `car_id`, `car_category_id`, `car_configuration_id`, `event_id`, `dnf`, `finished`) VALUES
(4, 3, 2, 1, 1, 6, 0, 0),
(29, 31, 112, 1, 14, 19, 0, 1),
(30, 129, 112, 2, 15, 19, 0, 1),
(31, 130, 112, 3, 16, 19, 0, 1),
(32, 131, 112, 4, 17, 19, 0, 1),
(33, 132, 112, 5, 18, 19, 0, 1),
(34, 133, 113, 6, 19, 19, 0, 1),
(35, 134, 113, 1, 20, 19, 0, 1),
(36, 135, 113, 2, 21, 19, 1, 1),
(37, 136, 113, 3, 22, 19, 0, 1),
(38, 137, 113, 4, 23, 19, 0, 1),
(39, 138, 114, 5, 24, 19, 0, 1),
(40, 139, 114, 6, 25, 19, 1, 1),
(41, 140, 114, 1, 26, 19, 0, 1),
(42, 141, 114, 2, 27, 19, 0, 1),
(43, 142, 114, 3, 28, 19, 0, 1),
(44, 143, 115, 4, 29, 19, 0, 1),
(45, 144, 115, 5, 30, 19, 0, 1),
(46, 145, 115, 6, 31, 19, 1, 1),
(47, 146, 115, 1, 32, 19, 0, 1),
(48, 147, 115, 2, 33, 19, 0, 1),
(49, 148, 116, 3, 34, 19, 0, 1),
(50, 149, 116, 4, 35, 19, 0, 1),
(51, 150, 116, 5, 36, 19, 0, 1),
(52, 151, 116, 6, 37, 19, 0, 1),
(53, 152, 116, 1, 38, 19, 0, 1),
(54, 153, 117, 2, 39, 19, 0, 1),
(55, 154, 117, 3, 40, 19, 0, 1),
(56, 155, 117, 4, 41, 19, 0, 1),
(57, 156, 117, 5, 42, 19, 0, 1),
(58, 158, 117, 6, 43, 19, 0, 1),
(59, 3, 115, 6, 1, 20, 0, 0),
(60, 3, 115, 6, 1, 21, 0, 1),
(61, 5, 4, 1, NULL, 19, 1, 1),
(62, 161, 123, 1, 44, 19, 0, 0),
(63, 226, 116, 1, 45, 23, 0, 0),
(64, 227, 125, 2, 46, 23, 0, 1),
(65, 228, 113, 3, 47, 23, 0, 1),
(66, 229, 113, 4, 48, 23, 0, 1),
(67, 230, 128, 5, 49, 23, 0, 1),
(68, 231, 128, 6, 50, 23, 0, 1),
(69, 232, 126, 1, 51, 23, 1, 1),
(70, 233, 117, 2, 52, 23, 0, 1),
(71, 234, 113, 3, 53, 23, 1, 1),
(72, 235, 113, 4, 54, 23, 0, 1),
(73, 236, 129, 5, 55, 23, 0, 1),
(74, 237, 117, 6, 56, 23, 0, 1),
(75, 238, 128, 1, 57, 23, 1, 1),
(76, 239, 116, 2, 58, 23, 0, 1),
(77, 240, 114, 3, 59, 23, 0, 1),
(78, 241, 124, 4, 60, 23, 0, 1),
(79, 242, 125, 5, 61, 23, 1, 1),
(80, 243, 130, 6, 62, 23, 0, 1),
(81, 244, 112, 1, 63, 23, 0, 1),
(82, 245, 130, 2, 64, 23, 0, 1),
(83, 246, 113, 3, 65, 23, 1, 1),
(84, 247, 129, 4, 66, 23, 0, 1),
(85, 248, 115, 5, 67, 23, 0, 1),
(86, 249, 127, 6, 68, 23, 0, 1),
(87, 250, 117, 1, 69, 23, 0, 1),
(88, 251, 124, 2, 70, 23, 0, 1),
(89, 252, 117, 3, 71, 23, 0, 1),
(90, 253, 125, 4, 72, 23, 0, 1),
(91, 254, 126, 5, 73, 23, 1, 1),
(92, 255, 112, 6, 74, 23, 1, 1),
(93, 256, 127, 1, 75, 23, 0, 1),
(94, 257, 126, 2, 76, 23, 0, 1),
(95, 258, 124, 3, 77, 23, 0, 1),
(96, 259, 115, 4, 78, 23, 0, 1),
(97, 260, 124, 5, 79, 23, 0, 1),
(98, 261, 124, 6, 80, 23, 0, 1),
(99, 262, 129, 1, 81, 23, 0, 1),
(100, 263, 117, 2, 82, 23, 0, 1),
(101, 264, 114, 3, 83, 23, 0, 1),
(102, 265, 115, 4, 84, 23, 1, 1),
(103, 7, 1, 6, NULL, 24, 0, 0),
(104, 31, 6, 6, NULL, 24, 0, 0),
(105, 132, 116, 6, NULL, 24, 0, 0),
(106, 139, 117, 6, NULL, 24, 0, 0),
(107, 224, 114, 6, 85, 23, 0, 0);

-- --------------------------------------------------------

--
-- Struktura tabulky `event_result`
--

CREATE TABLE `event_result` (
  `id` smallint(6) NOT NULL,
  `event_registration_id` smallint(6) NOT NULL,
  `event_phase_id` tinyint(4) NOT NULL,
  `total_time` varchar(12) NOT NULL,
  `points` tinyint(4) NOT NULL,
  `position` tinyint(4) NOT NULL
) ENGINE=InnoDB DEFAULT CHARSET=utf8mb4 COLLATE=utf8mb4_general_ci;

--
-- Vypisuji data pro tabulku `event_result`
--

INSERT INTO `event_result` (`id`, `event_registration_id`, `event_phase_id`, `total_time`, `points`, `position`) VALUES
(1155, 29, 1, '00:01:30.000', 0, 1),
(1156, 41, 1, '00:01:30.145', 0, 2),
(1157, 53, 1, '00:01:30.237', 0, 3),
(1158, 47, 1, '00:01:31.567', 0, 4),
(1159, 35, 1, '00:01:35.820', 0, 5),
(1160, 42, 1, '00:01:30.188', 0, 1),
(1161, 36, 1, '00:01:30.900', 0, 2),
(1162, 48, 1, '00:01:31.004', 0, 3),
(1163, 54, 1, '00:01:31.977', 0, 4),
(1164, 30, 1, '00:01:32.005', 0, 5),
(1165, 43, 1, '00:01:30.998', 0, 1),
(1166, 37, 1, '00:01:31.042', 0, 2),
(1167, 49, 1, '00:01:31.466', 0, 3),
(1168, 55, 1, '00:01:32.152', 0, 4),
(1169, 31, 1, '00:01:32.963', 0, 5),
(1170, 56, 1, '00:01:30.022', 0, 1),
(1171, 32, 1, '00:01:30.595', 0, 2),
(1172, 44, 1, '00:01:31.020', 0, 3),
(1173, 38, 1, '00:01:31.509', 0, 4),
(1174, 50, 1, '00:01:33.159', 0, 5),
(1175, 39, 1, '00:01:30.276', 0, 1),
(1176, 45, 1, '00:01:30.329', 0, 2),
(1177, 33, 1, '00:01:30.343', 0, 3),
(1178, 57, 1, '00:01:30.961', 0, 4),
(1179, 51, 1, '00:01:31.703', 0, 5),
(1180, 40, 1, '00:01:30.340', 0, 1),
(1181, 52, 1, '00:01:30.666', 0, 2),
(1182, 58, 1, '00:01:30.961', 0, 3),
(1183, 46, 1, '00:01:31.102', 0, 4),
(1184, 34, 1, '00:01:31.149', 0, 5),
(1186, 47, 2, '00:01:30.146', 0, 1),
(1187, 29, 2, '00:01:31.316', 0, 2),
(1188, 41, 2, '00:01:32.107', 0, 3),
(1189, 53, 2, '00:01:32.406', 0, 4),
(1190, 35, 2, '00:01:36.568', 0, 5),
(1191, 42, 2, '00:01:30.481', 0, 1),
(1192, 30, 2, '00:01:30.570', 0, 2),
(1193, 54, 2, '00:01:31.454', 0, 3),
(1194, 36, 2, '00:01:32.216', 0, 4),
(1195, 48, 2, '00:01:33.719', 0, 5),
(1196, 49, 2, '00:01:30.016', 0, 1),
(1197, 31, 2, '00:01:30.768', 0, 2),
(1198, 55, 2, '00:01:31.122', 0, 3),
(1199, 43, 2, '00:01:31.295', 0, 4),
(1200, 37, 2, '00:01:33.966', 0, 5),
(1201, 38, 2, '00:01:30.129', 0, 1),
(1202, 32, 2, '00:01:30.467', 0, 2),
(1203, 44, 2, '00:01:32.132', 0, 3),
(1204, 56, 2, '00:01:32.163', 0, 4),
(1205, 50, 2, '00:01:33.476', 0, 5),
(1206, 57, 2, '00:01:30.056', 0, 1),
(1207, 51, 2, '00:01:30.201', 0, 2),
(1208, 45, 2, '00:01:30.307', 0, 3),
(1209, 33, 2, '00:01:30.696', 0, 4),
(1210, 39, 2, '00:01:31.745', 0, 5),
(1211, 34, 2, '00:01:30.086', 0, 1),
(1212, 46, 2, '00:01:30.147', 0, 2),
(1213, 40, 2, '00:01:30.275', 0, 3),
(1214, 52, 2, '00:01:32.224', 0, 4),
(1215, 58, 2, '00:01:32.536', 0, 5),
(1217, 47, 3, '00:52:30.975', 25, 1),
(1218, 29, 3, '00:54:30.193', 18, 2),
(1219, 53, 3, '00:55:36.897', 15, 3),
(1220, 41, 3, '00:55:49.344', 12, 4),
(1221, 35, 3, '00:55:55.445', 10, 5),
(1222, 30, 3, '00:53:37.542', 25, 1),
(1223, 42, 3, '00:53:44.398', 18, 2),
(1224, 48, 3, '00:56:29.076', 15, 3),
(1225, 54, 3, '00:57:19.774', 12, 4),
(1226, 36, 3, '00:55:47.133', 10, 5),
(1227, 49, 3, '00:55:33.403', 25, 1),
(1228, 43, 3, '00:55:44.686', 18, 2),
(1229, 37, 3, '00:56:22.288', 15, 3),
(1230, 31, 3, '00:56:29.587', 12, 4),
(1231, 55, 3, '00:56:37.361', 10, 5),
(1232, 56, 3, '00:52:37.024', 25, 1),
(1233, 44, 3, '00:53:27.167', 18, 2),
(1234, 38, 3, '00:53:39.726', 15, 3),
(1235, 32, 3, '00:54:18.194', 12, 4),
(1236, 50, 3, '00:54:43.838', 10, 5),
(1237, 33, 3, '00:53:12.112', 25, 1),
(1238, 51, 3, '00:53:36.431', 18, 2),
(1239, 45, 3, '00:54:36.938', 15, 3),
(1240, 57, 3, '00:55:49.900', 12, 4),
(1241, 39, 3, '00:57:19.208', 10, 5),
(1242, 58, 3, '00:54:03.376', 25, 1),
(1243, 52, 3, '00:55:36.522', 18, 2),
(1244, 34, 3, '00:56:39.233', 15, 3),
(1245, 46, 3, '00:53:39.135', 12, 4),
(1246, 40, 3, '00:54:58.548', 10, 5),
(1248, 93, 1, '00:01:33.557', 0, 1),
(1249, 99, 1, '00:01:34.201', 0, 2),
(1250, 69, 1, '00:01:34.528', 0, 3),
(1251, 81, 1, '00:01:34.647', 0, 4),
(1252, 87, 1, '00:01:36.823', 0, 5),
(1253, 75, 1, '00:01:40.830', 0, 6),
(1254, 94, 1, '00:01:31.970', 0, 1),
(1255, 100, 1, '00:01:32.344', 0, 2),
(1256, 82, 1, '00:01:34.444', 0, 3),
(1257, 64, 1, '00:01:34.452', 0, 4),
(1258, 76, 1, '00:01:39.832', 0, 5),
(1259, 88, 1, '00:01:41.888', 0, 6),
(1260, 70, 1, '00:01:47.971', 0, 7),
(1261, 77, 1, '00:01:30.003', 0, 1),
(1262, 65, 1, '00:01:31.102', 0, 2),
(1263, 89, 1, '00:01:32.077', 0, 3),
(1264, 71, 1, '00:01:33.338', 0, 4),
(1265, 83, 1, '00:01:34.213', 0, 5),
(1266, 101, 1, '00:01:34.397', 0, 6),
(1267, 95, 1, '00:01:44.203', 0, 7),
(1268, 96, 1, '00:01:30.321', 0, 1),
(1269, 102, 1, '00:01:30.809', 0, 2),
(1270, 84, 1, '00:01:33.044', 0, 3),
(1271, 72, 1, '00:01:37.050', 0, 4),
(1272, 90, 1, '00:01:37.731', 0, 5),
(1273, 78, 1, '00:01:37.856', 0, 6),
(1274, 66, 1, '00:01:39.174', 0, 7),
(1275, 85, 1, '00:01:30.516', 0, 1),
(1276, 91, 1, '00:01:32.863', 0, 2),
(1277, 79, 1, '00:01:36.655', 0, 3),
(1278, 97, 1, '00:01:37.286', 0, 4),
(1279, 73, 1, '00:01:39.429', 0, 5),
(1280, 67, 1, '00:01:41.612', 0, 6),
(1281, 80, 1, '00:01:30.310', 0, 1),
(1282, 92, 1, '00:01:33.078', 0, 2),
(1283, 74, 1, '00:01:37.578', 0, 3),
(1284, 86, 1, '00:01:37.655', 0, 4),
(1285, 68, 1, '00:01:41.340', 0, 5),
(1286, 98, 1, '00:01:42.703', 0, 6),
(1311, 99, 2, '00:01:30.838', 0, 1),
(1312, 69, 2, '00:01:30.885', 0, 2),
(1313, 93, 2, '00:01:31.150', 0, 3),
(1314, 81, 2, '00:01:32.340', 0, 4),
(1315, 75, 2, '00:01:32.666', 0, 5),
(1316, 87, 2, '00:01:37.813', 0, 6),
(1317, 100, 2, '00:01:30.129', 0, 1),
(1318, 82, 2, '00:01:31.498', 0, 2),
(1319, 76, 2, '00:01:31.523', 0, 3),
(1320, 64, 2, '00:01:32.668', 0, 4),
(1321, 88, 2, '00:01:33.303', 0, 5),
(1322, 70, 2, '00:01:36.391', 0, 6),
(1323, 94, 2, '00:01:44.601', 0, 7),
(1324, 71, 2, '00:01:30.282', 0, 1),
(1325, 89, 2, '00:01:30.608', 0, 2),
(1326, 95, 2, '00:01:30.779', 0, 3),
(1327, 101, 2, '00:01:31.558', 0, 4),
(1328, 65, 2, '00:01:31.865', 0, 5),
(1329, 83, 2, '00:01:32.794', 0, 6),
(1330, 77, 2, '00:01:34.542', 0, 7),
(1331, 78, 2, '00:01:30.846', 0, 1),
(1332, 102, 2, '00:01:31.702', 0, 2),
(1333, 66, 2, '00:01:32.427', 0, 3),
(1334, 90, 2, '00:01:33.129', 0, 4),
(1335, 96, 2, '00:01:38.340', 0, 5),
(1336, 72, 2, '00:01:41.117', 0, 6),
(1337, 84, 2, '00:01:42.955', 0, 7),
(1338, 79, 2, '00:01:31.242', 0, 1),
(1339, 97, 2, '00:01:32.388', 0, 2),
(1340, 91, 2, '00:01:32.600', 0, 3),
(1341, 85, 2, '00:01:33.111', 0, 4),
(1342, 73, 2, '00:01:34.559', 0, 5),
(1343, 67, 2, '00:01:35.430', 0, 6),
(1344, 68, 2, '00:01:32.237', 0, 1),
(1345, 98, 2, '00:01:37.452', 0, 2),
(1346, 92, 2, '00:01:37.975', 0, 3),
(1347, 74, 2, '00:01:39.131', 0, 4),
(1348, 80, 2, '00:01:39.158', 0, 5),
(1349, 86, 2, '00:01:39.270', 0, 6),
(1374, 93, 3, '01:12:39.933', 25, 1),
(1375, 99, 3, '01:12:49.865', 18, 2),
(1376, 81, 3, '01:13:07.254', 15, 3),
(1377, 87, 3, '01:13:17.925', 12, 4),
(1378, 75, 3, '01:13:07.085', 10, 5),
(1379, 69, 3, '01:15:23.600', 0, 6),
(1380, 76, 3, '01:11:39.315', 25, 1),
(1381, 82, 3, '01:12:34.941', 18, 2),
(1382, 88, 3, '01:13:11.100', 15, 3),
(1383, 70, 3, '01:14:04.263', 12, 4),
(1384, 64, 3, '01:15:26.747', 10, 5),
(1385, 100, 3, '01:15:30.401', 0, 6),
(1386, 94, 3, '01:15:42.871', 0, 7),
(1387, 95, 3, '01:12:32.240', 25, 1),
(1388, 77, 3, '01:13:40.833', 18, 2),
(1389, 65, 3, '01:13:46.502', 15, 3),
(1390, 101, 3, '01:14:08.087', 12, 4),
(1391, 89, 3, '01:14:20.871', 10, 5),
(1392, 83, 3, '01:14:09.282', 0, 6),
(1393, 71, 3, '01:15:05.740', 0, 7),
(1394, 90, 3, '01:11:33.243', 25, 1),
(1395, 84, 3, '01:12:28.840', 18, 2),
(1396, 78, 3, '01:13:22.010', 15, 3),
(1397, 66, 3, '01:13:59.287', 12, 4),
(1398, 96, 3, '01:15:32.584', 10, 5),
(1399, 72, 3, '01:15:58.182', 0, 6),
(1400, 102, 3, '01:15:19.363', 0, 7),
(1401, 85, 3, '01:12:25.510', 25, 1),
(1402, 67, 3, '01:13:24.492', 18, 2),
(1403, 97, 3, '01:14:03.501', 15, 3),
(1404, 73, 3, '01:15:59.630', 12, 4),
(1405, 91, 3, '01:13:25.910', 10, 5),
(1406, 79, 3, '01:13:26.148', 0, 6),
(1407, 68, 3, '01:11:53.493', 25, 1),
(1408, 80, 3, '01:13:35.536', 18, 2),
(1409, 98, 3, '01:14:06.181', 15, 3),
(1410, 86, 3, '01:14:16.565', 12, 4),
(1411, 74, 3, '01:15:06.470', 10, 5),
(1412, 92, 3, '01:10:55.554', 0, 6);

-- --------------------------------------------------------

--
-- Struktura tabulky `flags`
--

CREATE TABLE `flags` (
  `id` tinyint(4) NOT NULL,
  `name` varchar(16) NOT NULL,
  `note` varchar(255) DEFAULT NULL
) ENGINE=InnoDB DEFAULT CHARSET=utf8mb4 COLLATE=utf8mb4_unicode_ci;

--
-- Vypisuji data pro tabulku `flags`
--

INSERT INTO `flags` (`id`, `name`, `note`) VALUES
(1, 'Modrá vlajka', 'Nějako se neúčasníš závodu'),
(2, 'Penalizace', 'Ukázková poznámka vlajky');

-- --------------------------------------------------------

--
-- Struktura tabulky `flag_assignments`
--

CREATE TABLE `flag_assignments` (
  `id` int(11) NOT NULL,
  `flag_id` tinyint(4) NOT NULL,
  `event_id` smallint(6) NOT NULL,
  `driver_id` smallint(6) DEFAULT NULL,
  `created_at` datetime DEFAULT current_timestamp(),
  `is_active` tinyint(1) DEFAULT 1
) ENGINE=InnoDB DEFAULT CHARSET=utf8mb4 COLLATE=utf8mb4_unicode_ci;

--
-- Vypisuji data pro tabulku `flag_assignments`
--

INSERT INTO `flag_assignments` (`id`, `flag_id`, `event_id`, `driver_id`, `created_at`, `is_active`) VALUES
(1, 1, 19, 140, '2025-01-12 11:07:11', 0),
(2, 1, 19, NULL, '2025-01-12 11:07:23', 1),
(3, 1, 19, 140, '2025-01-12 11:08:34', 1),
(4, 1, 19, 140, '2025-01-12 11:09:10', 1),
(5, 1, 19, NULL, '2025-01-12 11:09:15', 1),
(6, 1, 20, 3, '2025-01-13 08:32:56', 1);

-- --------------------------------------------------------

--
-- Struktura tabulky `points_definition`
--

CREATE TABLE `points_definition` (
  `id` tinyint(4) NOT NULL,
  `position` tinyint(4) NOT NULL,
  `points` tinyint(4) NOT NULL
) ENGINE=InnoDB DEFAULT CHARSET=utf8mb4 COLLATE=utf8mb4_general_ci;

--
-- Vypisuji data pro tabulku `points_definition`
--

INSERT INTO `points_definition` (`id`, `position`, `points`) VALUES
(1, 1, 25),
(2, 2, 18),
(3, 3, 15),
(4, 4, 12),
(5, 5, 10);

-- --------------------------------------------------------

--
-- Struktura tabulky `racebox`
--

CREATE TABLE `racebox` (
  `id` tinyint(4) NOT NULL,
  `device_id` varchar(64) NOT NULL
) ENGINE=InnoDB DEFAULT CHARSET=utf8mb4 COLLATE=utf8mb4_general_ci;

-- --------------------------------------------------------

--
-- Struktura tabulky `series`
--

CREATE TABLE `series` (
  `id` tinyint(4) NOT NULL,
  `name` varchar(32) NOT NULL,
  `year` year(4) NOT NULL
) ENGINE=InnoDB DEFAULT CHARSET=utf8mb4 COLLATE=utf8mb4_general_ci;

--
-- Vypisuji data pro tabulku `series`
--

INSERT INTO `series` (`id`, `name`, `year`) VALUES
(3, 'Testovací série 1.0', '2024'),
(4, 'Testovací série 2', '2024'),
(5, 'Czech Pískovna Cup', '2024'),
(7, 'Czech Cupp', '2025'),
(8, 'prosim funguj (druhej pokus)', '2025'),
(9, 'BM sprint series 2025', '2025');

--
-- Triggery `series`
--
DELIMITER $$
CREATE TRIGGER `before_delete_series` BEFORE DELETE ON `series` FOR EACH ROW BEGIN
    -- Volání procedury pro smazání všech událostí spojených se sérií
    CALL DeleteSeries(OLD.id);
END
$$
DELIMITER ;

-- --------------------------------------------------------

--
-- Struktura tabulky `users`
--

CREATE TABLE `users` (
  `id` tinyint(4) NOT NULL,
  `username` varchar(64) NOT NULL,
  `password` varchar(128) NOT NULL
) ENGINE=InnoDB DEFAULT CHARSET=utf8mb4 COLLATE=utf8mb4_general_ci;

--
-- Vypisuji data pro tabulku `users`
--

INSERT INTO `users` (`id`, `username`, `password`) VALUES
(3, 'info@bmracing.cz', '$5$rounds=535000$Da/QtFjd0tqQkp8j$4zbdfPX91Pd0simhsa7.GnO8fMcZMAwa7QZ/fuk.gPB');

--
-- Indexy pro exportované tabulky
--

--
-- Indexy pro tabulku `car`
--
ALTER TABLE `car`
  ADD PRIMARY KEY (`id`),
  ADD KEY `fk_car_default_driver` (`default_driver_id`);

--
-- Indexy pro tabulku `car_category`
--
ALTER TABLE `car_category`
  ADD PRIMARY KEY (`id`);

--
-- Indexy pro tabulku `car_configuration`
--
ALTER TABLE `car_configuration`
  ADD PRIMARY KEY (`id`);

--
-- Indexy pro tabulku `driver`
--
ALTER TABLE `driver`
  ADD PRIMARY KEY (`id`),
  ADD UNIQUE KEY `web_user` (`web_user`),
  ADD UNIQUE KEY `number` (`number`),
  ADD KEY `fk_driver_racebox` (`racebox_id`);

--
-- Indexy pro tabulku `event`
--
ALTER TABLE `event`
  ADD PRIMARY KEY (`id`),
  ADD KEY `fk_event_series` (`series_id`),
  ADD KEY `fk_event_event_phase` (`event_phase_id`);

--
-- Indexy pro tabulku `event_lap`
--
ALTER TABLE `event_lap`
  ADD PRIMARY KEY (`id`),
  ADD KEY `fk_event_lap_registration` (`event_registration_id`),
  ADD KEY `fk_event_lap_phase` (`event_phase_id`);

--
-- Indexy pro tabulku `event_phase`
--
ALTER TABLE `event_phase`
  ADD PRIMARY KEY (`id`);

--
-- Indexy pro tabulku `event_registration`
--
ALTER TABLE `event_registration`
  ADD PRIMARY KEY (`id`),
  ADD KEY `fk_event_registration_car` (`car_id`),
  ADD KEY `fk_event_registration_car_category` (`car_category_id`),
  ADD KEY `fk_event_registration_car_configuration` (`car_configuration_id`),
  ADD KEY `fk_event_registration_event` (`event_id`),
  ADD KEY `fk_event_registration_driver` (`driver_id`);

--
-- Indexy pro tabulku `event_result`
--
ALTER TABLE `event_result`
  ADD PRIMARY KEY (`id`),
  ADD KEY `fk_event_result_registration` (`event_registration_id`),
  ADD KEY `fk_event_result_phase` (`event_phase_id`);

--
-- Indexy pro tabulku `flags`
--
ALTER TABLE `flags`
  ADD PRIMARY KEY (`id`);

--
-- Indexy pro tabulku `flag_assignments`
--
ALTER TABLE `flag_assignments`
  ADD PRIMARY KEY (`id`),
  ADD KEY `flag_id` (`flag_id`),
  ADD KEY `event_id` (`event_id`),
  ADD KEY `driver_id` (`driver_id`);

--
-- Indexy pro tabulku `points_definition`
--
ALTER TABLE `points_definition`
  ADD PRIMARY KEY (`id`);

--
-- Indexy pro tabulku `racebox`
--
ALTER TABLE `racebox`
  ADD PRIMARY KEY (`id`);

--
-- Indexy pro tabulku `series`
--
ALTER TABLE `series`
  ADD PRIMARY KEY (`id`);

--
-- Indexy pro tabulku `users`
--
ALTER TABLE `users`
  ADD PRIMARY KEY (`id`);

--
-- AUTO_INCREMENT pro tabulky
--

--
-- AUTO_INCREMENT pro tabulku `car`
--
ALTER TABLE `car`
  MODIFY `id` smallint(5) UNSIGNED NOT NULL AUTO_INCREMENT, AUTO_INCREMENT=131;

--
-- AUTO_INCREMENT pro tabulku `car_category`
--
ALTER TABLE `car_category`
  MODIFY `id` tinyint(4) NOT NULL AUTO_INCREMENT, AUTO_INCREMENT=8;

--
-- AUTO_INCREMENT pro tabulku `car_configuration`
--
ALTER TABLE `car_configuration`
  MODIFY `id` tinyint(11) NOT NULL AUTO_INCREMENT, AUTO_INCREMENT=86;

--
-- AUTO_INCREMENT pro tabulku `driver`
--
ALTER TABLE `driver`
  MODIFY `id` smallint(6) NOT NULL AUTO_INCREMENT, AUTO_INCREMENT=266;

--
-- AUTO_INCREMENT pro tabulku `event`
--
ALTER TABLE `event`
  MODIFY `id` smallint(6) NOT NULL AUTO_INCREMENT, AUTO_INCREMENT=25;

--
-- AUTO_INCREMENT pro tabulku `event_lap`
--
ALTER TABLE `event_lap`
  MODIFY `id` smallint(6) NOT NULL AUTO_INCREMENT, AUTO_INCREMENT=5033;

--
-- AUTO_INCREMENT pro tabulku `event_phase`
--
ALTER TABLE `event_phase`
  MODIFY `id` tinyint(4) NOT NULL AUTO_INCREMENT, AUTO_INCREMENT=7;

--
-- AUTO_INCREMENT pro tabulku `event_registration`
--
ALTER TABLE `event_registration`
  MODIFY `id` smallint(6) NOT NULL AUTO_INCREMENT, AUTO_INCREMENT=108;

--
-- AUTO_INCREMENT pro tabulku `event_result`
--
ALTER TABLE `event_result`
  MODIFY `id` smallint(6) NOT NULL AUTO_INCREMENT, AUTO_INCREMENT=1437;

--
-- AUTO_INCREMENT pro tabulku `flags`
--
ALTER TABLE `flags`
  MODIFY `id` tinyint(4) NOT NULL AUTO_INCREMENT, AUTO_INCREMENT=4;

--
-- AUTO_INCREMENT pro tabulku `flag_assignments`
--
ALTER TABLE `flag_assignments`
  MODIFY `id` int(11) NOT NULL AUTO_INCREMENT, AUTO_INCREMENT=7;

--
-- AUTO_INCREMENT pro tabulku `points_definition`
--
ALTER TABLE `points_definition`
  MODIFY `id` tinyint(4) NOT NULL AUTO_INCREMENT, AUTO_INCREMENT=6;

--
-- AUTO_INCREMENT pro tabulku `racebox`
--
ALTER TABLE `racebox`
  MODIFY `id` tinyint(4) NOT NULL AUTO_INCREMENT, AUTO_INCREMENT=2;

--
-- AUTO_INCREMENT pro tabulku `series`
--
ALTER TABLE `series`
  MODIFY `id` tinyint(4) NOT NULL AUTO_INCREMENT, AUTO_INCREMENT=10;

--
-- AUTO_INCREMENT pro tabulku `users`
--
ALTER TABLE `users`
  MODIFY `id` tinyint(4) NOT NULL AUTO_INCREMENT, AUTO_INCREMENT=7;

--
-- Omezení pro exportované tabulky
--

--
-- Omezení pro tabulku `driver`
--
ALTER TABLE `driver`
  ADD CONSTRAINT `fk_driver_racebox` FOREIGN KEY (`racebox_id`) REFERENCES `racebox` (`id`);

--
-- Omezení pro tabulku `event`
--
ALTER TABLE `event`
  ADD CONSTRAINT `fk_event_event_phase` FOREIGN KEY (`event_phase_id`) REFERENCES `event_phase` (`id`),
  ADD CONSTRAINT `fk_event_series` FOREIGN KEY (`series_id`) REFERENCES `series` (`id`);

--
-- Omezení pro tabulku `event_lap`
--
ALTER TABLE `event_lap`
  ADD CONSTRAINT `fk_event_lap_phase` FOREIGN KEY (`event_phase_id`) REFERENCES `event_phase` (`id`),
  ADD CONSTRAINT `fk_event_lap_registration` FOREIGN KEY (`event_registration_id`) REFERENCES `event_registration` (`id`);

--
-- Omezení pro tabulku `event_registration`
--
ALTER TABLE `event_registration`
  ADD CONSTRAINT `event_registration_ibfk_1` FOREIGN KEY (`driver_id`) REFERENCES `driver` (`id`),
  ADD CONSTRAINT `fk_event_registration_car` FOREIGN KEY (`car_id`) REFERENCES `car` (`id`) ON DELETE CASCADE ON UPDATE CASCADE,
  ADD CONSTRAINT `fk_event_registration_car_category` FOREIGN KEY (`car_category_id`) REFERENCES `car_category` (`id`),
  ADD CONSTRAINT `fk_event_registration_car_configuration` FOREIGN KEY (`car_configuration_id`) REFERENCES `car_configuration` (`id`),
  ADD CONSTRAINT `fk_event_registration_event` FOREIGN KEY (`event_id`) REFERENCES `event` (`id`);

--
-- Omezení pro tabulku `event_result`
--
ALTER TABLE `event_result`
  ADD CONSTRAINT `fk_event_result_phase` FOREIGN KEY (`event_phase_id`) REFERENCES `event_phase` (`id`),
  ADD CONSTRAINT `fk_event_result_registration` FOREIGN KEY (`event_registration_id`) REFERENCES `event_registration` (`id`);

--
-- Omezení pro tabulku `flag_assignments`
--
ALTER TABLE `flag_assignments`
  ADD CONSTRAINT `flag_assignments_ibfk_1` FOREIGN KEY (`flag_id`) REFERENCES `flags` (`id`),
  ADD CONSTRAINT `flag_assignments_ibfk_2` FOREIGN KEY (`event_id`) REFERENCES `event` (`id`),
  ADD CONSTRAINT `flag_assignments_ibfk_3` FOREIGN KEY (`driver_id`) REFERENCES `driver` (`id`);
COMMIT;

/*!40101 SET CHARACTER_SET_CLIENT=@OLD_CHARACTER_SET_CLIENT */;
/*!40101 SET CHARACTER_SET_RESULTS=@OLD_CHARACTER_SET_RESULTS */;
/*!40101 SET COLLATION_CONNECTION=@OLD_COLLATION_CONNECTION */;
